item,decision,note,freq,n_queries,sample_suggestion
고무,신규후보,"고무장갑, 호스. 재활용 표시가 없고 종량제도 아닌 자리",5,2,고무 분리수거 방법
실리콘,신규후보,"실리콘은 플라스틱으로 안 간다. 도마, 주걱, 뚜껑",4,2,실리콘 분리수거 방법
화환,신규후보,"근조화환은 업체 회수, 재사용이다. 조화와 답이 다르다",4,2,화환 처리 방법
규조토 발매트,신규후보,"규조토는 흙, 석고다. 러그(섬유)와 답이 다르다",3,2,규조토 발매트 버리는법
욕조,신규후보,철거 축과 배출 축이 겹쳐 있다. 어느 쪽인지 실측으로 가른다,3,2,욕조 철거 비용
은박비닐,신규후보,택배 보냉 은박봉투. 비닐로 배출하면 안 된다,3,2,은박비닐 분리수거
실리콘식기,신규후보,"그릇(도자기, 불연성 마대)과 답이 갈린다",2,2,실리콘식기 버리는법
아기욕조,신규후보,플라스틱 대형. 종량제냐 대형폐기물이냐가 크기에서 갈린다,2,1,아기욕조 버리는법
동물사체,신규후보,"종량제 금지. 지자체 신고, 동물병원 위탁",1,1,동물사체 버리는법
폐목재,신규후보,가구 목재. 나뭇가지(전지목)와 처리가 다르다,1,1,폐목재 처리 방법
요가매트,별칭확인,러그. 매트 계열 중 등장이 제일 잦다,6,2,요가매트 버리는법
퍼즐매트,별칭확인,범퍼침대,4,2,퍼즐매트 버리는법
놀이매트,별칭확인,범퍼침대,3,2,놀이매트 버리는법
주방 발매트,별칭확인,러그,3,2,주방 발매트 버리는법
전기매트,별칭,전기장판,5,2,전기매트 버리는법
코일매트,별칭,러그,5,2,코일매트 버리는법
롤매트,별칭,러그,4,2,롤매트 버리는법
청소기 배터리,별칭,배터리,4,2,청소기 배터리 버리는 법
eva 슬리퍼,별칭,신발,3,2,eva 슬리퍼 버리는법
나무의자,별칭,의자,3,2,나무의자 버리는법
아기 장난감,별칭,장난감,3,2,아기 장난감 버리는 법
이불패드,별칭,이불,3,2,이불패드 버리는법
주방가위,별칭,가위,3,2,주방가위 버리는법
차량 매트,별칭,러그,3,2,차량 매트 분리수거
침대 패드,별칭,이불,3,2,침대 패드 버리는 방법
화장실 슬리퍼,별칭,신발,3,2,화장실 슬리퍼 분리수거
대형화분,별칭,화분,2,2,대형화분 버리는법
아이스겔,별칭,아이스팩,2,2,아이스겔 처리방법
욕실슬리퍼,별칭,신발,2,2,욕실슬리퍼 분리수거
은박 보냉팩,별칭,보냉가방,2,2,은박 보냉팩 분리수거
은박접시,별칭,호일,2,2,은박접시 분리수거
주방용 칼,별칭,가위,2,2,주방용 칼 버리는법
차량 발매트,별칭,러그,2,2,차량 발매트 버리는 방법
초고추장,별칭,된장 고추장,2,2,초고추장 버리는법
타일카페트,별칭,러그,2,2,타일카페트 버리는법
동물 사체,별칭,동물사체 표기변형,1,1,동물 사체 처리 방법
사기접시,별칭,그릇,1,1,사기접시 버리는 방법
욕실 슬리퍼,별칭,신발,1,1,욕실 슬리퍼 분리수거 방법
침대패드,별칭,이불,1,1,침대패드 분리수거
소형가전,가이드축,pyegajeon-musang-sugeo,7,3,소형가전 무료수거
폐가전,가이드축,pyegajeon-musang-sugeo,7,4,폐가전무상수거
가전제품,가이드축,pyegajeon-musang-sugeo,5,3,가전제품 무상수거
가전,가이드축,pyegajeon-musang-sugeo,4,3,가전무상수거
전자제품,가이드축,pyegajeon-musang-sugeo,4,2,전자제품 무료수거
헌책,가이드축,방문수거. 받는 가이드가 아직 없다,4,2,헌책방문수거
대형가전,가이드축,pyegajeon-musang-sugeo,3,3,대형가전 무상수거
폐가구,가이드축,pyegagu-mulyo-sugeo,3,3,폐가구 무료수거
고장난 냉장고,가이드축,pyegajeon-musang-sugeo,2,2,고장난 냉장고 무상수거
대형가구,가이드축,pyegagu-mulyo-sugeo,2,2,대형가구 무상수거
냉장고 무상,가이드축,pyegajeon-musang-sugeo,1,1,냉장고 무상 수거 신청
세탁기 무상,가이드축,pyegajeon-musang-sugeo,1,1,세탁기 무상 수거 신청 방법
소형 전자제품,가이드축,pyegajeon-musang-sugeo,1,1,소형 전자제품 버리는법
소화기 무상,가이드축,pyegajeon-musang-sugeo,1,1,소화기 무상수거 신청 방법
쇼파 무상,가이드축,pyegagu-mulyo-sugeo,1,1,쇼파 무상 수거 신청 방법
페가전,가이드축,오타. pyegajeon-musang-sugeo,1,1,페가전 수거 신청
폐가전 무료,가이드축,pyegajeon-musang-sugeo,1,1,폐가전 무료수거 신청
폐가전 무상,가이드축,pyegajeon-musang-sugeo,1,1,폐가전 무상수거 신청
폐가전 방문,가이드축,pyegajeon-musang-sugeo,1,1,폐가전 방문수거 신청
폐가전제품,가이드축,pyegajeon-musang-sugeo,1,1,폐가전제품 무상수거
헌옷 기부,가이드축,방문수거. 받는 가이드가 아직 없다,1,1,헌옷 기부 방문수거
가구,총칭,분류 이름,8,4,가구 버리는 방법
음식물쓰레기,총칭,분류 이름,6,1,음식물쓰레기 버리는법
생활폐기물,총칭,분류 이름,4,2,생활폐기물 분리배출
대형 폐기물,총칭,daehyeong-pyegimul-singo 가 받는다,2,2,대형 폐기물 수거 신청
종량제봉투,총칭,봉투 자체는 품목이 아니다,2,2,종량제봉투 버리는 곳
가구 분리,총칭,분류 이름,1,1,가구 분리수거 신청방법
대형폐기물,총칭,daehyeong-pyegimul-singo 가 받는다,1,1,대형폐기물 버리는법 아파트
음식물 쓰레기,총칭,분류 이름,1,1,음식물 쓰레기 버리는법 스티커
페기물,총칭,오타,1,1,페기물 수거 신청
냉장고 음식물,조합어,"냉장고, 김치",3,2,냉장고 음식물 처리 방법
이불 배게,조합어,"이불, 베개",3,2,이불 배게 버리는 법
칼 가위,조합어,가위,3,2,칼 가위 버리는법
이불 분리수거,조합어,이불,2,2,이불 분리수거 버리는법
인형 분리수거,조합어,인형,2,2,인형 분리수거 버리는법
칼 분리수거,조합어,가위,2,2,칼 분리수거 버리는법
갈비뼈 음식물,조합어,갈비뼈,1,1,갈비뼈 음식물 처리방법
김치 음식물,조합어,김치,1,1,김치 음식물 처리방법
티백음식물,조합어,티백,1,1,티백음식물처리방법
관악구,B층폐기,지자체명,5,2,관악구 대형폐기물
은평구,B층폐기,지자체명,4,2,은평구 대형폐기물
부천,B층폐기,지자체명,3,2,부천 대형폐기물 신고
부천시,B층폐기,지자체명,3,2,부천시 대형폐기물
송파구 이불,B층폐기,지자체 x 발행품목,3,2,송파구 이불 버리는법
관악구 소형가전,B층폐기,지자체 x 총칭,2,2,관악구 소형가전 버리는 법
대구 헌옷,B층폐기,지자체 x 발행품목,1,1,대구 헌옷방문수거
인천 이불,B층폐기,지자체 x 발행품목,1,1,인천 이불 버리는 방법
밧드야,범위밖,품목이 아니다,11,2,밧드야 분리수거
간판,범위밖,건축 철거,3,2,간판철거비용
가벽,범위밖,건축 철거,2,2,가벽 철거 비용
마루,범위밖,건축 철거,2,2,마루철거비용
상가,범위밖,건축 철거,2,2,상가 철거비용
택배,범위밖,배송,2,2,택배 방문수거
경동택배,범위밖,배송,1,1,경동택배 방문수거
산재,범위밖,'처리방법' 어미가 물어온 행정 절차,1,1,산재처리방법
시골집,범위밖,건축 철거,1,1,시골집 철거비용
우체국,범위밖,배송,1,1,우체국 방문수거
우체국 방문,범위밖,배송,1,1,우체국 방문수거 신청
재사용,범위밖,재사용 종량제봉투. 봉투 정책이지 품목이 아니다,1,1,재사용 종량제봉투
직원 퇴사,범위밖,'처리방법' 어미가 물어온 행정 절차,1,1,직원 퇴사처리방법
회사 산재,범위밖,'처리방법' 어미가 물어온 행정 절차,1,1,회사 산재처리 방법
