query,head,freq,n_queries,seeds
폐기물 스티커 가격표,폐기물 스티커,2,1,폐기물 스티커
폐기물 스티커 파는곳,폐기물 스티커,2,1,폐기물 스티커
폐기물 스티커,폐기물 스티커,1,1,폐기물 스티커
폐기물 스티커 가격,폐기물 스티커,1,1,폐기물 스티커
폐기물 스티커 규격 재는법,폐기물 스티커,1,1,폐기물 스티커
폐기물 스티커 기준,폐기물 스티커,1,1,폐기물 스티커
폐기물 스티커 방법,폐기물 스티커,1,1,폐기물 스티커
폐기물 스티커 비용,폐기물 스티커,1,1,폐기물 스티커
폐기물 스티커 신청,폐기물 스티커,1,1,폐기물 스티커
폐기물 스티커 어디서,폐기물 스티커,1,1,폐기물 스티커
폐기물 스티커 인터넷,폐기물 스티커,1,1,폐기물 스티커
폐기물 스티커 종류,폐기물 스티커,1,1,폐기물 스티커
폐기물 스티커 종류 가격,폐기물 스티커,1,1,폐기물 스티커
폐기물 스티커 파는곳 검색,폐기물 스티커,1,1,폐기물 스티커
폐기물 스티커 파는곳 다이소,폐기물 스티커,1,1,폐기물 스티커
폐기물 스티커 파는곳 부천,폐기물 스티커,1,1,폐기물 스티커
폐기물 스티커 파는곳 수원,폐기물 스티커,1,1,폐기물 스티커
폐기물 스티커 파는곳 조회,폐기물 스티커,1,1,폐기물 스티커
폐기물 스티커 파는곳 편의점,폐기물 스티커,1,1,폐기물 스티커
폐기물 스티커 편의점,폐기물 스티커,1,1,폐기물 스티커
폐기물 스티커 환불,폐기물 스티커,1,1,폐기물 스티커
폐기물 스티커 환불 절차,폐기물 스티커,1,1,폐기물 스티커
쓰레기 무단투기,쓰레기 무단투기,1,1,쓰레기 무단투기
쓰레기 무단투기 경고문,쓰레기 무단투기,1,1,쓰레기 무단투기
쓰레기 무단투기 고발,쓰레기 무단투기,1,1,쓰레기 무단투기
쓰레기 무단투기 과태료 고지서,쓰레기 무단투기,1,1,쓰레기 무단투기
쓰레기 무단투기 과태료 납부,쓰레기 무단투기,1,1,쓰레기 무단투기
쓰레기 무단투기 과태료 납부 방법,쓰레기 무단투기,1,1,쓰레기 무단투기
쓰레기 무단투기 과태료 조회,쓰레기 무단투기,1,1,쓰레기 무단투기
쓰레기 무단투기 과태료 통지서,쓰레기 무단투기,1,1,쓰레기 무단투기
쓰레기 무단투기 단속,쓰레기 무단투기,1,1,쓰레기 무단투기
쓰레기 무단투기 벌금,쓰레기 무단투기,1,1,쓰레기 무단투기
쓰레기 무단투기 사례,쓰레기 무단투기,1,1,쓰레기 무단투기
쓰레기 무단투기 신고,쓰레기 무단투기,1,1,쓰레기 무단투기
쓰레기 무단투기 신고하기,쓰레기 무단투기,1,1,쓰레기 무단투기
쓰레기 무단투기 카메라,쓰레기 무단투기,1,1,쓰레기 무단투기
쓰레기 무단투기 포상금,쓰레기 무단투기,1,1,쓰레기 무단투기
대형폐기물 스티커 파는곳,대형폐기물 스티커,3,2,대형폐기물 스티커|폐기물 스티커
대형폐기물 스티커,대형폐기물 스티커,2,2,대형폐기물 스티커|폐기물 스티커
대형폐기물 스티커 가격,대형폐기물 스티커,2,1,대형폐기물 스티커
대형폐기물 스티커 가격표,대형폐기물 스티커,2,2,대형폐기물 스티커|폐기물 스티커
대형폐기물 스티커 편의점,대형폐기물 스티커,2,2,대형폐기물 스티커|폐기물 스티커
대형폐기물 스티커 가격 기준,대형폐기물 스티커,1,1,대형폐기물 스티커
대형폐기물 스티커 가격표 수원,대형폐기물 스티커,1,1,대형폐기물 스티커
대형폐기물 스티커 기준,대형폐기물 스티커,1,1,대형폐기물 스티커
대형폐기물 스티커 방법,대형폐기물 스티커,1,1,대형폐기물 스티커
대형폐기물 스티커 신청,대형폐기물 스티커,1,1,대형폐기물 스티커
대형폐기물 스티커 환불,대형폐기물 스티커,1,1,대형폐기물 스티커
대형 폐기물 수거 신청,대형 폐기물,1,1,수거 신청
대형 폐기물 수수료,대형 폐기물,1,1,대형폐기물 수수료
대형 폐기물 수수료 기준,대형 폐기물,1,1,대형폐기물 수수료
대형 폐기물 스티커 가격,대형 폐기물,1,1,폐기물 스티커
대형 폐기물 스티커 비용,대형 폐기물,1,1,대형폐기물 스티커
대형 폐기물 스티커 어디서,대형 폐기물,1,1,대형폐기물 스티커
대형 폐기물 스티커 종류,대형 폐기물,1,1,대형폐기물 스티커
대형 폐기물 신청,대형 폐기물,1,1,대형 폐기물
음식물쓰레기 봉투,음식물쓰레기 봉투,1,1,음식물쓰레기 봉투
음식물쓰레기 봉투 구매하는 법,음식물쓰레기 봉투,1,1,음식물쓰레기 봉투
음식물쓰레기 봉투 몇리터,음식물쓰레기 봉투,1,1,음식물쓰레기 봉투
음식물쓰레기 봉투 묶음 갯수,음식물쓰레기 봉투,1,1,음식물쓰레기 봉투
음식물쓰레기 봉투 버리는,음식물쓰레기 봉투,1,1,음식물쓰레기 봉투
음식물쓰레기 봉투 벌금,음식물쓰레기 봉투,1,1,음식물쓰레기 봉투
음식물쓰레기 봉투 사이즈,음식물쓰레기 봉투,1,1,음식물쓰레기 봉투
음식물쓰레기 봉투 색,음식물쓰레기 봉투,1,1,음식물쓰레기 봉투
종량제 봉투 가격,종량제 봉투,1,1,종량제 봉투 가격
종량제 봉투 가격 10리터,종량제 봉투,1,1,종량제 봉투 가격
종량제 봉투 가격 인상,종량제 봉투,1,1,종량제 봉투 가격
종량제 봉투 가격 확인,종량제 봉투,1,1,종량제 봉투 가격
종량제 봉투 규격 가격,종량제 봉투,1,1,종량제봉투
종량제 봉투 규격 종류,종량제 봉투,1,1,종량제봉투
종량제 봉투 사이즈,종량제 봉투,1,1,종량제봉투
종량제 봉투 종류 가격,종량제 봉투,1,1,종량제봉투
쓰레기 과태료,쓰레기 과태료,1,1,쓰레기 과태료
쓰레기 과태료 고지서,쓰레기 과태료,1,1,쓰레기 과태료
쓰레기 과태료 등기,쓰레기 과태료,1,1,쓰레기 과태료
쓰레기 과태료 안내면,쓰레기 과태료,1,1,쓰레기 과태료
쓰레기 과태료 이의신청,쓰레기 과태료,1,1,쓰레기 과태료
쓰레기 과태료 조회,쓰레기 과태료,1,1,쓰레기 과태료
쓰레기 과태료 후기,쓰레기 과태료,1,1,쓰레기 과태료
아파트 분리수거 방법,아파트 분리수거,2,1,아파트 분리수거
아파트 분리수거 시간,아파트 분리수거,2,1,아파트 분리수거
아파트 분리수거,아파트 분리수거,1,1,아파트 분리수거
아파트 분리수거 과태료,아파트 분리수거,1,1,아파트 분리수거
아파트 분리수거 날짜,아파트 분리수거,1,1,아파트 분리수거
아파트 분리수거 비닐,아파트 분리수거,1,1,아파트 분리수거
아파트 분리수거 비용,아파트 분리수거,1,1,아파트 분리수거
음식물 종량제 가격,음식물 종량제,2,1,음식물 종량제
음식물 종량제 봉투 가격,음식물 종량제,2,2,음식물 종량제|음식물 종량제봉투
음식물 종량제,음식물 종량제,1,1,음식물 종량제
음식물 종량제 봉투 사이즈,음식물 종량제,1,1,음식물 종량제
음식물 종량제 봉투 편의점,음식물 종량제,1,1,음식물 종량제
음식물 종량제 사이즈,음식물 종량제,1,1,음식물 종량제
음식물 종량제 카드,음식물 종량제,1,1,음식물 종량제
재활용 봉투 가격,재활용 봉투,2,1,재활용 봉투
재활용 봉투,재활용 봉투,1,1,재활용 봉투
재활용 봉투 50리터,재활용 봉투,1,1,재활용 봉투
재활용 봉투 거치대,재활용 봉투,1,1,재활용 봉투
재활용 봉투 분리수거,재활용 봉투,1,1,재활용 봉투
재활용 봉투 사이즈,재활용 봉투,1,1,재활용 봉투
재활용 봉투 색깔 차이,재활용 봉투,1,1,재활용 봉투
종량제봉투 파는곳,종량제봉투 파는곳,2,1,종량제봉투
종량제봉투 파는곳 김포,종량제봉투 파는곳,1,1,종량제봉투
종량제봉투 파는곳 동탄,종량제봉투 파는곳,1,1,종량제봉투
종량제봉투 파는곳 마트,종량제봉투 파는곳,1,1,종량제봉투
종량제봉투 파는곳 온라인,종량제봉투 파는곳,1,1,종량제봉투
종량제봉투 파는곳 파주,종량제봉투 파는곳,1,1,종량제봉투
종량제봉투 파는곳 편의점,종량제봉투 파는곳,1,1,종량제봉투
쓰레기봉투 50리터 가격,쓰레기봉투 50리터,2,2,쓰레기봉투|쓰레기봉투 50리터
쓰레기봉투 50리터 가격 부천,쓰레기봉투 50리터,1,1,쓰레기봉투 50리터
쓰레기봉투 50리터 가격 용인,쓰레기봉투 50리터,1,1,쓰레기봉투 50리터
쓰레기봉투 50리터 가격 창원,쓰레기봉투 50리터,1,1,쓰레기봉투 50리터
쓰레기봉투 50리터 가격 천안,쓰레기봉투 50리터,1,1,쓰레기봉투 50리터
쓰레기봉투 50리터 가격 편의점,쓰레기봉투 50리터,1,1,쓰레기봉투 50리터
원룸 쓰레기,원룸 쓰레기,1,1,원룸 쓰레기
원룸 쓰레기 배출,원룸 쓰레기,1,1,원룸 쓰레기
원룸 쓰레기 배출 방법,원룸 쓰레기,1,1,원룸 쓰레기
원룸 쓰레기 분리,원룸 쓰레기,1,1,원룸 쓰레기
원룸 쓰레기 청소 비용,원룸 쓰레기,1,1,원룸 쓰레기
음식물쓰레기봉투 가격,음식물쓰레기봉투 가격,2,2,쓰레기봉투|음식물쓰레기 봉투
음식물쓰레기봉투 가격 1리터,음식물쓰레기봉투 가격,1,1,음식물쓰레기 봉투
음식물쓰레기봉투 가격 2리터,음식물쓰레기봉투 가격,1,1,음식물쓰레기 봉투
음식물쓰레기봉투 가격 3리터,음식물쓰레기봉투 가격,1,1,음식물쓰레기 봉투
음식물쓰레기봉투 가격 5리터,음식물쓰레기봉투 가격,1,1,음식물쓰레기 봉투
이사 쓰레기 비용,이사 쓰레기,2,1,이사 쓰레기
이사 쓰레기,이사 쓰레기,1,1,이사 쓰레기
이사 쓰레기 배출,이사 쓰레기,1,1,이사 쓰레기
이사 쓰레기 버리기,이사 쓰레기,1,1,이사 쓰레기
이사 쓰레기 버리는 법,이사 쓰레기,1,1,이사 쓰레기
50l 종량제 가격,50l 종량제,1,1,50l 종량제
50l 종량제 가격 수원,50l 종량제,1,1,50l 종량제
50l 종량제 가격 청주,50l 종량제,1,1,50l 종량제
50l 종량제 봉투 가격,50l 종량제,1,1,종량제 봉투 가격
50리터 종량제 가격,50리터 종량제,1,1,50리터 종량제
50리터 종량제 가격 창원,50리터 종량제,1,1,50리터 종량제
50리터 종량제 가격 평택,50리터 종량제,1,1,50리터 종량제
50리터 종량제 봉투 가격,50리터 종량제,1,1,종량제 봉투 가격
쓰레기봉투 20리터,쓰레기봉투 20리터,1,1,쓰레기봉투
쓰레기봉투 20리터 가격,쓰레기봉투 20리터,1,1,쓰레기봉투 20리터
쓰레기봉투 20리터 가격 안양,쓰레기봉투 20리터,1,1,쓰레기봉투 20리터
쓰레기봉투 20리터 가격 창원,쓰레기봉투 20리터,1,1,쓰레기봉투 20리터
쓰레기봉투 규격 가격,쓰레기봉투 규격,2,2,쓰레기봉투|쓰레기봉투 규격
쓰레기봉투 규격,쓰레기봉투 규격,1,1,쓰레기봉투
쓰레기봉투 규격 비교,쓰레기봉투 규격,1,1,쓰레기봉투
쓰레기봉투 규격 사이즈,쓰레기봉투 규격,1,1,쓰레기봉투
이사 쓰레기봉투,이사 쓰레기봉투,1,1,이사 쓰레기
이사 쓰레기봉투 75리터,이사 쓰레기봉투,1,1,이사 쓰레기
이사 쓰레기봉투 교환,이사 쓰레기봉투,1,1,이사 쓰레기
이사 쓰레기봉투 환불,이사 쓰레기봉투,1,1,이사 쓰레기
헌책 수거 가격,헌책 수거,2,1,헌책 수거
헌책 수거,헌책 수거,1,1,헌책 수거
헌책 수거 업체,헌책 수거,1,1,헌책 수거
헌책 수거 판매,헌책 수거,1,1,헌책 수거
경동택배 방문수거 신청,경동택배 방문수거,2,2,경동택배 방문수거|방문수거
경동택배 방문수거,경동택배 방문수거,1,1,방문수거
경동택배 방문수거 방법,경동택배 방문수거,1,1,경동택배 방문수거
공사장 폐기물 마대자루,공사장 폐기물,1,1,공사장 폐기물
공사장 폐기물 배출방법,공사장 폐기물,1,1,공사장 폐기물
공사장 폐기물 재활용,공사장 폐기물,1,1,공사장 폐기물
대형폐기물 신고,대형폐기물 신고,1,1,폐기물 신고
대형폐기물 신고 가격,대형폐기물 신고,1,1,대형폐기물 신고
대형폐기물 신고 방법,대형폐기물 신고,1,1,대형폐기물 신고
부천 대형폐기물 가격표,부천 대형폐기물,1,1,부천 대형폐기물
부천 대형폐기물 신고,부천 대형폐기물,1,1,폐기물 신고
부천 대형폐기물 신청,부천 대형폐기물,1,1,부천 대형폐기물
수원 대형폐기물 가격,수원 대형폐기물,1,1,수원 대형폐기물
수원 대형폐기물 가격표,수원 대형폐기물,1,1,수원 대형폐기물
수원 대형폐기물 스티커,수원 대형폐기물,1,1,대형폐기물 스티커
쓰레기 분리배출,쓰레기 분리배출,1,1,분리배출
쓰레기 분리배출 방법,쓰레기 분리배출,1,1,쓰레기 분리배출
쓰레기 분리배출 종류,쓰레기 분리배출,1,1,분리배출
쓰레기봉투 종류 가격,쓰레기봉투 종류,2,2,쓰레기봉투|쓰레기봉투 종류
쓰레기봉투 종류,쓰레기봉투 종류,1,1,쓰레기봉투
쓰레기봉투 종류 크기,쓰레기봉투 종류,1,1,쓰레기봉투
아파트 분리수거장,아파트 분리수거장,1,1,아파트 분리수거
아파트 분리수거장 가격,아파트 분리수거장,1,1,아파트 분리수거장
아파트 분리수거장 설치,아파트 분리수거장,1,1,아파트 분리수거
우체국 방문수거 신청,우체국 방문수거,3,3,방문수거|수거 신청|우체국 방문수거
우체국 방문수거,우체국 방문수거,1,1,방문수거
우체국 방문수거 가격,우체국 방문수거,1,1,우체국 방문수거
음식물 종량제봉투,음식물 종량제봉투,2,2,음식물 종량제|종량제봉투
음식물 종량제봉투 1리터,음식물 종량제봉투,1,1,음식물 종량제
음식물 종량제봉투 용량,음식물 종량제봉투,1,1,음식물 종량제
음식물쓰레기봉투 파는곳,음식물쓰레기봉투 파는곳,3,2,쓰레기봉투|음식물쓰레기 봉투
음식물쓰레기봉투 파는곳 검색,음식물쓰레기봉투 파는곳,1,1,음식물쓰레기 봉투
음식물쓰레기봉투 파는곳 편의점,음식물쓰레기봉투 파는곳,1,1,음식물쓰레기 봉투
폐기물 신고,폐기물 신고,1,1,폐기물 신고
폐기물 신고 가격,폐기물 신고,1,1,폐기물 신고
폐기물 신고 방법,폐기물 신고,1,1,폐기물 신고
가전제품 무료수거,가전제품 무료수거,1,1,무료수거
가전제품 무료수거 신청,가전제품 무료수거,1,1,가전제품 무료수거
부천 폐기물 신고,부천 폐기물,1,1,폐기물 신고
부천 폐기물 신청,부천 폐기물,1,1,부천 폐기물
분리배출 스티커,분리배출 스티커,1,1,분리배출
분리배출 스티커 가격,분리배출 스티커,1,1,분리배출 스티커
불연성 쓰레기봉투,불연성 쓰레기봉투,1,1,쓰레기봉투
불연성 쓰레기봉투 가격,불연성 쓰레기봉투,1,1,불연성 쓰레기봉투
생활폐기물 신고,생활폐기물 신고,1,1,폐기물 신고
생활폐기물 신고 방법,생활폐기물 신고,1,1,생활폐기물 신고
수원 폐기물 가격,수원 폐기물,1,1,수원 폐기물
수원 폐기물 스티커 가격표,수원 폐기물,1,1,폐기물 스티커
쓰레기 종량제 가격,쓰레기 종량제,1,1,쓰레기 종량제
쓰레기 종량제 봉투 가격,쓰레기 종량제,1,1,종량제 봉투 가격
쓰레기봉투 100리터,쓰레기봉투 100리터,1,1,쓰레기봉투
쓰레기봉투 100리터 가격,쓰레기봉투 100리터,1,1,쓰레기봉투 100리터
쓰레기봉투 사이즈,쓰레기봉투 사이즈,1,1,쓰레기봉투
쓰레기봉투 사이즈 가격,쓰레기봉투 사이즈,1,1,쓰레기봉투 사이즈
쓰레기봉투 파는곳,쓰레기봉투 파는곳,1,1,쓰레기봉투
쓰레기봉투 파는곳 편의점,쓰레기봉투 파는곳,1,1,쓰레기봉투
원룸 쓰레기통,원룸 쓰레기통,1,1,원룸 쓰레기
원룸 쓰레기통 배치방법,원룸 쓰레기통,1,1,원룸 쓰레기
이사할때 쓰레기,이사할때 쓰레기,1,1,이사할 때 쓰레기
이사할때 쓰레기 버리기,이사할때 쓰레기,1,1,이사할 때 쓰레기
종량제봉투 과태료,종량제봉투 과태료,1,1,종량제봉투
종량제봉투 과태료 대상,종량제봉투 과태료,1,1,종량제봉투
종량제봉투 규격,종량제봉투 규격,1,1,종량제봉투
종량제봉투 규격 사이즈,종량제봉투 규격,1,1,종량제봉투
종량제봉투 종류,종량제봉투 종류,1,1,종량제봉투
종량제봉투 종류 수원,종량제봉투 종류,1,1,종량제봉투
종량제봉투 환불,종량제봉투 환불,1,1,종량제봉투
종량제봉투 환불 동사무소,종량제봉투 환불,1,1,종량제봉투
편의점 쓰레기봉투,편의점 쓰레기봉투,1,1,쓰레기봉투
편의점 쓰레기봉투 가격,편의점 쓰레기봉투,1,1,쓰레기봉투
폐가전 무료수거,폐가전 무료수거,1,1,무료수거
폐가전 무료수거 신청,폐가전 무료수거,1,1,수거 신청
100리터 쓰레기봉투 가격,100리터 쓰레기봉투,2,2,100리터 쓰레기봉투|쓰레기봉투
20l 쓰레기봉투 가격,20l 쓰레기봉투,2,2,20l 쓰레기봉투|쓰레기봉투
PP마대,PP마대,1,1,마대
pe폼 분리배출,pe폼 분리배출,1,1,분리배출
pp마대 가격,pp마대 가격,1,1,PP마대
가구재활용센터,가구재활용센터,1,1,재활용센터
가전 무료수거,가전 무료수거,1,1,무료수거
가전무상수거,가전무상수거,1,1,무상수거
가전제품 무상수거,가전제품 무상수거,1,1,무상수거
고물상,고물상,1,1,고물상
고물상 가격,고물상 가격,1,1,고물상
고물상 비용,고물상 비용,1,1,고물상
고물상 시간,고물상 시간,1,1,고물상
고물상 자전거 가격,고물상 자전거,1,1,고물상자전거
고물상 창업 방법,고물상 창업,1,1,고물상창업
고물상 헌옷 가격,고물상 헌옷,1,1,고물상헌옷
고물상수입,고물상수입,1,1,고물상
고물상자전거,고물상자전거,1,1,고물상
고물상창업,고물상창업,1,1,고물상
고물상헌옷,고물상헌옷,1,1,고물상
고물상헌옷가격키로,고물상헌옷가격키로,1,1,고물상헌옷
구리 고물상 가격,구리 고물상,2,2,고물상|구리 고물상
구미 대형폐기물 가격표,구미 대형폐기물,1,1,대형 폐기물
근처 의류수거함,근처 의류수거함,1,1,의류수거함
다이소 재활용 봉투,다이소 재활용,1,1,재활용 봉투
대청소 쓰레기버리는방법,대청소 쓰레기버리는방법,1,1,대청소 쓰레기
대형가전 무상수거,대형가전 무상수거,1,1,무상수거
대형폐기물 가격,대형폐기물 가격,1,1,대형 폐기물
대형폐기물 가격표,대형폐기물 가격표,1,1,대형 폐기물
대형폐기물 방법,대형폐기물 방법,1,1,대형 폐기물
대형폐기물 수수료 결제방법,대형폐기물 수수료,1,1,대형폐기물 수수료
마대,마대,1,1,마대
마대 가격,마대 가격,1,1,마대
마대 규격,마대 규격,1,1,마대
마대 비용,마대 비용,1,1,마대
마대 종류,마대 종류,1,1,마대
마대 파는곳,마대 파는곳,1,1,마대
마대걸레,마대걸레,1,1,마대
마대자루,마대자루,1,1,마대
마대자루 가격,마대자루 가격,1,1,마대자루
마대포대,마대포대,1,1,마대
무료수거,무료수거,1,1,무료수거
무상수거,무상수거,1,1,무상수거
방문수거 비용,방문수거 비용,1,1,방문수거
분리배출,분리배출,1,1,분리배출
분리배출 과태료,분리배출 과태료,1,1,분리배출
분리배출 누리집,분리배출 누리집,1,1,분리배출
분리배출 방법,분리배출 방법,1,1,분리배출
분리배출 요일,분리배출 요일,1,1,분리배출
분리배출 종류,분리배출 종류,1,1,분리배출
분리배출 표시제도,분리배출 표시제도,1,1,분리배출 표시
분리배출kr,분리배출kr,1,1,분리배출
분리수거 요일,분리수거 요일,1,1,분리수거 요일
분리수거 요일제,분리수거 요일제,1,1,분리수거 요일
불법 쓰레기 과태료,불법 쓰레기,1,1,쓰레기 과태료
불연성 마대자루 가격,불연성 마대자루,1,1,마대자루
불연성마대 가격,불연성마대 가격,1,1,마대
생활쓰레기 과태료,생활쓰레기 과태료,1,1,쓰레기 과태료
서귀포 대형폐기물 신청,서귀포 대형폐기물,1,1,대형 폐기물
서대문 대형폐기물 신청,서대문 대형폐기물,1,1,대형 폐기물
소형가전 무료수거,소형가전 무료수거,1,1,무료수거
수거 신청,수거 신청,1,1,수거 신청
수거신청 뜻,수거신청 뜻,1,1,수거 신청
순천 대형폐기물 신청,순천 대형폐기물,1,1,대형 폐기물
쓰레기 무단 투기 과태료,쓰레기 무단,1,1,쓰레기 무단투기
쓰레기 버리는 시간,쓰레기 버리는,1,1,쓰레기 버리는 시간
쓰레기 봉투 방법,쓰레기 봉투,1,1,쓰레기봉투
쓰레기봉투,쓰레기봉투,1,1,쓰레기봉투
쓰레기봉투 가격,쓰레기봉투 가격,2,1,쓰레기봉투
쓰레기봉투 과태료,쓰레기봉투 과태료,1,1,쓰레기봉투
쓰레기봉투 비용,쓰레기봉투 비용,1,1,쓰레기봉투
쓰레기봉투 어디서,쓰레기봉투 어디서,1,1,쓰레기봉투
쓰레기봉투 지역,쓰레기봉투 지역,1,1,쓰레기봉투
쓰레기봉투 환불,쓰레기봉투 환불,1,1,쓰레기봉투
쓰레기봉투 환불받는법,쓰레기봉투 환불받는법,1,1,쓰레기봉투
쓰레기봉투신청방법,쓰레기봉투신청방법,2,1,쓰레기봉투
아파트 분리수거대,아파트 분리수거대,1,1,아파트 분리수거
아파트 분리수거일,아파트 분리수거일,1,1,아파트 분리수거
아파트 분리수거함,아파트 분리수거함,1,1,아파트 분리수거
오즈의 의류수거함,오즈의 의류수거함,1,1,의류수거함
온라인고물상,온라인고물상,1,1,고물상
우체국 방문 수거 방법,우체국 방문,1,1,우체국 방문수거
원룸 쓰레기봉투 크기,원룸 쓰레기봉투,1,1,원룸 쓰레기
원룸 쓰레기집 청소,원룸 쓰레기집,1,1,원룸 쓰레기
원룸 쓰레기청소,원룸 쓰레기청소,1,1,원룸 쓰레기
유품정리,유품정리,1,1,유품정리
유품정리 가격,유품정리 가격,1,1,유품정리
유품정리 비용예상,유품정리 비용예상,1,1,유품정리
유품정리 시간,유품정리 시간,1,1,유품정리
유품정리방법,유품정리방법,1,1,유품정리
유품정리비용,유품정리비용,2,1,유품정리
유품정리업체,유품정리업체,1,1,유품정리
음식물 쓰레기 봉투,음식물 쓰레기,1,1,쓰레기봉투
음식물 쓰레기봉투 환불,음식물 쓰레기봉투,1,1,음식물쓰레기 봉투
음식물쓰레기 가격,음식물쓰레기 가격,1,1,음식물 쓰레기
음식물쓰레기 가격표,음식물쓰레기 가격표,1,1,음식물 쓰레기
음식물쓰레기 과태료,음식물쓰레기 과태료,1,1,쓰레기 과태료
음식물쓰레기 봉투채 버리기,음식물쓰레기 봉투채,1,1,음식물쓰레기 봉투
음식물쓰레기 신청 방법,음식물쓰레기 신청,1,1,음식물 쓰레기
음식물쓰레기봉투 규격,음식물쓰레기봉투 규격,2,2,쓰레기봉투|음식물쓰레기 봉투
음식물쓰레기봉투 종류,음식물쓰레기봉투 종류,1,1,음식물쓰레기 봉투
음식물쓰레기봉투 환불받는법,음식물쓰레기봉투 환불받는법,1,1,음식물쓰레기 봉투
음식물쓰레기봉투 환불방법,음식물쓰레기봉투 환불방법,1,1,음식물쓰레기 봉투
의류수거함,의류수거함,1,1,의류수거함
의류수거함 가격,의류수거함 가격,1,1,의류수거함
의류수거함 가방,의류수거함 가방,1,1,의류수거함
의류수거함 과태료,의류수거함 과태료,1,1,의류수거함
의류수거함 신발,의류수거함 신발,1,1,의류수거함
의류수거함 위치,의류수거함 위치,1,1,의류수거함
의류수거함 이불,의류수거함 이불,1,1,의류수거함
이사 쓰레기차,이사 쓰레기차,1,1,이사 쓰레기
이사할때쓰레기봉투몇개,이사할때쓰레기봉투몇개,1,1,이사할 때 쓰레기
익산 헌옷 수거,익산 헌옷,1,1,헌옷 수거
인터넷 배출 신고,인터넷 배출,1,1,인터넷 배출신고
인터넷고물상,인터넷고물상,1,1,고물상
인테리어 폐자재 처리 방법,인테리어 폐자재,1,1,인테리어 폐자재
자취방 쓰레기,자취방 쓰레기,1,1,자취방 쓰레기
재사용 종량제봉투,재사용 종량제봉투,1,1,종량제봉투
재활용 봉투에 버리는법,재활용 봉투에,1,1,재활용 봉투
재활용 분리배출,재활용 분리배출,1,1,분리배출
재활용봉투 파는곳,재활용봉투 파는곳,1,1,재활용 봉투
재활용센터,재활용센터,1,1,재활용센터
재활용안되는것버리는법,재활용안되는것버리는법,1,1,재활용 안되는 것
전자제품 무료수거,전자제품 무료수거,1,1,무료수거
종량제봉투,종량제봉투,1,1,종량제봉투
종량제봉투 5리터,종량제봉투 5리터,1,1,종량제봉투
종량제봉투 가격,종량제봉투 가격,2,1,종량제봉투
종량제봉투 구매,종량제봉투 구매,1,1,종량제봉투
종량제봉투 제한,종량제봉투 제한,1,1,종량제봉투
종량제봉투 크기,종량제봉투 크기,1,1,종량제봉투
종량제봉투신청방법,종량제봉투신청방법,2,1,종량제봉투
중고재활용센터,중고재활용센터,1,1,재활용센터
책고물상,책고물상,1,1,고물상
천안 대형폐기물 스티커,천안 대형폐기물,1,1,대형폐기물 스티커
천안 폐기물 스티커 가격표,천안 폐기물,1,1,폐기물 스티커
청주 쓰레기봉투 가격,청주 쓰레기봉투,1,1,쓰레기봉투
청주 종량제봉투 가격,청주 종량제봉투,1,1,종량제봉투
청주 폐기물 신고,청주 폐기물,1,1,폐기물 신고
커텐분리배출방법,커텐분리배출방법,1,1,분리배출
클린하우스,클린하우스,1,1,클린하우스
클린하우스 가격,클린하우스 가격,1,1,클린하우스
클린하우스 뜻,클린하우스 뜻,1,1,클린하우스
클린하우스 시간,클린하우스 시간,2,1,클린하우스
클린하우스 요일,클린하우스 요일,2,1,클린하우스
택배 방문수거,택배 방문수거,1,1,방문수거
택배 수거 신청,택배 수거,1,1,수거 신청
특수마대 가격,특수마대 가격,1,1,마대
파주 대형폐기물 가격,파주 대형폐기물,1,1,대형 폐기물
페가전 수거 신청,페가전 수거,1,1,수거 신청
페기물 수거 신청,페기물 수거,1,1,수거 신청
편의점 대형폐기물 스티커,편의점 대형폐기물,1,1,대형폐기물 스티커
편의점 재활용봉투,편의점 재활용봉투,1,1,재활용 봉투
평택 대형폐기물 스티커,평택 대형폐기물,1,1,대형폐기물 스티커
폐가전 무상방문수거,폐가전 무상방문수거,1,1,방문수거
폐가전 무상수거 신청,폐가전 무상수거,1,1,수거 신청
폐가전 방문수거,폐가전 방문수거,1,1,방문수거
폐가전무상수거,폐가전무상수거,1,1,무상수거
폐가전제품 무상수거,폐가전제품 무상수거,1,1,무상수거
폐기물 마대자루 가격,폐기물 마대자루,1,1,마대자루
폐기물 무상수거,폐기물 무상수거,1,1,무상수거
폐기물마대,폐기물마대,1,1,마대
포장마대,포장마대,1,1,마대
포항 종량제봉투 가격,포항 종량제봉투,1,1,종량제봉투
헌옷방문수거,헌옷방문수거,1,1,방문수거
헌옷수거 가격,헌옷수거 가격,1,1,헌옷 수거
헌옷수거 방법,헌옷수거 방법,1,1,헌옷 수거
헌옷수거비용,헌옷수거비용,1,1,헌옷 수거
헌옷수거종류,헌옷수거종류,1,1,헌옷 수거
헌책방문수거,헌책방문수거,1,1,방문수거
헌책수거신청,헌책수거신청,1,1,헌책 수거
