alias,owner,owner_slug,owner_volume
일회용 젓가락,나무젓가락,namujeotgarak,985
이쑤시개,나무젓가락,namujeotgarak,985
나무 꼬치,나무젓가락,namujeotgarak,985
휴지통,쓰레기통,sseuregitong,980
분리수거함,쓰레기통,sseuregitong,980
페달휴지통,쓰레기통,sseuregitong,980
플라스틱통,쓰레기통,sseuregitong,980
덤벨,아령,aryeong,980
바벨,아령,aryeong,980
케틀벨,아령,aryeong,980
원판,아령,aryeong,980
바벨원판,아령,aryeong,980
역기,아령,aryeong,980
규조토매트,규조토 발매트,gyujotobalmaeteu,955
소주병,유리병,yuribyeong,930
맥주병,유리병,yuribyeong,930
잼병,유리병,yuribyeong,930
피크닉매트,돗자리,dotjari,885
엘이디등,LED등,leddeung,880
방등,LED등,leddeung,880
거실등,LED등,leddeung,880
평판등,LED등,leddeung,880
천장등,LED등,leddeung,880
등기구,LED등,leddeung,880
LED 조명,LED등,leddeung,880
탁상시계,벽시계,byeoksigye,860
알람시계,벽시계,byeoksigye,860
뻐꾸기시계,벽시계,byeoksigye,860
사과껍질,과일껍질,gwailkkeopjil,855
귤껍질,과일껍질,gwailkkeopjil,855
놀이방매트,퍼즐매트,peojeulmaeteu,835
층간소음매트,퍼즐매트,peojeulmaeteu,835
폼매트,퍼즐매트,peojeulmaeteu,835
롤매트,퍼즐매트,peojeulmaeteu,835
코일매트,퍼즐매트,peojeulmaeteu,835
바닥재,장판,jangpan,830
가스렌지,가스레인지,gaseureinji,810
보행기,유모차,yumocha,735
웨건,유모차,yumocha,735
실내화,슬리퍼,seullipeo,700
욕실화,슬리퍼,seullipeo,700
쪼리,슬리퍼,seullipeo,700
샌들,슬리퍼,seullipeo,700
크록스,슬리퍼,seullipeo,700
벤토나이트,고양이모래,goyangimorae,695
두부모래,고양이모래,goyangimorae,695
카사바모래,고양이모래,goyangimorae,695
응고형모래,고양이모래,goyangimorae,695
고양이화장실모래,고양이모래,goyangimorae,695
미니선풍기,손선풍기,sonseonpunggi,695
휴대용 선풍기,손선풍기,sonseonpunggi,695
충전지,배터리,baeteori,680
포토북,앨범,aelbeom,675
라면국물,컵라면,keopramyeon,655
티비,TV,tibeu,625
텔레비전,TV,tibeu,625
숟가락,수저,suje,615
젓가락,수저,suje,615
포크,수저,suje,615
키보드,마우스,mauseu,590
트랙볼,마우스,mauseu,590
녹즙기,믹서기,mikseogi,585
블렌더,믹서기,mikseogi,585
분쇄기,믹서기,mikseogi,585
핸드블렌더,믹서기,mikseogi,585
원액기,믹서기,mikseogi,585
한복,헌옷,heonot,585
씽씽이,킥보드,kikbodeu,580
장독,항아리,hangari,555
옹기,항아리,hangari,555
김칫독,항아리,hangari,555
단지,항아리,hangari,555
질그릇,항아리,hangari,555
수족관,어항,eohang,545
방충 텐트,모기장,mogijang,505
달걀판,계란판,gyeranpan,495
계란포장,계란판,gyeranpan,495
에그트레이,계란판,gyeranpan,495
계란트레이,계란판,gyeranpan,495
텀블러,보온병,boonbyeong,485
스텐텀블러,보온병,boonbyeong,485
공청기,공기청정기,gonggicheongjeonggi,460
네일,매니큐어,maenikyueo,450
리무버,매니큐어,maenikyueo,450
유아욕조,아기욕조,agiyokjo,435
신생아욕조,아기욕조,agiyokjo,435
표백제,락스,rakseu,420
염소계표백제,락스,rakseu,420
곰팡이제거제,락스,rakseu,420
샤프,볼펜,bolpen,390
샤프펜슬,볼펜,bolpen,390
형광펜,볼펜,bolpen,390
사인펜,볼펜,bolpen,390
문서 파쇄,파쇄종이,pasoejongi,380
세절지,파쇄종이,pasoejongi,380
냉온수기,정수기,jeongsugi,370
샤워헤드,샤워기,syawogi,365
샤워호스,샤워기,syawogi,365
수전,샤워기,syawogi,365
헬스자전거,실내자전거,silnaejajeongeo,365
스피닝,실내자전거,silnaejajeongeo,365
보냉백,보냉가방,bonaenggabang,360
아이스박스,보냉가방,bonaenggabang,360
캔들,양초,yangcho,305
양키캔들,양초,yangcho,305
티라이트,양초,yangcho,305
소이캔들,양초,yangcho,305
책,종이,jongi,300
잡지,종이,jongi,300
라이프자켓,구명조끼,gumyeongjokki,295
구명복,구명조끼,gumyeongjokki,295
부력보조복,구명조끼,gumyeongjokki,295
에어팟,이어폰,ieopon,270
버즈,이어폰,ieopon,270
헤드폰,이어폰,ieopon,270
헤드셋,이어폰,ieopon,270
다과상,밥상,bapsang,265
좌탁,밥상,bapsang,265
차탁자,밥상,bapsang,265
소반,밥상,bapsang,265
좌식 테이블,밥상,bapsang,265
유화,캔버스,kaenbeoseu,245
아크릴화,캔버스,kaenbeoseu,245
그림,캔버스,kaenbeoseu,245
주사바늘,주사기,jusagi,225
펜니들,주사기,jusagi,225
자가주사,주사기,jusagi,225
란셋,주사기,jusagi,225
테니스공,축구공,chukgugong,210
골프공,축구공,chukgugong,210
체크카드,신용카드,sinyongkadeu,195
플라스틱카드,신용카드,sinyongkadeu,195
교통카드,신용카드,sinyongkadeu,195
멤버십카드,신용카드,sinyongkadeu,195
기프트카드,신용카드,sinyongkadeu,195
칼날,커터칼,keoteokal,195
안전모,헬멧,helmet,185
모뎀,공유기,gongyugi,175
외장하드,하드디스크,hadeudiseukeu,175
USB메모리,하드디스크,hadeudiseukeu,175
저장장치,하드디스크,hadeudiseukeu,175
전기파리채,전기모기채,jeongimogichae,145
충전식모기채,전기모기채,jeongimogichae,145
집전화,전화기,jeonhwagi,120
팩스,전화기,jeonhwagi,120
팩시밀리,전화기,jeonhwagi,120
인터폰,전화기,jeonhwagi,120
LED 벌브,LED 전구,ledjeongu,115
LED 직관등,LED 전구,ledjeongu,115
캐스트,깁스,gibseu,110
에어풀장,에어매트,eeomaeteu,110
비치매트리스,에어매트,eeomaeteu,110
렌지후드,환풍기,hwanpunggi,110
레인지후드,환풍기,hwanpunggi,110
배기후드,환풍기,hwanpunggi,110
후드,환풍기,hwanpunggi,110
배기팬,환풍기,hwanpunggi,110
휠,타이어,taieo,105
알루미늄휠,타이어,taieo,105
토너,잉크카트리지,ingkeukateuriji,100
프린터카트리지,잉크카트리지,ingkeukateuriji,100
잉크통,잉크카트리지,ingkeukateuriji,100
레이저토너,잉크카트리지,ingkeukateuriji,100
전기포트,주전자,jujeonja,100
커피포트,주전자,jujeonja,100
책꽂이,책장,chaekjang,100
폼보드,우드락,udeurak,95
전시보드,우드락,udeurak,95
주방 테이블,식탁,siktak,80
식기세척기,식기건조기,sikgigeonjogi,70
식기살균기,식기건조기,sikgigeonjogi,70
살균건조기,식기건조기,sikgigeonjogi,70
식기살균건조기,식기건조기,sikgigeonjogi,70
식기세척건조기,식기건조기,sikgigeonjogi,70
손난로,핫팩,hatpaek,70
전기손난로,핫팩,hatpaek,70
충전식손난로,핫팩,hatpaek,70
발열팩,핫팩,hatpaek,70
햇반용기,즉석밥 용기,jeukseokbapyonggi,55
햇반그릇,즉석밥 용기,jeukseokbapyonggi,55
즉석밥그릇,즉석밥 용기,jeukseokbapyonggi,55
컵밥용기,즉석밥 용기,jeukseokbapyonggi,55
오뚜기밥용기,즉석밥 용기,jeukseokbapyonggi,55
드라이기,헤어드라이어,heeodeuraieo,55
고데기,헤어드라이어,heeodeuraieo,55
매직기,헤어드라이어,heeodeuraieo,55
에어랩,헤어드라이어,heeodeuraieo,55
보행기,휠체어,hwilcheeo,55
보행보조기,휠체어,hwilcheeo,55
전동스쿠터,휠체어,hwilcheeo,55
강아지 사체,동물사체,dongmulsache,0
고양이 사체,동물사체,dongmulsache,0
캣폴,캣타워,kaettawo,0
목재 쓰레기,폐목재,pyemokjae,0
나무 폐기물,폐목재,pyemokjae,0
각목,폐목재,pyemokjae,0
합판 조각,폐목재,pyemokjae,0
나무 팔레트,폐목재,pyemokjae,0
