item,freq,n_queries,patterns,top_modifiers,sample_suggestion
밧드야,11,2,분리수거,함|공구|함 공구|비닐|함 스텐|통,밧드야 분리수거
가구,8,4,분리수거|버리는 방법|버리는 비용|무료수거|버리는법,비용|가격|하는방법,가구 버리는 방법
소형가전,7,3,버리는법|분리수거|무료수거,아파트,소형가전 무료수거
폐가전,7,4,무상수거|무료수거|무상방문수거|방문수거|버리는법|분리수거|분리수거 방법,,폐가전무상수거
음식물쓰레기,6,1,버리는법,원룸|아파트|봉투|대구,음식물쓰레기 버리는법
가전제품,5,3,무상수거|무료수거|버리는법|분리수거|분리수거 방법,,가전제품 무상수거
관악구,5,2,분리수거|대형폐기물|분리수거 방법,날짜|배출방법,관악구 대형폐기물
가전,4,3,무상수거|무료수거|버리는법|분리수거,,가전무상수거
생활폐기물,4,2,분리수거|분리배출|버리는법,함,생활폐기물 분리배출
은평구,4,2,분리수거|대형폐기물|분리수거 방법,기준,은평구 대형폐기물
전자제품,4,2,무료수거|버리는법|분리수거|분리수거 방법,,전자제품 무료수거
청소기 배터리,4,2,버리는 법|분리수거|분리수거 방법,,청소기 배터리 버리는 법
헌책,4,2,방문수거|버리는법|분리수거|분리수거 방법,,헌책방문수거
eva 슬리퍼,3,2,버리는법|분리수거,,eva 슬리퍼 버리는법
간판,3,2,철거비용|버리는법|분리수거,,간판철거비용
나무의자,3,2,버리는법|분리수거,방법,나무의자 버리는법
냉장고 음식물,3,2,버리는법|처리 방법,,냉장고 음식물 처리 방법
대형가전,3,3,무상수거|무료수거|버리는법,,대형가전 무상수거
부천,3,2,대형폐기물|분리수거|분리수거 방법,신고,부천 대형폐기물 신고
부천시,3,2,분리수거|대형폐기물,방법,부천시 대형폐기물
송파구 이불,3,2,버리는법|분리수거 방법,,송파구 이불 버리는법
아기 장난감,3,2,버리는 법|분리수거,,아기 장난감 버리는 법
이불 배게,3,2,버리는 법|버리는법|분리수거 방법,,이불 배게 버리는 법
이불패드,3,2,버리는법|분리수거 방법,,이불패드 버리는법
자동차 코일매트,3,2,버리는 방법|버리는법|분리수거,,자동차 코일매트 버리는 방법
주방가위,3,2,버리는법|분리수거,,주방가위 버리는법
침대 패드,3,2,버리는 방법|버리는 법|분리수거 방법,,침대 패드 버리는 방법
칼 가위,3,2,버리는법|분리수거,,칼 가위 버리는법
폐가구,3,3,무료수거|방문수거|버리는법,,폐가구 무료수거
화장실 슬리퍼,3,2,분리수거|버리는 법,,화장실 슬리퍼 분리수거
가벽,2,2,철거 비용|버리는법,,가벽 철거 비용
고장난 냉장고,2,2,무상수거|버리는 법,,고장난 냉장고 무상수거
관악구 소형가전,2,2,버리는 법,,관악구 소형가전 버리는 법
대형 폐기물,2,2,수거 신청|버리는법,,대형 폐기물 수거 신청
대형가구,2,2,무상수거|버리는법,,대형가구 무상수거
대형화분,2,2,버리는법,,대형화분 버리는법
마루,2,2,철거비용|버리는법,,마루철거비용
상가,2,2,철거비용|분리수거,,상가 철거비용
아이스겔,2,2,처리방법|분리수거,,아이스겔 처리방법
욕실슬리퍼,2,2,분리수거,,욕실슬리퍼 분리수거
은박 보냉팩,2,2,분리수거,,은박 보냉팩 분리수거
이불 분리수거,2,2,버리는법,,이불 분리수거 버리는법
인형 분리수거,2,2,버리는법,,인형 분리수거 버리는법
종량제봉투,2,2,버리는 곳|버리는법,,종량제봉투 버리는 곳
주방용 칼,2,2,버리는법,,주방용 칼 버리는법
차량 발매트,2,2,버리는 방법|분리수거,,차량 발매트 버리는 방법
초고추장,2,2,버리는법,,초고추장 버리는법
칼 분리수거,2,2,버리는법,,칼 분리수거 버리는법
택배,2,2,방문수거|수거 신청,,택배 방문수거
가구 분리,1,1,수거 신청,방법,가구 분리수거 신청방법
갈비뼈 음식물,1,1,처리방법,,갈비뼈 음식물 처리방법
경동택배,1,1,방문수거,,경동택배 방문수거
김치 음식물,1,1,처리방법,,김치 음식물 처리방법
냉장고 무상,1,1,수거 신청,,냉장고 무상 수거 신청
대구 헌옷,1,1,방문수거,,대구 헌옷방문수거
대형폐기물,1,1,버리는법,아파트,대형폐기물 버리는법 아파트
동물 사체,1,1,처리 방법,,동물 사체 처리 방법
동물사체,1,1,버리는법,,동물사체 버리는법
사기접시,1,1,버리는 방법,,사기접시 버리는 방법
산재,1,1,처리방법,,산재처리방법
세탁기 무상,1,1,수거 신청,방법,세탁기 무상 수거 신청 방법
소형 전자제품,1,1,버리는법,,소형 전자제품 버리는법
소화기 무상,1,1,수거 신청,방법,소화기 무상수거 신청 방법
쇼파 무상,1,1,수거 신청,방법,쇼파 무상 수거 신청 방법
시골집,1,1,철거비용,,시골집 철거비용
욕실 슬리퍼,1,1,분리수거 방법,,욕실 슬리퍼 분리수거 방법
우체국,1,1,방문수거,,우체국 방문수거
우체국 방문,1,1,수거 신청,,우체국 방문수거 신청
음식물 쓰레기,1,1,버리는법,스티커,음식물 쓰레기 버리는법 스티커
인천 이불,1,1,버리는 방법,,인천 이불 버리는 방법
재사용,1,1,종량제봉투,,재사용 종량제봉투
직원 퇴사,1,1,처리방법,,직원 퇴사처리방법
침대패드,1,1,분리수거,,침대패드 분리수거
티백음식물,1,1,처리방법,,티백음식물처리방법
페가전,1,1,수거 신청,,페가전 수거 신청
페기물,1,1,수거 신청,,페기물 수거 신청
폐가전 무료,1,1,수거 신청,,폐가전 무료수거 신청
폐가전 무상,1,1,수거 신청,,폐가전 무상수거 신청
폐가전 방문,1,1,수거 신청,,폐가전 방문수거 신청
폐가전제품,1,1,무상수거,,폐가전제품 무상수거
폐목재,1,1,처리 방법,,폐목재 처리 방법
헌옷 기부,1,1,방문수거,,헌옷 기부 방문수거
회사 산재,1,1,처리 방법,,회사 산재처리 방법
