item,n,views,cls,covered_by,decision,note
고양이 배설물,1,1717,일반폐기물 > 불연성종량제폐기물,,실측17차,고양이 배설물
유통기한 지난 오메가3,1,1116,일반폐기물 > 일반종량제폐기물,약(첫 문단이 영양제),기존 커버,유통기한 지난 오메가3
"라면스프, 스프봉지",1,616,음식물류폐기물,라면스프 = 50 (17차),실측17차,"라면스프, 스프봉지"
"밀가루, 설탕",1,599,음식물류폐기물,밀가루,기존 커버,"밀가루, 설탕"
침구류,1,585,일반폐기물 > 일반종량제폐기물,,실측17차,침구류
손소독제,3,498,기타 / 재활용폐기물 > 합성수지 용기류,,기존 커버,손소독제 폐기방법 | 손소독제 | 손소독제
유통기한이 지난 호떡믹스,1,363,음식물류폐기물,밀가루,기존 커버,유통기한이 지난 호떡믹스 어떻게 버리나요?
하수관 슬러지,1,289,일반폐기물 > 일반종량제폐기물,,보류,하수관 슬러지
배출시 뚜껑 부착,1,285,재활용폐기물 > 무색페트병,페트병(뚜껑 별칭),기존 커버,배출시 뚜껑 부착여부
청양고추,1,284,음식물류폐기물,,실측17차,청양고추
가죽제품,1,269,일반폐기물 > 일반종량제폐기물,,실측17차,가죽제품
컨버터 분리수,1,264,재활용폐기물 > 전기전자 제품류,컨버터,실측18차,컨버터 분리수가 방법이 어떻게되나요??
라면스프봉지,2,244,재활용폐기물 > 합성수지 비닐류,라면스프 = 50 (17차),실측17차,라면스프봉지 | 라면스프 봉지
메트리스 커버,1,244,일반폐기물 > 일반종량제폐기물,매트리스,기존 커버,메트리스 커버
유산균 내용물,1,237,일반폐기물 > 일반종량제폐기물,,실측17차,유산균 내용물
먹던 과자,2,203,음식물류폐기물,,기존 커버,먹던 과자 | 먹던 과자
믹스커피봉지는 일반쓰레기 인가요?,1,192,재활용폐기물 > 합성수지 비닐류,커피믹스,실측18차,믹스커피봉지는 일반쓰레기 인가요?
2차전기 배타리,1,184,재활용폐기물 > 전기전자 제품류,배터리,기존 커버,2차전기(배타리)
페인트통,2,183,일반폐기물 > 일반종량제폐기물 / 재활용폐기물 > 금속류,,기존 커버,페인트통 | 페인트 통
음식물처리기 음식물,1,163,음식물류폐기물,음식물처리기,기존 커버,음식물처리기 음식물 배출 방법
포스터 용지,1,158,재활용폐기물 > 종이,,실측17차,포스터 용지
반죽,1,149,음식물류폐기물,,기존 커버,반죽 처리하는 법
음식물 퇴비,1,149,음식물류폐기물,,실측17차,음식물 퇴비
음식물,1,147,음식물류폐기물,,노이즈,음식물 분리배출 문의
잉크,1,134,일반폐기물,,실측17차,잉크어떻게버려요?
달래나 파 껍질,1,132,음식물류폐기물,,실측17차,달래나 파 껍질
각종 플라스틱 소형생활용품 분류,1,131,재활용폐기물 > 합성수지 용기류,,노이즈,각종 플라스틱 소형생활용품 분류방법
바둑알,1,129,일반폐기물 > 일반종량제폐기물,,실측17차,바둑알
음식물 처리기 부산물,2,129,음식물류폐기물,음식물처리기,기존 커버,음식물 처리기 부산물 | 음식물처리기 부산물
"플라스틱 OTHER, PVC",1,125,재활용폐기물 > 합성수지 용기류,,노이즈,"플라스틱 OTHER, PVC 재활용"
"김장철 생배추, 생무",1,116,음식물류폐기물,배추,실측18차,"김장철 생배추, 생무"
발포합성수지 완충포장재 재활용품 배출관련 질의,1,112,재활용폐기물 > 발포합성수지(스티로폼 등),스티로폼,기존 커버,발포합성수지(완충포장재) 재활용품 배출관련 질의
쌀벌레 생긴 쌀,2,111,음식물류폐기물,,실측17차,쌀벌레 생긴 쌀 | 쌀벌레 생긴 쌀
등산스틱,1,107,일반폐기물,,실측17차,등산스틱
밤 껍질,1,104,일반폐기물 > 일반종량제폐기물,밤껍질,실측18차,밤 껍질
유통기한 지난 섬유린스,1,103,재활용폐기물 > 합성수지 용기류,,실측17차,유통기한 지난 섬유린스 배출방법
페인트깡통,1,103,재활용폐기물 > 금속류,페인트(빈 통 옵션),기존 커버,페인트깡통은 어떻게 버리나요?
눈썰매,1,102,대형폐기물,,실측17차,눈썰매
필통,2,101,일반폐기물 > 일반종량제폐기물 / 재활용폐기물,,실측17차,필통 | 필통
다이아몬드,2,95,일반폐기물 > 일반종량제폐기물,,실측17차,다이아몬드 | 다이아몬드
고구마 껍질,2,93,음식물류폐기물,,기존 커버,고구마 껍질 | 고구마 껍질 어떻게 배출 하나요
종량제 특수규격봉투,1,92,일반폐기물 > 불연성종량제폐기물,가이드 종량제봉투,기존 커버,종량제 특수규격봉투 관련 문의드립니다.
아니 왜 아직도 안갖고 가시는지?,1,91,기타,,노이즈,아니 왜 아직도 안갖고 가시는지?
분리 배출,2,87,재활용폐기물 > 금속류,,노이즈,분리 배출 방법 | 분리 배출 방법 문의
햇반,1,87,재활용폐기물 > 합성수지 용기류,즉석밥 용기,기존 커버,햇반
에프킬라 모기 살충제,1,86,재활용폐기물 > 금속류,부탄가스(살충제 별칭),기존 커버,에프킬라(모기 살충제)
유아용 매트,2,85,대형폐기물 / 일반폐기물 > 일반종량제폐기물,,기존 커버,유아용 매트 | 유아용 매트
화단 꽃나무류,1,83,일반폐기물 > 일반종량제폐기물,나뭇가지,기존 커버,화단 꽃나무류
강아지 똥 밀봉된봉투,1,82,일반폐기물 > 일반종량제폐기물,강아지똥,실측18차,강아지 똥 밀봉된봉투
인조잔디,2,82,일반폐기물 > 일반종량제폐기물,,실측17차,인조잔디 | 인조잔디
노끈,2,80,일반폐기물 > 일반종량제폐기물,,기존 커버,노끈 | 노끈
불연성마대는 어디서 사나요?,1,79,기타,가이드 종량제봉투,기존 커버,불연성마대는 어디서 사나요?
수박껍데기,1,79,음식물류폐기물,수박껍질,기존 커버,수박껍데기
걸레,1,77,일반폐기물 > 일반종량제폐기물,,실측12차,걸레
유해폐기물,1,77,생활계 유해폐기물,,노이즈,유해폐기물 버리는방법
밀대 통돌이,1,74,대형폐기물,밀대걸레,실측18차,밀대 통돌이
키위껍질,1,74,음식물류폐기물,,기존 커버,키위껍질
플라스틱 재활용거부,1,74,재활용폐기물 > 합성수지 용기류,,노이즈,플라스틱 재활용거부
"간장, 돈가스소스",1,72,재활용폐기물 > 합성수지 용기류,간장,실측18차,"간장, 돈가스소스"
라벨,1,72,재활용폐기물 > 합성수지 비닐류,라벨,실측18차,라벨
마포걸레짤순이,1,72,대형폐기물,밀대걸레,실측18차,마포걸레짤순이
석고,2,70,일반폐기물 > 불연성종량제폐기물,,실측17차,석고 분리배출 | 석고....
원단,3,70,일반폐기물 > 일반종량제폐기물,,실측13차,원단 배출 문의 | 원단 | 원단버리는법
인테리어 공사 잔여물,1,70,공사장 생활폐기물 > 일반종량제폐기물,,노이즈,인테리어 공사 잔여물
대나무 바구니,1,69,일반폐기물 > 일반종량제폐기물,,실측17차,대나무 바구니
생크림,1,69,음식물류폐기물,,기존 커버,생크림 배출 문의드립니다
잔디깎,1,69,재활용폐기물 > 전기전자 제품류,,실측17차,잔디깎이 배출방법
농장에서 발생한 돼지 사체,1,68,기타,,노이즈,농장에서 발생한 돼지 사체
"소스류, 세제 등",1,68,재활용폐기물 > 합성수지 용기류,세제,기존 커버,"소스류, 세제 등"
썩은 쌀,1,68,음식물류폐기물,,기존 커버,썩은 쌀은 어떻게 버려야하나요?
10L정도 되보이는 병에 매실주,1,67,기타,매실청,실측18차,10L정도 되보이는 병에 매실주
분리배출 표시,1,67,재활용폐기물 > 합성수지 비닐류,,노이즈,분리배출 표시
"게, 새우, 조개 등 껍질",1,66,일반폐기물 > 일반종량제폐기물,조개껍질,기존 커버,"게, 새우, 조개 등 껍질"
엔진오일통,1,66,일반폐기물 > 일반종량제폐기물,기름(엔진오일 별칭),기존 커버,엔진오일통
튀김 부스러기,1,66,기타,,보류,튀김 부스러기 분리배출
페인트,1,66,생활계 유해폐기물,,기존 커버,페인트 분리배출방법
가챠캡슐,1,64,재활용폐기물 > 합성수지 용기류,,보류,가챠캡슐
안먹은 과자,1,63,음식물류폐기물,,기존 커버,안먹은 과자
유통기한이 한참 지난 곰팡이 방지제 용액,1,60,재활용폐기물 > 금속류,습기제거제,기존 커버,유통기한이 한참 지난 곰팡이 방지제(용액)
일회용 플라스틱 컵,1,60,재활용폐기물 > 합성수지 용기류,플라스틱컵,실측18차,일회용 플라스틱 컵 재활용
자동차 워셔액,1,60,기타,,실측17차,자동차 워셔액 폐기 방법
칼 보관함,1,60,일반폐기물 > 일반종량제폐기물,식칼,기존 커버,칼 보관함
통 생닭,1,60,음식물류폐기물,,실측17차,통 생닭
마트에서 쓰이는 채소류 싸는 랩,1,59,재활용폐기물 > 합성수지 비닐류,비닐랩,실측18차,마트에서 쓰이는 채소류 싸는 랩
가정에서 개인용으로 사용하던 볼링공,1,58,대형폐기물,,보류,가정에서 개인용으로 사용하던 볼링공 배출방법
강아지나 고양이 사료 봉투는 일반 쓰레기인가요?,1,58,재활용폐기물 > 합성수지 비닐류,사료봉투,실측18차,강아지나 고양이 사료 봉투는 일반 쓰레기인가요?
당구 큐대,1,58,대형폐기물,,보류,당구 큐대는 어떻게 배출하나요?
플라스틱 전등 커버,1,58,일반폐기물 > 일반종량제폐기물,전등커버,실측18차,플라스틱 전등 커버 문의드립니다
스포이드가 있는 앰플 / 세럼 용기,1,56,일반폐기물 > 일반종량제폐기물,화장품,기존 커버,스포이드가 있는 앰플 / 세럼 용기는 어떻게 하나요
락카스프레이 칼라스프레,1,55,생활계 유해폐기물,페인트(락카 별칭),기존 커버,락카스프레이(칼라스프레이) 폐기 문의
인공눈물,1,55,재활용폐기물 > 합성수지 용기류,,기존 커버,인공눈물 처리법
파쇄지,1,55,일반폐기물 > 일반종량제폐기물,파쇄종이,기존 커버,파쇄지 관련 질문합니다.
포도나 수박 사과씨,1,55,음식물류폐기물,복숭아씨(과일씨 별칭),기존 커버,포도나 수박 사과씨
과일싸개,1,54,일반폐기물 > 일반종량제폐기물,과일망,기존 커버,과일싸개 분리배출 문의드립니다.
딱딱한 고구마,1,54,음식물류폐기물,,실측17차,딱딱한 고구마
불에 탄 플라스틱,1,54,일반폐기물 > 일반종량제폐기물,,노이즈,불에 탄 플라스틱
어떻게,1,54,대형폐기물,,노이즈,어떻게 버려야하나요
유니폼,1,54,일반폐기물 > 일반종량제폐기물,,실측17차,유니폼
포도 포장지 및 철심 끈은요~~???,1,54,재활용폐기물 > 합성수지 비닐류,,보류,포도 포장지 및 철심 끈은요~~???
폴딩카트,1,53,대형폐기물,,실측13차,폴딩카트
발포지,1,52,일반폐기물 > 일반종량제폐기물,,실측17차,발포지
우레탄폼 스프레이,1,52,일반폐기물 > 일반종량제폐기물,,실측17차,우레탄폼 스프레이
구운계란,1,51,음식물류폐기물,,실측17차,구운계란
"무쇠가마솥, 수도꼭지 효소병",1,51,일반폐기물 > 불연성종량제폐기물,,노이즈,"무쇠가마솥, 수도꼭지 효소병 버리는 방법 문의"
원두커피 젖은가루,1,51,일반폐기물 > 일반종량제폐기물,커피찌꺼기,기존 커버,원두커피 젖은가루
자동차 매트,1,50,일반폐기물 > 일반종량제폐기물,,기존 커버,자동차 매트
한강라면 용기,1,50,일반폐기물 > 일반종량제폐기물,컵라면,기존 커버,'한강라면 용기'
동물 사료,1,49,일반폐기물 > 일반종량제폐기물,,실측17차,동물 사료
사무용품,1,49,일반폐기물 > 일반종량제폐기물,,노이즈,사무용품 처리
차량용 창문 선바이저 분리수거 방법은?,1,49,일반폐기물 > 일반종량제폐기물,,보류,차량용 창문 선바이저 분리수거 방법은?
묽은 밀가루반죽,1,48,음식물류폐기물,밀가루,기존 커버,묽은 밀가루반죽 배출
구리컵,1,47,재활용폐기물 > 금속류,고철,기존 커버,구리컵
세탁세제,1,47,기타,,기존 커버,세탁세제
음식포장용기 오염시,1,47,재활용폐기물 > 합성수지 용기류,배달용기,기존 커버,음식포장용기 오염시
고압호스,1,46,대형폐기물,,실측17차,고압호스
바나나 꼭지,1,46,음식물류폐기물,바나나껍질,기존 커버,바나나 꼭지
볼체인,1,46,재활용폐기물 > 금속류,,보류,볼체인
"소, 염소, 닭 사료포대",1,46,재활용폐기물 > 종이,사료봉투,실측18차,"소, 염소, 닭 사료포대"
유통기한 지난 사탕,1,46,일반폐기물 > 일반종량제폐기물,과자(사탕 별칭),기존 커버,유통기한 지난 사탕
PC 부품,1,45,재활용폐기물 > 전기전자 제품류,컴퓨터,기존 커버,PC 부품
가스가 들어있는 스프레이 형식의 데오드란트,1,45,재활용폐기물 > 금속류,부탄가스,기존 커버,가스가 들어있는 스프레이 형식의 데오드란트
곡물 찜질팩,1,45,일반폐기물 > 일반종량제폐기물,,실측17차,곡물 찜질팩 버리는 방법 알려주세요.
쌀포대,2,45,일반폐기물 > 일반종량제폐기물 / 재활용폐기물 > 합성수지 비닐류,,기존 커버,쌀포대 | 쌀포대
공기압식 마사지기,1,44,재활용폐기물 > 전기전자 제품류,,실측17차,공기압식 마사지기
"꿀가루, 허니파우더",1,44,음식물류폐기물,밀가루,기존 커버,"꿀가루, 허니파우더는 어떻게 버리나요?"
어린이용 미끄럼틀,1,44,대형폐기물,,실측17차,어린이용 미끄럼틀
사업장폐기물,1,43,기타,,노이즈,사업장폐기물
수은 체온계,1,43,생활계 유해폐기물 > 수은함유 폐기물,체온계,실측18차,수은 체온계
"시상식 트로피, 등산스틱, 메모리폼 의료보조기구",1,43,기타,,노이즈,"시상식 트로피, 등산스틱, 메모리폼 의료보조기구 배출방법"
분리배출의 표준화,1,42,기타,,노이즈,분리배출의 표준화
다시,1,41,재활용폐기물 > 전기전자 제품류,,노이즈,다시 문의
원단이 붙어있는 책 권수가 많음,1,41,일반폐기물 > 일반종량제폐기물,책,기존 커버,원단이 붙어있는 책 (권수가 많음)
자동차 연료첨가제,1,41,생활계 유해폐기물,,실측17차,자동차 연료첨가제
"곶감, 딸기, 토마토 꼭지",1,40,음식물류폐기물,토마토꼭지,실측18차,"곶감, 딸기, 토마토 꼭지"
보냉봉투,1,40,일반폐기물 > 일반종량제폐기물,보냉백,기존 커버,보냉봉투
아보카도 과육,1,40,음식물류폐기물,아보카도,실측18차,아보카도 과육은 어떻게 버리나요?
어떤 재질인지 표시가 안되는 라벨,1,40,기타,라벨,실측18차,어떤 재질인지 표시가 안되는 라벨
라벨 접착제,1,39,재활용폐기물 > 합성수지 용기류,라벨,실측18차,라벨 접착제
주말에 이사가는데,1,39,기타,,노이즈,주말에 이사가는데
컵 홀더,1,39,재활용폐기물 > 종이,,실측17차,컵 홀더
컵시리얼통,1,39,일반폐기물 > 일반종량제폐기물,,실측17차,컵시리얼통은 어떻게 분리배출하나요?
글리세린 처리 /,1,38,기타,,보류,글리세린 처리 / 분리배출
마른미역,1,37,음식물류폐기물,,실측17차,마른미역
유통기한 지난 유산균/일회용인공눈물,1,37,생활계 유해폐기물 > 폐의약품,약,기존 커버,유통기한 지난 유산균/일회용인공눈물
전기줄,1,37,재활용폐기물 > 전기전자 제품류,,실측17차,전기줄
커피스틱 봉지,2,37,재활용폐기물 > 합성수지 비닐류,커피믹스,실측18차,커피스틱 봉지 | 커피스틱 봉지
과일포장재,1,36,일반폐기물 > 일반종량제폐기물,과일망,기존 커버,과일포장재 분리배출방법
발목보호대,1,36,일반폐기물 > 일반종량제폐기물,,실측17차,발목보호대
쌀벌레 가득한 쌀,1,36,음식물류폐기물,쌀,기존 커버,쌀벌레 가득한 쌀
아이클레이 천연점토.합성폴리모,1,36,기타,클레이,실측18차,아이클레이 (천연점토.합성폴리모)
고추꼭지,1,35,음식물류폐기물,,실측17차,고추꼭지
음식물처리기 소모품 건조통,1,35,일반폐기물 > 일반종량제폐기물,음식물처리기,기존 커버,음식물처리기 소모품 건조통
진로이즈백 푸른병,1,35,재활용폐기물 > 유리병,유리병,기존 커버,진로이즈백 푸른병
핫바 랩,1,35,재활용폐기물 > 합성수지 비닐류,비닐랩,실측18차,핫바 랩
EPS 단열재,1,34,재활용폐기물 > 발포합성수지(스티로폼 등),,실측17차,EPS 단열재 재활용 가능 여부 문의
나무조각? 나무판자?,1,34,일반폐기물 > 일반종량제폐기물,폐목재,기존 커버,나무조각? 나무판자?
노끈 뭉치,1,34,일반폐기물 > 일반종량제폐기물,,기존 커버,노끈 뭉치
시멘트,1,34,일반폐기물 > 불연성종량제폐기물,,실측17차,시멘트 버리는법
PP밴딩끈,1,33,일반폐기물 > 일반종량제폐기물,,기존 커버,PP밴딩끈 재활용 되나요?
mdf합판,1,33,일반폐기물 > 일반종량제폐기물,폐목재,기존 커버,mdf합판
감자 껍질,1,33,음식물류폐기물,,기존 커버,감자 껍질
알류미늄 포장재질,1,33,일반폐기물 > 일반종량제폐기물,은박지,기존 커버,알류미늄 포장재질
워셔액,1,33,일반폐기물 > 일반종량제폐기물,,실측17차,워셔액
캡슐커피,1,33,재활용폐기물 > 금속류,,기존 커버,캡슐커피
파우더,1,33,음식물류폐기물,,실측17차,파우더 버리는 법
페트와 플라스틱,1,33,재활용폐기물 > 무색페트병,,노이즈,페트와 플라스틱 배출
플라스틱 other,1,33,재활용폐기물 > 합성수지 용기류,,노이즈,플라스틱(other) 분리배출 방법
약통,1,32,재활용폐기물 > 합성수지 용기류,,실측17차,약통
어떻게 분리배출 해야 하나요?,1,32,대형폐기물,,노이즈,어떻게 분리배출 해야 하나요?
트리 품목선택,1,32,대형폐기물,,실측17차,트리 품목선택
필터,1,32,일반폐기물 > 일반종량제폐기물,공기청정기 필터,기존 커버,필터
고양이똥,1,31,일반폐기물 > 일반종량제폐기물,,실측17차,고양이똥
레이저복합기의 폐드럼,1,31,재활용폐기물 > 합성수지 용기류,,실측17차,레이저복합기의 폐드럼
가정용 누전 차단기,1,30,재활용폐기물 > 전기전자 제품류,,실측17차,가정용 누전 차단기
"고압 호스 20m,30m",1,30,대형폐기물,,보류,"고압 호스 20m,30m"
분리배출 표기,1,30,기타,,노이즈,분리배출 표기
소화약제,1,30,대형폐기물,소화기,기존 커버,소화약제 폐기 문의
전기판넬,1,30,재활용폐기물 > 전기전자 제품류,,실측17차,전기판넬버리는법
투명용기 분리배출표시에 관한 지침,1,30,기타,,노이즈,투명용기 분리배출표시에 관한 지침 관련
핵과일 씨앗,1,30,음식물류폐기물,복숭아씨,기존 커버,핵과일 씨앗
가정용 미용기기,1,29,재활용폐기물 > 전기전자 제품류,,실측17차,가정용 미용기기
나무 바둑판,1,29,대형폐기물,,보류,나무 바둑판
닌텐도 게임기,1,29,재활용폐기물 > 전기전자 제품류,,보류,닌텐도 게임기
찜질팩 38cmx26cm,1,29,일반폐기물,"찜질팩 = 20 (13차, 17차 재측정도 20)",실측13차,찜질팩(38cmx26cm)
배출요일,1,28,기타,,노이즈,배출요일
소형 전자부품,2,28,재활용폐기물,,노이즈,소형 전자부품 | 소형 전자부품
즉석조리식품 분리배출마크,1,28,기타,,노이즈,즉석조리식품 분리배출마크 문의
탁상달력,1,28,재활용폐기물 > 종이,,실측12차,탁상달력
강아지 쇠 빗,1,27,재활용폐기물 > 금속류,,보류,강아지 쇠 빗
마시다 남은 커피,1,27,재활용폐기물 > 합성수지 용기류,,보류,마시다 남은 커피
망고스틴,1,27,일반폐기물 > 일반종량제폐기물,과일껍질,기존 커버,망고스틴
app이 안받아져서,1,26,기타,,노이즈,app이 안받아져서 문의 드립니다.
다회용 장바구니,1,26,일반폐기물 > 일반종량제폐기물,,실측17차,다회용 장바구니
마른 콩류,1,26,음식물류폐기물,,실측17차,마른 콩류
반려동물 용품,1,26,대형폐기물,,노이즈,반려동물 용품
샴푸통,1,26,재활용폐기물 > 합성수지 용기류,,실측14차,샴푸통
"스티커, 키스컷 마스킹 테이프",1,26,재활용폐기물 > 합성수지 비닐류,스티커,실측18차,"스티커, 키스컷 마스킹 테이프 처리 방법"
"초콜렛, 커피 과자",1,26,음식물류폐기물,과자,기존 커버,"초콜렛, 커피 과자"
화약총 화약,1,26,일반폐기물 > 일반종량제폐기물,폭죽,기존 커버,화약총 화약
황산나트륨,1,26,일반폐기물 > 일반종량제폐기물,,보류,황산나트륨 버리는법
두꺼운 투명비밀,1,25,재활용폐기물 > 합성수지 비닐류,비닐,기존 커버,두꺼운 투명비밀
묵은 쌀,2,25,음식물류폐기물,,기존 커버,묵은 쌀 | 묵은 쌀
바인더 끈,1,25,일반폐기물 > 일반종량제폐기물,클리어파일,기존 커버,바인더 끈
음식물처리기에서 나온 흙,1,25,음식물류폐기물,음식물처리기,기존 커버,음식물처리기에서 나온 흙
전기사용 쌀통,1,25,재활용폐기물 > 전기전자 제품류,,보류,전기사용 쌀통 수거어떻게 하나요?
가루가 든 봉지,1,24,재활용폐기물 > 합성수지 비닐류,밀가루,기존 커버,가루가 든 봉지
굴 석화 그물,1,24,일반폐기물 > 일반종량제폐기물,,보류,굴(석화) 그물
살충제,1,24,생활계 유해폐기물 > 폐농약,,기존 커버,살충제
아기 물약,1,24,생활계 유해폐기물 > 폐의약품,약,기존 커버,아기 물약
유통기한 지난 라면,1,24,음식물류폐기물,유통기한 지난 음식,실측18차,유통기한 지난 라면
칼국수면,1,24,음식물류폐기물,유통기한 지난 음식,실측18차,칼국수면
애견 변,1,23,일반폐기물 > 일반종량제폐기물,,실측17차,애견 변
체리씨,1,23,일반폐기물 > 일반종량제폐기물,,기존 커버,체리씨
코팅종,1,23,재활용폐기물 > 종이,코팅종이,기존 커버,코팅종이 분리수거
탈취제 리필용,1,23,기타,탈취제,실측18차,탈취제 리필용
나무바구니,1,22,일반폐기물 > 일반종량제폐기물,,실측17차,나무바구니
담뱃갑 케이스,1,22,재활용폐기물 > 합성수지 비닐류,,실측17차,담뱃갑 케이스
도배풀,1,22,일반폐기물 > 일반종량제폐기물,접착제,실측18차,도배풀처리방법
두루마리 휴지,1,22,재활용폐기물 > 종이,,실측14차,두루마리 휴지
미숫가루 우유,1,22,음식물류폐기물,밀가루,기존 커버,미숫가루 우유
방울토마토 꼭지,1,22,음식물류폐기물,토마토꼭지,실측18차,방울토마토 꼭지
스텝퍼,1,22,대형폐기물,,실측17차,스텝퍼
휘핑크림 스프레이통,1,22,재활용폐기물 > 금속류,생크림,기존 커버,휘핑크림 스프레이통
흑연,1,22,일반폐기물 > 일반종량제폐기물,,노이즈,흑연
가스점화기,1,21,일반폐기물 > 일반종량제폐기물,,보류,가스점화기
말린 명태껍질,1,21,음식물류폐기물,,실측17차,말린 명태껍질 배출
사탕수수 펄프 용기,1,21,재활용폐기물 > 종이,,보류,사탕수수 펄프 용기
생분해 다시팩,1,21,일반폐기물 > 일반종량제폐기물,티백,기존 커버,생분해 다시팩
양송이 버섯 꼭지?,1,21,음식물류폐기물,토마토꼭지,실측18차,양송이 버섯 꼭지?
요소수 페트,1,21,재활용폐기물 > 합성수지 용기류,,보류,요소수 페트
고춧가루,1,20,음식물류폐기물,,기존 커버,고춧가루는 어떻게 버리나요?
라면스프,1,20,일반폐기물,,실측17차,라면스프 버리는 법
립스틱.팩트,1,20,재활용폐기물 > 합성수지 용기류,화장품,기존 커버,립스틱.팩트
생선,1,20,음식물류폐기물,생선뼈,기존 커버,생선
시멘트 포대자루,1,20,재활용폐기물 > 합성수지 비닐류,,보류,시멘트 포대자루 버리는 방법
액체 소스,1,20,일반폐기물 > 일반종량제폐기물,간장,실측18차,액체 소스
재활용 어려움 표시 의미,1,20,기타,,노이즈,'재활용 어려움'표시 의미
지구본,1,20,재활용폐기물 > 전기전자 제품류,,보류,지구본
펌핑용기,1,20,재활용폐기물 > 합성수지 용기류,샴푸통,실측18차,펌핑용기
UV램프,1,19,일반폐기물 > 일반종량제폐기물,형광등,기존 커버,UV램프
과일망,1,19,일반폐기물 > 일반종량제폐기물,,기존 커버,과일망
막대사탕,1,19,기타,과자,기존 커버,막대사탕
미용용 얼굴 마네킹,1,19,일반폐기물 > 일반종량제폐기물,,보류,미용용 얼굴 마네킹
바늘,1,19,일반폐기물 > 일반종량제폐기물,,기존 커버,바늘은 어떻게 버리나요
비타민C 포장케이스,1,19,일반폐기물 > 일반종량제폐기물,약,기존 커버,비타민C 포장케이스 분리수거
뽁뽁,1,19,재활용폐기물 > 합성수지 비닐류,뽁뽁이,기존 커버,뽁뽁이 분리배출 방법
"샴푸, 바디워시, 컨디셔너, 로션",1,19,재활용폐기물 > 합성수지 용기류,샴푸통,실측18차,"샴푸, 바디워시, 컨디셔너, 로션"
야광봉,1,19,재활용폐기물 > 조명제품,,보류,야광봉
노끈이나 포장끈,1,18,일반폐기물 > 일반종량제폐기물,노끈,기존 커버,노끈이나 포장끈
마른멸치,1,18,음식물류폐기물,,실측17차,마른멸치
무색페트,1,18,재활용폐기물,,노이즈,무색페트
물기없는 간식류,1,18,음식물류폐기물,과자,기존 커버,물기없는 간식류
볶은 땅콩껍질,1,18,일반폐기물 > 일반종량제폐기물,땅콩껍질,실측18차,볶은 땅콩껍질
슬라임과 터진 말랑이,1,18,일반폐기물 > 일반종량제폐기물,클레이,실측18차,슬라임과 터진 말랑이
쌀겨,1,18,일반폐기물 > 일반종량제폐기물,쌀,기존 커버,쌀겨
아보카도 씨,1,18,일반폐기물 > 일반종량제폐기물,,기존 커버,아보카도 씨
오래된 쌀 또는 곡물,1,18,음식물류폐기물,쌀,기존 커버,오래된 쌀 또는 곡물
전자시게,1,18,재활용폐기물 > 전기전자 제품류,벽시계,기존 커버,전자시게 폐기
주방세제,1,18,일반폐기물 > 일반종량제폐기물,,기존 커버,주방세제
캬라멜,1,18,음식물류폐기물,과자,기존 커버,캬라멜
"폐광택제, 다목적 세척제",1,18,기타,세제,기존 커버,"폐광택제, 다목적 세척제"
껍질,1,17,음식물류폐기물,,노이즈,껍질
무색페트 플라스틱 PET,1,17,기타,,노이즈,무색페트 플라스틱 PET 관련 질문
용기 접착부분,1,17,기타,,노이즈,용기 접착부분
음식물 부스러기,1,17,음식물류폐기물,,보류,음식물 부스러기
인라인스케이트,2,17,일반폐기물 > 일반종량제폐기물,,기존 커버,인라인스케이트 | 인라인스케이트
테블렛PC 케이스,1,17,일반폐기물 > 일반종량제폐기물,노트북,기존 커버,테블렛PC 케이스
화면 보호 필름,1,17,일반폐기물 > 일반종량제폐기물,,보류,화면 보호 필름
화이트보드,1,17,대형폐기물,,실측13차,화이트보드
강낭콩 껍질,1,16,일반폐기물 > 일반종량제폐기물,땅콩껍질,실측18차,강낭콩 껍질
곡물가루,1,16,음식물류폐기물,밀가루,기존 커버,곡물가루
곰팡이 핀 쌀,1,16,음식물류폐기물,,기존 커버,곰팡이 핀 쌀
드라이샴푸,1,16,일반폐기물 > 일반종량제폐기물,,보류,드라이샴푸
락카,1,16,"생활계 유해폐기물 > 폐페인트, 폐광택제, 폐접착제",,기존 커버,락카
와인병 분류,1,16,재활용폐기물 > 유리병,유리병,기존 커버,와인병 분류배출 방법
유통기한 지난 씨리얼,1,16,음식물류폐기물,유통기한 지난 음식,실측18차,유통기한 지난 씨리얼
장구,1,16,일반폐기물 > 일반종량제폐기물,,보류,장구
채소 잔재물,1,16,음식물류폐기물,배추,실측18차,채소 잔재물
초콜릿,1,16,음식물류폐기물,,기존 커버,초콜릿
키링고리 열쇠고리,1,16,재활용폐기물 > 금속류,,보류,키링고리(열쇠고리)
키친타올,1,16,일반폐기물 > 일반종량제폐기물,키친타올,실측18차,키친타올
펜 잉크,1,16,일반폐기물 > 일반종량제폐기물,볼펜,기존 커버,펜 잉크
프랜차이즈 공차 플라스틱 컵,1,16,재활용폐기물 > 합성수지 용기류,플라스틱컵,실측18차,프랜차이즈 공차 플라스틱 컵
플라스틱,1,16,재활용폐기물 > 합성수지 용기류,,노이즈,플라스틱
PP마대 배출대상,1,15,일반폐기물 > 불연성종량제폐기물,가이드 종량제봉투,기존 커버,PP마대 배출대상
두상 마네킹,1,15,일반폐기물 > 일반종량제폐기물,,보류,두상 마네킹
명태껍데기,1,15,음식물류폐기물,생선뼈,기존 커버,명태껍데기
분리수거를 파쇄지봉투에 담아도 상관없나요?,1,15,기타,,노이즈,분리수거를 파쇄지봉투에 담아도 상관없나요?
빙초산,1,15,기타,,보류,빙초산
"스프링카, 안전가드",1,15,대형폐기물,,보류,"스프링카, 안전가드"
은 세척제,1,15,생활계 유해폐기물,세제,기존 커버,은 세척제 버리는 방법
인공눈물 포장 플라스틱,1,15,재활용폐기물 > 합성수지 용기류,약,기존 커버,인공눈물 포장 플라스틱
천연잔디,1,15,일반폐기물 > 일반종량제폐기물,낙엽,기존 커버,천연잔디
프린트된 a4용지,1,15,재활용폐기물 > 종이,종이,기존 커버,프린트된 a4용지
PP밴드,1,14,일반폐기물 > 일반종량제폐기물,노끈,기존 커버,PP밴드는 재활용 가능한가요?
대하 껍질 분류,1,14,음식물류폐기물,조개껍질,기존 커버,대하 껍질 분류
"마늘소스, 양파소스",1,14,재활용폐기물 > 합성수지 용기류,간장,실측18차,"마늘소스, 양파소스"
바지걸이,1,14,일반폐기물 > 일반종량제폐기물,옷걸이,기존 커버,바지걸이는 어떻게 버리나요?
불에 탄 책,1,14,일반폐기물 > 일반종량제폐기물,책,기존 커버,불에 탄 책
세제통,1,14,재활용폐기물 > 합성수지 용기류,세제,기존 커버,세제통
시금치 뿌리,1,14,일반폐기물 > 일반종량제폐기물,배추,실측18차,시금치 뿌리
실로폰,1,14,일반폐기물 > 일반종량제폐기물,,보류,실로폰
아크릴 접착제,1,14,생활계 유해폐기물,접착제,실측18차,아크릴 접착제
온열조끼 및 온열장갑,1,14,재활용폐기물 > 전기전자 제품류,,보류,온열조끼 및 온열장갑 처리방법
쿨매트 외,1,14,일반폐기물 > 일반종량제폐기물,쿨매트,실측18차,쿨매트 외
페인트 붙은 플라스틱,1,14,일반폐기물 > 일반종량제폐기물,페인트,기존 커버,페인트 붙은 플라스틱
uv등,1,13,일반폐기물 > 일반종량제폐기물,형광등,기존 커버,uv등
갑각류 껍질,1,13,일반폐기물 > 일반종량제폐기물,조개껍질,기존 커버,갑각류 껍질
고양이 사료,1,13,일반폐기물 > 일반종량제폐기물,사료봉투,실측18차,고양이 사료
과자,1,13,음식물류폐기물,,기존 커버,과자
돼지머리,1,13,음식물류폐기물,,보류,돼지머리
바세린,1,13,재활용폐기물 > 합성수지 용기류,화장품,기존 커버,바세린 버리는 법.
안 먹은 활명수,1,13,재활용폐기물 > 유리병,약,기존 커버,안 먹은 활명수
알려주세요....!,1,13,재활용폐기물,,노이즈,알려주세요....!
액체비료통,1,13,재활용폐기물 > 합성수지 용기류,,보류,액체비료통
오징어손질후 내장,1,13,음식물류폐기물,,보류,오징어손질후 내장
육류포장용기,1,13,재활용폐기물 > 발포합성수지(스티로폼 등),스티로폼,기존 커버,육류포장용기
재활용 불가능 플라스틱,1,13,기타,,노이즈,재활용 불가능 플라스틱
"조개, 전복껍질",1,13,일반폐기물 > 일반종량제폐기물,조개껍질,기존 커버,"조개, 전복껍질"
죽은 식물,1,13,일반폐기물 > 일반종량제폐기물,화분,기존 커버,죽은 식물
귀 체온계와 조각칼,1,12,기타,체온계,실측18차,귀 체온계와 조각칼
글루건 심,1,12,일반폐기물 > 일반종량제폐기물,접착제,실측18차,글루건 심
나무망치,1,12,재활용폐기물,,보류,나무망치 버리는법
노란 끈,1,12,일반폐기물 > 일반종량제폐기물,노끈,기존 커버,노란 끈
라탄,1,12,일반폐기물 > 일반종량제폐기물,,보류,라탄
립스틱 묻은 캔,1,12,재활용폐기물 > 금속류,참치캔,기존 커버,립스틱 묻은 캔
상한 과자,1,12,음식물류폐기물,과자,기존 커버,상한 과자
소라 내장,1,12,음식물류폐기물,,보류,소라 내장
소스류,1,12,음식물류폐기물,간장,실측18차,소스류
싹난 양파,1,12,일반폐기물 > 일반종량제폐기물,양파껍질,기존 커버,싹난 양파
야구글러브 오일,1,12,일반폐기물,,보류,야구글러브 오일
찜질용 팥,1,12,일반폐기물 > 일반종량제폐기물,"찜질팩 = 20 (13차, 17차 재측정도 20)",실측13차,찜질용 팥
천하장사 소세지,1,12,재활용폐기물 > 합성수지 비닐류,,보류,천하장사 소세지
캔시머 용기,1,12,재활용폐기물 > 합성수지 용기류,,보류,캔시머 용기
토마토 꼭지,1,12,음식물류폐기물,토마토꼭지,실측18차,토마토 꼭지
토마토케찹 병은 플라스틱에 속함?,1,12,재활용폐기물 > 합성수지 용기류,간장,실측18차,토마토케찹 병은 플라스틱에 속함?
파스타병에 붙은 라벨스티커,1,12,재활용폐기물 > 합성수지 비닐류,라벨,실측18차,파스타병에 붙은 라벨스티커
펌프 용기,1,12,재활용폐기물 > 합성수지 용기류,샴푸통,실측18차,펌프 용기
플라스틱채반,1,12,재활용폐기물 > 합성수지 용기류,,보류,플라스틱채반
학습지,1,12,재활용폐기물 > 종이,종이,기존 커버,학습지
화학물질 묻은 음식,1,12,일반폐기물 > 일반종량제폐기물,,노이즈,화학물질 묻은 음식
DIY 부품,1,11,재활용폐기물 > 전기전자 제품류,,노이즈,DIY 부품
건조된쑥,1,11,일반폐기물 > 일반종량제폐기물,,보류,건조된쑥
검은콩,1,11,음식물류폐기물,,보류,검은콩
곰팡이 핀 바나나,1,11,음식물류폐기물,바나나껍질,기존 커버,곰팡이 핀 바나나
녹이 슨 철 지붕,1,11,재활용폐기물 > 금속류,고철,기존 커버,녹이 슨 철 지붕
담배,1,11,일반폐기물 > 일반종량제폐기물,담배꽁초,실측18차,담배
대리석 플레이트,1,11,일반폐기물 > 불연성종량제폐기물,,보류,대리석 플레이트
"더러운 병, 캔, 플라스틱 등",1,11,재활용폐기물 > 유리병,,노이즈,"더러운 병, 캔, 플라스틱 등"
두루마리 화장지,1,11,재활용폐기물,키친타올,실측18차,두루마리 화장지
보온보냉물통,1,11,재활용폐기물 > 금속류,텀블러,기존 커버,보온보냉물통
삼계탕재료,1,11,일반폐기물,,보류,삼계탕재료
야채쓰레기,1,11,음식물류폐기물,배추,실측18차,야채쓰레기
이북리더기,1,11,재활용폐기물 > 전기전자 제품류,노트북,기존 커버,이북리더기
인스턴트 곰탕 파우치,1,11,재활용폐기물 > 합성수지 비닐류,,보류,인스턴트 곰탕 파우치
작두콩껍데기,1,11,일반폐기물 > 일반종량제폐기물,땅콩껍질,실측18차,작두콩껍데기
"전동부항기 본체, 전동 쉐이커, 달걀찜기",1,11,재활용폐기물 > 전기전자 제품류,,노이즈,"전동부항기 본체, 전동 쉐이커, 달걀찜기"
전자계산기,1,11,재활용폐기물 > 전기전자 제품류,,보류,전자계산기
청포도 퓨레,1,11,재활용폐기물 > 합성수지 용기류,,보류,청포도 퓨레
초콜렛 시럽,1,11,재활용폐기물 > 합성수지 용기류,,보류,초콜렛 시럽
콘돔,1,11,일반폐기물 > 일반종량제폐기물,,실측14차,콘돔
투명페트,1,11,재활용폐기물 > 합성수지 용기류,,노이즈,투명페트
폴리프로필렌 원료로 된 고추망,1,11,일반폐기물 > 일반종량제폐기물,과일망,기존 커버,폴리프로필렌 원료로 된 고추망
플라베니아,1,11,일반폐기물 > 일반종량제폐기물,,보류,플라베니아 배출방법
핀버튼 뱃지,1,11,재활용폐기물 > 금속류,,보류,핀버튼 뱃지
계산기,1,10,재활용폐기물 > 전기전자 제품류,,실측13차,계산기
낚싯줄,2,10,일반폐기물 > 일반종량제폐기물,,보류,낚싯줄 | 낚싯줄
녹슨 철,1,10,재활용폐기물 > 금속류,고철,기존 커버,녹슨 철
다먹은콜대원등 약봉투,1,10,재활용폐기물 > 합성수지 비닐류,약,기존 커버,다먹은콜대원등 약봉투버리는방법
동물 표본,1,10,생활계 유해폐기물,,보류,동물 표본 처리 방법
"마사지오일,로션",1,10,일반폐기물 > 일반종량제폐기물,화장품,기존 커버,"마사지오일,로션"
말린 대추,1,10,음식물류폐기물,,보류,말린 대추
머리카락,1,10,일반폐기물 > 일반종량제폐기물,머리카락,실측18차,머리카락
방문손잡이,1,10,재활용폐기물 > 금속류,,보류,방문손잡이는 어떻게 분리가 되나요?
백과사전,1,10,재활용폐기물 > 종이,책,기존 커버,백과사전
사과,1,10,음식물류폐기물,과일껍질,기존 커버,사과
사원증,1,10,일반폐기물 > 일반종량제폐기물,신용카드,기존 커버,사원증
서류결재판,1,10,일반폐기물 > 일반종량제폐기물,클리어파일,기존 커버,서류결재판
설레임,1,10,재활용폐기물 > 합성수지 비닐류,,보류,설레임 버리는 법
수영 오리발,1,10,일반폐기물 > 일반종량제폐기물,,보류,수영 오리발 배출
스위치,1,10,일반폐기물 > 일반종량제폐기물,,노이즈,스위치
스티커 이형지,1,10,일반폐기물 > 일반종량제폐기물,스티커,실측18차,스티커 이형지
애완동물 용변시트,1,10,일반폐기물 > 일반종량제폐기물,강아지똥,실측18차,애완동물 용변시트
주방화,1,10,일반폐기물 > 일반종량제폐기물,신발,기존 커버,주방화 버리는법
치실,1,10,일반폐기물 > 일반종량제폐기물,,보류,치실버리는법
"캔, 병, 플라스틱 혼합배출하면 안되나요?",1,10,기타,,노이즈,"캔, 병, 플라스틱 혼합배출하면 안되나요?"
컴배트 플라스틱으로 분리하나요?,1,10,일반폐기물 > 일반종량제폐기물,,보류,컴배트 플라스틱으로 분리하나요?
탄 램프,1,10,재활용폐기물 > 전기전자 제품류,전구,기존 커버,탄 램프
트리를 버릴곳,1,10,일반폐기물 > 일반종량제폐기물,크리스마스트리,기존 커버,트리를 버릴곳
판피린 약병,1,10,재활용폐기물 > 유리병,약,기존 커버,판피린 약병
효자손,2,10,일반폐기물 > 일반종량제폐기물,,보류,효자손 | 효자손
1회용투명플라스틱잔,1,9,재활용폐기물 > 무색페트병,플라스틱컵,실측18차,1회용투명플라스틱잔배출
가스버너,1,9,재활용폐기물 > 금속류,,기존 커버,가스버너 버리는 방법
고기 연골,1,9,음식물류폐기물,,보류,고기 연골
고량주 병,1,9,재활용폐기물 > 유리병,유리병,기존 커버,고량주 병 배출방법
깨진 플라스틱,1,9,일반폐기물,,노이즈,깨진 플라스틱
내열플라스틱컵,1,9,일반폐기물 > 일반종량제폐기물,플라스틱컵,실측18차,내열플라스틱컵
농약통,1,9,일반폐기물 > 일반종량제폐기물,,보류,농약통
눈썹칼,1,9,일반폐기물 > 일반종량제폐기물,식칼,기존 커버,눈썹칼
다시다 가루,1,9,음식물류폐기물,밀가루,기존 커버,다시다 가루
딸기 잎,1,9,음식물류폐기물,토마토꼭지,실측18차,딸기 잎
로또복권,1,9,일반폐기물 > 일반종량제폐기물,,보류,로또복권
립스틱,1,9,재활용폐기물,화장품,기존 커버,립스틱 버리는 법
복사용지 포장,1,9,재활용폐기물 > 종이,종이,기존 커버,복사용지 포장
분갈이 흙,1,9,일반폐기물 > 불연성종량제폐기물,화분(첫 문단이 흙),기존 커버,분갈이 흙
분필,1,9,일반폐기물 > 불연성종량제폐기물,,보류,분필 분리수거
사과즙,1,9,재활용폐기물 > 합성수지 비닐류,,보류,사과즙
새장,1,9,대형폐기물,,실측12차,새장은 어떻게 버리나요
샤워타월,1,9,일반폐기물 > 일반종량제폐기물,,보류,샤워타월
석류,1,9,음식물류폐기물,과일껍질,기존 커버,석류
설레임 아이스크림,1,9,재활용폐기물 > 합성수지 비닐류,,보류,설레임 아이스크림
수동 파쇄기,1,9,일반폐기물 > 일반종량제폐기물,,보류,수동 파쇄기
스노우볼,1,9,일반폐기물 > 일반종량제폐기물,,보류,스노우볼 어떻게 버려요
요거트 뚜껑,1,9,재활용폐기물 > 합성수지 비닐류,페트병,기존 커버,요거트 뚜껑
음료수 뚜껑,1,9,재활용폐기물 > 합성수지 비닐류,페트병,기존 커버,음료수 뚜껑
자동심장충격기,1,9,기타,,보류,자동심장충격기
작은 플라스틱,1,9,재활용폐기물 > 합성수지 용기류,,노이즈,작은 플라스틱
잡곡,1,9,음식물류폐기물,,기존 커버,잡곡
잡곡류,1,9,음식물류폐기물,쌀(잡곡 별칭),기존 커버,잡곡류
죽은 곤충,1,9,일반폐기물 > 일반종량제폐기물,,보류,죽은 곤충
쿨매트 냉매트,1,9,일반폐기물,쿨매트,실측18차,쿨매트(냉매트)
플라스틱 재활용 표시,1,9,재활용폐기물 > 합성수지 용기류,,노이즈,플라스틱 재활용 표시
핸듶ㄴ,1,9,재활용폐기물 > 전기전자 제품류,,노이즈,핸듶ㄴ 어떻게 버리나여??
홍시껍질,1,9,음식물류폐기물,과일껍질,기존 커버,홍시껍질
훌라우프,1,9,대형폐기물,,보류,훌라우프
강아지 배변,1,8,일반폐기물 > 일반종량제폐기물,강아지똥,실측18차,강아지 배변
마사지건,1,8,재활용폐기물 > 전기전자 제품류,,보류,마사지건
매실청 액,1,8,기타,매실청,실측18차,매실청 액
면도크림 용기,1,8,재활용폐기물 > 금속류,화장품,기존 커버,면도크림 용기
명세서,1,8,일반폐기물 > 일반종량제폐기물,종이,기존 커버,명세서 버리는방법
비눗방울 용액,1,8,기타,,보류,비눗방울 용액
아트지 스티커,1,8,일반폐기물 > 일반종량제폐기물,스티커,실측18차,아트지 스티커 재활용 여부
유통기한 지난 설탕,1,8,음식물류폐기물,밀가루,기존 커버,유통기한 지난 설탕
중성지,1,8,재활용폐기물 > 종이,종이,기존 커버,중성지 분리배출
축구화와 풋살화,1,8,재활용폐기물 > 의류,신발,기존 커버,축구화와 풋살화
타피오카 펄,1,8,음식물류폐기물,,보류,타피오카 펄
태극기,1,8,일반폐기물 > 일반종량제폐기물,,보류,태극기
투명 범퍼케이스,1,8,일반폐기물 > 일반종량제폐기물,,보류,투명 범퍼케이스
팥앙금,1,8,음식물류폐기물,,보류,팥앙금 어떻게 버리나요
플라스틱 파렛트,1,8,대형폐기물,,보류,플라스틱 파렛트
휘핑스프레이,1,8,재활용폐기물 > 금속류,부탄가스,기존 커버,휘핑스프레이
경종,1,7,재활용폐기물 > 전기전자 제품류,,보류,경종 버리기
기타 농산가공품 환,1,7,음식물류폐기물,,노이즈,기타 농산가공품 환
닌텐도는........?,1,7,재활용폐기물,,노이즈,닌텐도는........?
등갈비,1,7,음식물류폐기물,,보류,등갈비
레모나,1,7,재활용폐기물 > 합성수지 비닐류,,보류,레모나
마작자리,1,7,일반폐기물 > 불연성종량제폐기물,,보류,마작자리
막걸리병,1,7,재활용폐기물 > 합성수지 용기류,유리병,기존 커버,막걸리병
버블건,1,7,일반폐기물 > 일반종량제폐기물,,보류,버블건
보드마카,1,7,일반폐기물 > 일반종량제폐기물,볼펜,기존 커버,보드마카
봉지집게,1,7,재활용폐기물 > 합성수지 용기류,,보류,봉지집게
불꽃신호기,1,7,일반폐기물 > 일반종량제폐기물,,보류,불꽃신호기 폐기 방법
비타 500,1,7,기타,,보류,비타 500
소주잔,1,7,일반폐기물 > 불연성종량제폐기물,,기존 커버,소주잔
수도 계량기,1,7,재활용폐기물 > 금속류,,보류,수도 계량기
수박끈,1,7,일반폐기물 > 일반종량제폐기물,,보류,수박끈
어디다가 버려야할까요~?,1,7,재활용폐기물 > 유리병,,노이즈,어디다가 버려야할까요~?
유산균,1,7,일반폐기물 > 일반종량제폐기물,,실측17차,유산균
음식물 처리기 건조통,1,7,재활용폐기물 > 금속류,음식물처리기,기존 커버,음식물 처리기 건조통
이동식 화장실,1,7,대형폐기물,,보류,이동식 화장실
잔디깍기,1,7,대형폐기물,,보류,잔디깍기
재활용쓰레기 배출하는 양,1,7,기타,,노이즈,재활용쓰레기 배출하는 양
전동식 드럼펌프,1,7,재활용폐기물 > 전기전자 제품류,,보류,전동식 드럼펌프
제도용 T자,1,7,재활용폐기물 > 금속류,,보류,제도용 T자
제모기,1,7,재활용폐기물 > 전기전자 제품류,,보류,제모기는 어떻게 버려야하나요
카놀라유 분류,1,7,음식물류폐기물,식용유,기존 커버,카놀라유 분류배출
테블릿,1,7,재활용폐기물,노트북,기존 커버,테블릿
투명테이프,1,7,재활용폐기물 > 합성수지 비닐류,,보류,투명테이프
플라스틱 공구함,1,7,재활용폐기물 > 합성수지 용기류,,보류,플라스틱 공구함
플라스틱병 라벨 제거,1,7,재활용폐기물 > 합성수지 비닐류,라벨,실측18차,플라스틱병 라벨 제거
플라스틱에 페인트 묻은 경우,1,7,일반폐기물 > 일반종량제폐기물,페인트,기존 커버,플라스틱에 페인트 묻은 경우
회로,1,7,재활용폐기물 > 전기전자 제품류,,노이즈,회로는 어떻게 버려요?
ohp필름,1,6,일반폐기물 > 일반종량제폐기물,,보류,ohp필름
가죽옷,1,6,재활용폐기물 > 원단류,헌옷,기존 커버,가죽옷
발 마사지기,1,6,재활용폐기물 > 전기전자 제품류,,보류,발 마사지기
벌레 퇴치용 연막탄,1,6,재활용폐기물 > 금속류,,보류,벌레 퇴치용 연막탄
상표,1,6,재활용폐기물 > 종이,,노이즈,상표 분리수거
수박에 띠지만 있는 경우 분리배출 표시가 있어야하나요?,1,6,일반폐기물 > 일반종량제폐기물,,보류,수박에 띠지만 있는 경우 분리배출 표시가 있어야하나요?
쓰레기봉투,1,6,일반폐기물 > 불연성종량제폐기물,가이드 종량제봉투,기존 커버,쓰레기봉투
아이들 놀이 병풍,1,6,일반폐기물 > 일반종량제폐기물,,보류,아이들 놀이 병풍
쥐포,1,6,음식물류폐기물,,보류,쥐포
코코팜 알맹이,1,6,음식물류폐기물,,보류,코코팜 알맹이
탄음식,1,6,음식물류폐기물,유통기한 지난 음식,실측18차,탄음식
털 의류,1,6,재활용폐기물 > 의류,헌옷,기존 커버,털 의류
퇴비 및 펠렛 포대,1,6,일반폐기물 > 일반종량제폐기물,,보류,퇴비 및 펠렛 포대
플로피디스켓,1,6,일반폐기물 > 일반종량제폐기물,CD,기존 커버,플로피디스켓 버리는 방법
3m암막용단열시트,1,5,재활용폐기물 > 합성수지 비닐류,,보류,3m암막용단열시트
가베 교구,1,5,일반폐기물 > 일반종량제폐기물,,보류,가베 교구
고양이 간식,1,5,재활용폐기물 > 합성수지 비닐류,사료봉투,실측18차,고양이 간식
담뱃갑,1,5,재활용폐기물 > 종이,,기존 커버,담뱃갑
반려동물 넥카라,1,5,일반폐기물 > 일반종량제폐기물,,보류,반려동물 넥카라
비정제 원당,1,5,음식물류폐기물,밀가루,기존 커버,비정제 원당
빨래줄,1,5,일반폐기물 > 일반종량제폐기물,노끈,기존 커버,빨래줄
색깔 있는 뽁뽁,1,5,재활용폐기물 > 합성수지 비닐류,뽁뽁이,기존 커버,색깔 있는 뽁뽁이 재활용인가요?
세탁망,1,5,일반폐기물 > 일반종량제폐기물,,보류,세탁망
수축필름,1,5,재활용폐기물 > 합성수지 비닐류,비닐랩,실측18차,수축필름
스마트밴드,1,5,재활용폐기물 > 전기전자 제품류,,보류,스마트밴드
얼룩묻은 겉옷,1,5,재활용폐기물 > 의류,헌옷,기존 커버,얼룩묻은 겉옷
전자식 메모보드,1,5,재활용폐기물 > 전기전자 제품류,,보류,전자식 메모보드
조개구이,1,5,음식물류폐기물,,보류,조개구이
지퍼팩,1,5,재활용폐기물 > 합성수지 비닐류,비닐(지퍼백 별칭),기존 커버,지퍼팩 어디다 버려요
치킨스톡,1,5,음식물류폐기물,,보류,치킨스톡
투명 스티커 라벨,1,5,일반폐기물 > 일반종량제폐기물,스티커,실측18차,투명 스티커 라벨
파스 박리지,1,5,일반폐기물 > 일반종량제폐기물,,보류,파스 박리지
폼클렌저,1,5,재활용폐기물 > 합성수지 용기류,샴푸통,실측18차,폼클렌저
화선지,1,5,재활용폐기물 > 종이,종이,기존 커버,화선지
화약류,1,5,일반폐기물 > 일반종량제폐기물,,보류,화약류 버리는법
후추가루,1,5,음식물류폐기물,밀가루,기존 커버,후추가루
NFC스티커,1,4,일반폐기물 > 일반종량제폐기물,스티커,실측18차,NFC스티커
PE+PET 필름,1,4,재활용폐기물 > 합성수지 비닐류,,보류,PE+PET 필름
다짐기,1,4,일반폐기물 > 일반종량제폐기물,,보류,다짐기 분리배출
답해주세요,1,4,일반폐기물 > 일반종량제폐기물,,노이즈,답해주세요
마른명태포,1,4,음식물류폐기물,생선뼈,기존 커버,마른명태포
아이돌 포카,1,4,일반폐기물 > 일반종량제폐기물,,보류,아이돌 포카 버리는법
이형지,1,4,일반폐기물 > 일반종량제폐기물,스티커,실측18차,이형지
자동차 사이드미러,1,4,일반폐기물,,보류,자동차 사이드미러 배출 문의
전기코스메틱제품 분류,1,4,재활용폐기물 > 전기전자 제품류,,노이즈,전기코스메틱제품 분류는 어떻게 되나요
지퍼 화일,1,4,일반폐기물 > 일반종량제폐기물,클리어파일,기존 커버,지퍼 화일
초코칩 쿠키,1,4,음식물류폐기물,과자,기존 커버,초코칩 쿠키
탑로더,1,4,일반폐기물 > 일반종량제폐기물,,보류,탑로더
투명 pet 병 분리법,1,4,재활용폐기물 > 무색페트병,,노이즈,투명(pet)병 분리법
풋브러쉬,1,4,일반폐기물 > 일반종량제폐기물,,보류,풋브러쉬
플라스틱 음료수 라벨,1,4,재활용폐기물 > 합성수지 비닐류,라벨,실측18차,플라스틱 음료수 라벨
돈까스 가루,1,3,음식물류폐기물,밀가루,기존 커버,돈까스 가루
비커,1,3,재활용폐기물 > 합성수지 용기류,,보류,비커
"뿌링클 가루, 카레 가루",1,3,음식물류폐기물,밀가루,기존 커버,"뿌링클 가루, 카레 가루"
얇은 미농지,1,3,재활용폐기물 > 종이,종이,기존 커버,얇은 미농지
양념이 밴 재활용품,1,3,재활용폐기물 > 합성수지 용기류,,노이즈,양념이 밴 재활용품
유류 묻은 흙 분리,1,3,일반폐기물 > 불연성종량제폐기물,,보류,유류 묻은 흙 분리방법
인덱스,1,3,일반폐기물 > 일반종량제폐기물,,노이즈,인덱스
전투식량,1,3,음식물류폐기물,,보류,전투식량 폐기
지퍼,1,3,일반폐기물 > 일반종량제폐기물,,노이즈,지퍼
지퍼 달린 옷,1,3,일반폐기물 > 일반종량제폐기물,헌옷,기존 커버,지퍼 달린 옷
프린팅된 플라스틱,1,3,재활용폐기물 > 합성수지 용기류,,노이즈,프린팅된 플라스틱
궁금해요!,1,2,재활용폐기물,,노이즈,궁금해요!
반려동물 빗,1,2,일반폐기물 > 일반종량제폐기물,,보류,반려동물 빗
지우개,1,2,일반폐기물 > 일반종량제폐기물,,실측16차,지우개
파리채,1,2,재활용폐기물 > 합성수지 용기류,,보류,파리채
LED등,2,3379,재활용폐기물 > 조명제품,LED등,기존 커버,LED등 | LED등
"귤껍질과 가루종류 밀가루,녹차가루 등",1,1517,음식물류폐기물,귤껍질,기존 커버,"귤껍질과 가루종류(밀가루,녹차가루 등)는 어떻게 버리나요?"
샤워기,1,1223,일반폐기물 > 일반종량제폐기물,샤워기,기존 커버,샤워기
노트북거치대,1,852,재활용폐기물 > 금속류,노트북,기존 커버,노트북거치대 어떻게 버리나요?
멸균팩,4,844,재활용폐기물 > 종이팩,멸균팩,기존 커버,멸균팩 | 멸균팩 | 멸균팩
"대나무 칫솔, 스프링 노트, 우유팩",1,700,일반폐기물 > 일반종량제폐기물,스프링노트 (별칭 -> 종이),기존 커버,"대나무 칫솔, 스프링 노트, 우유팩"
"참치캔, 김 봉투, 김 용기",1,671,재활용폐기물 > 금속류,참치캔,기존 커버,"참치캔, 김 봉투, 김 용기"
가방,4,592,일반폐기물 / 일반폐기물 > 일반종량제폐기물,가방,기존 커버,가방 | 가방 | 가방을 어떻게 버릴까요?
전기모기채,1,568,재활용폐기물 > 전기전자 제품류,전기모기채,기존 커버,전기모기채
스탠리 텀블러,1,562,재활용폐기물 > 금속류,텀블러,기존 커버,스탠리 텀블러
귤껍질,4,511,음식물류폐기물,귤껍질,기존 커버,귤껍질 | 귤 껍질 | 귤껍질
은박 뽁뽁이,1,502,일반폐기물 > 일반종량제폐기물,뽁뽁이,기존 커버,은박 뽁뽁이
보조배터리,4,500,생활계 유해폐기물 > 수은함유 폐기물 / 재활용폐기물 > 전지류,보조배터리,기존 커버,보조배터리 | 보조배터리 | 보조배터리
살점 붙어있는 닭뼈,1,469,음식물류폐기물,닭뼈 (별칭 -> 치킨뼈),기존 커버,살점 붙어있는 닭뼈
"일회용 숟가락, 포크",1,464,재활용폐기물 > 합성수지 용기류,숟가락 (별칭 -> 수저),기존 커버,"일회용 숟가락, 포크"
"이불솜, 베게솜",1,433,일반폐기물 > 일반종량제폐기물,이불,기존 커버,"이불솜, 베게솜"
깨진 유리컵,1,386,일반폐기물 > 불연성종량제폐기물,깨진 유리컵 (별칭 -> 유리),기존 커버,깨진 유리컵
화분,2,368,대형폐기물,화분,기존 커버,화분 | 화분
미사용 폭죽,1,363,일반폐기물 > 일반종량제폐기물,폭죽,기존 커버,미사용 폭죽
과자상자,2,346,재활용폐기물 > 종이,상자 (별칭 -> 박스),기존 커버,과자상자 | 과자상자
무색페트병,1,344,재활용폐기물 > 무색페트병,페트병,기존 커버,무색페트병
솜이불,1,319,일반폐기물 > 일반종량제폐기물,솜이불,기존 커버,솜이불
컵라면 용기,3,311,기타 / 재활용폐기물 > 종이,컵라면 용기 (별칭 -> 컵라면),기존 커버,컵라면 용기 | 컵라면 용기 | 컵라면용기
유통기간경과영양제,1,310,일반폐기물 > 일반종량제폐기물,영양제 (별칭 -> 약),기존 커버,유통기간경과영양제
부푼 핸드폰 배터리,1,276,재활용폐기물 > 전기전자 제품류,핸드폰 배터리 (별칭 -> 배터리),기존 커버,부푼 핸드폰 배터리
완충재는 비닐인가요 종이인가요,1,256,재활용폐기물 > 종이,완충재 (별칭 -> 뽁뽁이),기존 커버,완충재는 비닐인가요 종이인가요
수박껍질,4,248,음식물류폐기물,수박껍질,기존 커버,수박껍질 | 수박껍질 | 수박 껍질
은색뽁뽁이,1,246,일반폐기물 > 일반종량제폐기물,뽁뽁이,기존 커버,은색뽁뽁이
커피박 관련 제품,1,245,일반폐기물 > 일반종량제폐기물,커피박 (별칭 -> 커피찌꺼기),기존 커버,커피박 관련 제품
닭뼈,3,237,일반폐기물 > 일반종량제폐기물,닭뼈 (별칭 -> 치킨뼈),기존 커버,닭뼈 | 닭뼈 | 닭 뼈
케이블타이,2,228,일반폐기물 > 일반종량제폐기물,케이블 (별칭 -> 전선),기존 커버,케이블타이 | 케이블 타이
소화기,2,224,대형폐기물,소화기,기존 커버,소화기 폐기 | 소화기
화장품 용기,3,223,일반폐기물 > 일반종량제폐기물 / 재활용폐기물 > 합성수지 용기류,화장품 용기 (별칭 -> 화장품),기존 커버,화장품 용기 | 화장품 용기 | 화장품용기
"충전케이블, 전선",1,210,재활용폐기물 > 전기전자 제품류,충전케이블 (별칭 -> 충전기),기존 커버,"충전케이블, 전선"
양파껍질,3,198,일반폐기물 > 일반종량제폐기물,양파껍질,기존 커버,양파껍질 | 양파껍질 | 양파껍질
휴대폰 보조배터리,1,188,재활용폐기물 > 전지류,보조배터리,기존 커버,휴대폰 보조배터리
선풍기,2,185,재활용폐기물 > 전기전자 제품류,선풍기,기존 커버,선풍기 | 선풍기
캠핑 텐트,1,171,대형폐기물,캠핑텐트 (별칭 -> 텐트),기존 커버,캠핑 텐트는 어떻게 버려요?
토퍼 솜 분리배출 품목,1,149,대형폐기물,토퍼 (별칭 -> 매트리스),기존 커버,토퍼(솜) 분리배출 품목
침대패드,2,143,일반폐기물 > 일반종량제폐기물,침대 패드 (판정 별칭),기존 커버,침대패드 | 침대패드
배달에 사용하는 은색 뽁뽁이,1,142,재활용폐기물 > 합성수지 비닐류,뽁뽁이,기존 커버,배달에 사용하는 은색 뽁뽁이
폐건전지,1,142,재활용폐기물 > 전지류,건전지,기존 커버,폐건전지
고무장갑,4,140,일반폐기물 > 일반종량제폐기물,고무장갑 (별칭 -> 고무),기존 커버,고무장갑 | 고무장갑 | 고무장갑
안경,2,139,일반폐기물 > 일반종량제폐기물,안경,기존 커버,안경 | 안경 처리방법
멀티탭,4,138,재활용폐기물 > 전기전자 제품류,멀티탭,기존 커버,멀티탭 | 멀티탭 | 멀티탭
렌즈 담는 플라스틱통,1,137,재활용폐기물 > 합성수지 용기류,플라스틱통 (별칭 -> 쓰레기통),기존 커버,렌즈 담는 플라스틱통
보냉백,2,136,일반폐기물 > 일반종량제폐기물,보냉백,기존 커버,보냉백 배출문의 | 보냉백
플라스틱 병뚜껑/플라스틱 빨대,1,135,재활용폐기물 > 합성수지 용기류,플라스틱 빨대 (별칭 -> 빨대),기존 커버,플라스틱 병뚜껑/플라스틱 빨대
헤어드라이기,1,134,재활용폐기물 > 전기전자 제품류,헤어드라이기 (별칭 -> 드라이기),기존 커버,헤어드라이기는 어떻게 버려야하나요?
음식물 건조기 처리후,1,132,음식물류폐기물,건조기,기존 커버,음식물 건조기 처리후 배출방법
공동주택이 아닌경우 식용유,1,131,기타,식용유,기존 커버,공동주택이 아닌경우 식용유 버리는법
"컵라면 종이, 패스트푸드 종이컵",1,129,재활용폐기물 > 종이,종이컵,기존 커버,"컵라면 종이, 패스트푸드 종이컵"
깨진유리.. 소주병한병이요,1,128,일반폐기물 > 불연성종량제폐기물,깨진유리 (별칭 -> 유리),기존 커버,깨진유리.. 소주병한병이요
멀티탭 관련해서,1,128,재활용폐기물 > 전기전자 제품류,멀티탭,기존 커버,멀티탭 관련해서 문의드립니다~
전기장판,2,125,재활용폐기물 > 전기전자 제품류,전기장판,기존 커버,전기장판 | 전기장판
"보냉팩, 양파망 등",1,124,일반폐기물 > 일반종량제폐기물,보냉팩 (별칭 -> 아이스팩),기존 커버,"보냉팩, 양파망 등"
일회용 전자담배,4,124,재활용폐기물 > 전기전자 제품류,일회용전자담배 (별칭 -> 전자담배),기존 커버,일회용 전자담배 | 일회용 전자담배 | 일회용 전자담배
파쇄종이,1,124,재활용폐기물 > 종이,파쇄종이,기존 커버,파쇄종이
쌀종이 봉지,1,123,재활용폐기물 > 합성수지 용기류,종이,기존 커버,쌀종이 봉지는 어디로 분류 해야 할까요?
탄빵은 음식물쓰레기일까요 일반쓰레기일까요,1,122,음식물류폐기물,음식물쓰레기 (판정 총칭),기존 커버,탄빵은 음식물쓰레기일까요 일반쓰레기일까요
"귤껍질, 썩은귤 상한귤 일반쓰레기로 변경 되었나요?",1,121,음식물류폐기물,귤껍질,기존 커버,"귤껍질, 썩은귤 상한귤 일반쓰레기로 변경 되었나요?"
"전선관 주름관,cd관",1,120,일반폐기물 > 일반종량제폐기물,CD,기존 커버,"전선관(주름관,cd관) 분리수거 질문"
즉석밥 용기,1,117,재활용폐기물 > 합성수지 용기류,즉석밥 용기,기존 커버,즉석밥 용기
부푼 휴대폰배터리,1,116,재활용폐기물 > 전지류,휴대폰 배터리 (별칭 -> 배터리),기존 커버,부푼 휴대폰배터리 배출
"실리카겔, 습기제거제",1,116,일반폐기물 > 일반종량제폐기물,습기제거제,기존 커버,"실리카겔, 습기제거제"
장난감자동차,1,112,대형폐기물,장난감,기존 커버,장난감자동차
라이터,2,111,일반폐기물 > 일반종량제폐기물,라이터,기존 커버,라이터 | 라이터
수채화 물감으로 그림 그린 종,1,109,재활용폐기물 > 종이,그림 (별칭 -> 캔버스),기존 커버,수채화 물감으로 그림 그린 종이 분리수거
전기요,2,109,재활용폐기물 > 전기전자 제품류,전기요 (별칭 -> 전기장판),기존 커버,전기요 | 전기요
고양이 모래,4,108,일반폐기물 > 불연성종량제폐기물 / 일반폐기물 > 일반종량제폐기물,고양이모래,기존 커버,고양이 모래 | 고양이 모래 | 고양이 모래
유통기한지난 야외 불꽃놀이 폭죽,1,107,일반폐기물 > 일반종량제폐기물,불꽃놀이 (별칭 -> 폭죽),기존 커버,유통기한지난 야외 불꽃놀이 폭죽
튜브식 염색약,1,107,기타,염색약,기존 커버,튜브식 염색약
종량제 봉투에 넣어도 되는것과 안되는것,1,105,일반폐기물 > 일반종량제폐기물,종량제봉투 (판정 총칭),기존 커버,종량제 봉투에 넣어도 되는것과 안되는것 알려주세요
업소용 식용유 빈통,1,104,재활용폐기물 > 금속류,식용유,기존 커버,업소용 식용유 빈통 분리배출 방법
옷걸이,1,102,일반폐기물 > 일반종량제폐기물,옷걸이,기존 커버,옷걸이
Led 평판형,1,101,일반폐기물 > 불연성종량제폐기물,led (시드),기존 커버,Led 평판형
도자기화분,1,101,일반폐기물 > 불연성종량제폐기물,도자기 화분 (별칭 -> 화분),기존 커버,도자기화분
음식물이 담겨 있었던 플라스틱 용기를 재활용폐기물로 배출하기 전에 반드시 세제로 설거지를 해야 하나요?,1,101,재활용폐기물 > 합성수지 용기류,플라스틱 용기 (별칭 -> 배달용기),기존 커버,음식물이 담겨 있었던 플라스틱 용기를 재활용폐기물로 배출하기 전에 반드시 세제로 설거지를 해야 하나요?
폐토너,1,101,일반폐기물 > 일반종량제폐기물,토너 (별칭 -> 잉크카트리지),기존 커버,폐토너
화장품 샘플,1,101,재활용폐기물 > 합성수지 비닐류,화장품,기존 커버,화장품 샘플
온수매트,2,100,재활용폐기물 > 전기전자 제품류,온수매트,기존 커버,온수매트 처리방법 | 온수매트
딸기 완충재 스티로폼,1,99,일반폐기물 > 일반종량제폐기물,스티로폼,기존 커버,딸기 완충재 스티로폼
새우 껍질,1,99,음식물류폐기물,새우껍질 (별칭 -> 조개껍질),기존 커버,새우 껍질
마우스패드인데 이거,1,98,재활용폐기물 > 금속류,마우스패드 (별칭 -> 키보드),기존 커버,마우스패드인데 이거 분리수거 어떻게하나요?
세탁세제 및 락스,1,98,재활용폐기물 > 합성수지 용기류,락스,기존 커버,세탁세제 및 락스
충전 케이블,1,98,재활용폐기물 > 전기전자 제품류,충전케이블 (별칭 -> 충전기),기존 커버,충전 케이블
장난감,1,97,재활용폐기물 > 합성수지 용기류,장난감,기존 커버,장난감 버리는 방법 문의
말린 귤껍질은 음식물쓰레기인가요??,1,96,음식물류폐기물,음식물쓰레기 (판정 총칭),기존 커버,말린 귤껍질은 음식물쓰레기인가요??
테트라팩과 멸균팩의 차이점,1,96,기타,멸균팩,기존 커버,테트라팩과 멸균팩의 차이점
"장우산,2단우산",1,95,일반폐기물 > 일반종량제폐기물,장우산 (별칭 -> 우산),기존 커버,"장우산,2단우산"
세탁소 옷걸이,1,94,재활용폐기물 > 금속류,세탁소 옷걸이 (별칭 -> 옷걸이),기존 커버,세탁소 옷걸이
옷걸이&손세정제&락스,1,93,일반폐기물 > 일반종량제폐기물,옷걸이,기존 커버,옷걸이&손세정제&락스
LED 십자등,1,92,대형폐기물,led (시드),기존 커버,LED 십자등
단프라 박스,1,90,재활용폐기물 > 합성수지 용기류,박스,기존 커버,단프라 박스
상한 김치,1,90,음식물류폐기물,김치,기존 커버,상한 김치
프라이팬,2,90,재활용폐기물 > 금속류,프라이팬 (별칭 -> 후라이팬),기존 커버,프라이팬 | 프라이팬
코팅된 종이컵 등,1,89,재활용폐기물 > 종이,코팅된 종이 (시드),기존 커버,코팅된 종이컵 등
은박지 포장지는 일반쓰레기인가요?,1,88,재활용폐기물 > 합성수지 비닐류,은박지,기존 커버,은박지 포장지는 일반쓰레기인가요?
은박 보냉 뽁뽁이,1,87,일반폐기물 > 일반종량제폐기물,뽁뽁이,기존 커버,은박 보냉 뽁뽁이
과자봉지,3,84,기타 / 재활용폐기물 > 합성수지 비닐류,과자봉지 (별칭 -> 비닐),기존 커버,과자봉지 | 과자봉지 | 과자봉지
세수수건타올,1,84,일반폐기물 > 일반종량제폐기물,수건,기존 커버,세수수건타올
컵라면,2,84,일반폐기물 > 일반종량제폐기물 / 재활용폐기물 > 발포합성수지(스티로폼 등),컵라면,기존 커버,컵라면 | 컵라면
4층 가구,1,83,대형폐기물,가구 (판정 총칭),기존 커버,4층 가구 배출
세척된 컵라면용기,1,83,재활용폐기물 > 종이,컵라면 용기 (별칭 -> 컵라면),기존 커버,세척된 컵라면용기
영양제 빈통,1,83,재활용폐기물 > 합성수지 용기류,영양제 (별칭 -> 약),기존 커버,영양제 빈통
집에서 키운 강아지 사체,1,83,일반폐기물 > 일반종량제폐기물,강아지 사체 (별칭 -> 동물사체),기존 커버,집에서 키운 강아지 사체는 어떻게 처리하나요?
나무 옷걸이,1,82,일반폐기물 > 일반종량제폐기물,나무 옷걸이 (별칭 -> 옷걸이),기존 커버,나무 옷걸이
토너 카트리지,1,82,일반폐기물 > 일반종량제폐기물,카트리지 (별칭 -> 잉크카트리지),기존 커버,토너 카트리지
"유통기한 지난 샴푸, 치약 등",1,81,재활용폐기물 > 합성수지 용기류,치약,기존 커버,"유통기한 지난 샴푸, 치약 등"
"아이돌 앨범, 굿즈 등",1,80,일반폐기물 > 일반종량제폐기물,아이돌앨범 (시드),기존 커버,"아이돌 앨범, 굿즈 등"
소금 후추 설탕 고춧가루,1,79,음식물류폐기물,소금,기존 커버,소금 후추 설탕 고춧가루
세라믹냄비,1,78,기타,냄비,기존 커버,세라믹냄비
케찹용기 은박지,1,77,일반폐기물 > 일반종량제폐기물,은박지,기존 커버,케찹용기 은박지
1인용 국거리 등의 비닐류,1,76,재활용폐기물 > 합성수지 비닐류,비닐,기존 커버,1인용 국거리 등의 비닐류
기름 묻은 비닐,2,76,일반폐기물 > 일반종량제폐기물 / 재활용폐기물 > 합성수지 비닐류,기름,기존 커버,기름 묻은 비닐 | 기름묻은 비닐
깨진 그릇,1,76,일반폐기물 > 불연성종량제폐기물,깨진그릇 (별칭 -> 그릇),기존 커버,깨진 그릇
매트리스커버 재질별,1,76,일반폐기물 > 일반종량제폐기물,매트리스,기존 커버,매트리스커버 재질별 재활용
의자중심봉,2,76,일반폐기물 > 일반종량제폐기물,의자,기존 커버,의자중심봉 질문 | 의자중심봉
작은 종이와 나무젓가락,1,76,재활용폐기물 > 종이,나무젓가락,기존 커버,작은 종이와 나무젓가락
코팅 종이,2,76,재활용폐기물 > 종이,코팅종이,기존 커버,코팅 종이 관련 분리배출 | 코팅 종이
부탄가스,2,75,재활용폐기물 > 금속류,부탄가스,기존 커버,부탄가스 | 부탄가스
책상 폐기물,1,75,대형폐기물,책상,기존 커버,책상 폐기물 수거 문의
식칼,4,74,일반폐기물 > 일반종량제폐기물,식칼,기존 커버,식칼 | 식칼 | 식칼
"기름병, 기름통",1,73,재활용폐기물 > 합성수지 용기류,기름병 (별칭 -> 유리병),기존 커버,"기름병, 기름통"
나무 도마,2,73,일반폐기물 > 일반종량제폐기물,나무도마 (별칭 -> 도마),기존 커버,나무 도마 | 나무도마
미니빗자루,1,73,일반폐기물 > 일반종량제폐기물,빗자루,기존 커버,미니빗자루
오염된 스티로폼,1,73,재활용폐기물 > 발포합성수지(스티로폼 등),스티로폼,기존 커버,오염된 스티로폼 배출방법 문의
의자,1,73,대형폐기물,의자,기존 커버,의자
대형폐기물 반출,1,72,대형폐기물,대형 폐기물 (판정 총칭),기존 커버,대형폐기물 반출 문의
음식물처리기로 처리한 닭뼈 잔재물,1,72,음식물류폐기물,닭뼈 (별칭 -> 치킨뼈),기존 커버,음식물처리기로 처리한 닭뼈 잔재물
유리잔,1,71,일반폐기물 > 불연성종량제폐기물,유리,기존 커버,유리잔
투명비닐 우산,1,71,재활용폐기물 > 금속류,우산,기존 커버,투명비닐 우산
타일 카페트,2,70,기타 / 일반폐기물 > 불연성종량제폐기물,타일카페트 (별칭 -> 러그),기존 커버,타일 카페트 분리배출 문의합니다. | 타일카페트
우산,1,68,일반폐기물 > 일반종량제폐기물,우산,기존 커버,우산
다쓴 정수기 플라스틱 물통,1,67,재활용폐기물 > 합성수지 용기류,정수기,기존 커버,다쓴 정수기 플라스틱 물통
욕실 환풍기,2,67,재활용폐기물 > 전기전자 제품류,욕실환풍기 (별칭 -> 환풍기),기존 커버,욕실 환풍기 | 욕실환풍기
은박 보냉백,1,67,일반폐기물 > 일반종량제폐기물,은박 보냉백 (시드),기존 커버,은박 보냉백
바나나껍질,2,66,음식물류폐기물,바나나껍질,기존 커버,바나나껍질 | 바나나 껍질
"전선, 충전케이블",1,66,재활용폐기물 > 전기전자 제품류,충전케이블 (별칭 -> 충전기),기존 커버,"전선, 충전케이블"
전자담배,2,66,재활용폐기물 > 전기전자 제품류,전자담배,기존 커버,전자담배 | 전자담배
"오염된 비닐류, 컵라면",1,65,재활용폐기물 > 합성수지 비닐류,컵라면,기존 커버,"오염된 비닐류, 컵라면"
일체형 배터리가 팽창된 휴대폰,1,65,재활용폐기물 > 전기전자 제품류,휴대폰,기존 커버,일체형 배터리가 팽창된 휴대폰
탁상형 LED 거울,1,65,재활용폐기물 > 전기전자 제품류,led (시드),기존 커버,탁상형 LED 거울
멀티탭 일반쓰레기인가요?,1,64,재활용폐기물 > 전기전자 제품류,멀티탭,기존 커버,멀티탭 일반쓰레기인가요?
습기제거제,1,64,일반폐기물 > 일반종량제폐기물,습기제거제,기존 커버,습기제거제
웍프라이팬,1,64,재활용폐기물 > 금속류,프라이팬 (별칭 -> 후라이팬),기존 커버,웍프라이팬
이케아 가구 금속 프레임,1,64,재활용폐기물 > 금속류,금속 (별칭 -> 고철),기존 커버,이케아 가구 금속 프레임
충전기,2,64,재활용폐기물 > 전기전자 제품류,충전기,기존 커버,충전기 | 충전기 문의
머그컵 박스째 버리려면,1,63,일반폐기물 > 불연성종량제폐기물,머그컵 (별칭 -> 그릇),기존 커버,머그컵 박스째 버리려면 어떻게 버려야하나요
사용한 종이 빨대는 종이류로 분리 배출하여,1,63,재활용폐기물 > 종이,종이빨대 (별칭 -> 빨대),기존 커버,사용한 종이 빨대는 종이류로 분리 배출하여 재활용하나요?
에어캡,1,63,재활용폐기물 > 합성수지 비닐류,에어캡 (별칭 -> 뽁뽁이),기존 커버,에어캡
헬륨가스통,1,63,대형폐기물,가스통 (별칭 -> 부탄가스),기존 커버,헬륨가스통 배출방법
김치통,1,62,재활용폐기물 > 합성수지 용기류,김치통 (별칭 -> 반찬통),기존 커버,김치통
분리된 하드디스크,1,62,기타,하드디스크,기존 커버,분리된 하드디스크는 어디다 버려야하나요?
소형장난감,1,62,재활용폐기물 > 전기전자 제품류,장난감,기존 커버,소형장난감 배출 문의
자가발전 led 스마트온도계,1,62,일반폐기물 > 일반종량제폐기물,led (시드),기존 커버,자가발전 led 스마트온도계
자동차 코일매트,3,62,일반폐기물 > 일반종량제폐기물,자동차 코일매트 (판정 별칭),기존 커버,자동차 코일매트 | 자동차 코일매트 | 자동차 코일매트
리튬이온배터리 대량,1,61,재활용폐기물 > 전지류,배터리,기존 커버,리튬이온배터리 대량폐기문의
배달용기,1,61,재활용폐기물 > 합성수지 용기류,배달용기,기존 커버,배달용기
유리그릇,1,61,일반폐기물 > 불연성종량제폐기물,유리그릇 (별칭 -> 그릇),기존 커버,유리그릇
칫솔,2,61,일반폐기물 > 일반종량제폐기물,칫솔,기존 커버,칫솔 | 칫솔
투명 페트병,1,61,재활용폐기물 > 무색페트병,페트병,기존 커버,투명 페트병
풀이나 물감이 묻은 종이팩,1,61,재활용폐기물 > 종이팩,종이팩 (별칭 -> 우유팩),기존 커버,풀이나 물감이 묻은 종이팩
프린트 토너,1,61,일반폐기물 > 일반종량제폐기물,토너 (별칭 -> 잉크카트리지),기존 커버,프린트 토너
PE폼,1,60,기타,pe폼 (시드),기존 커버,PE폼
깨진 유리,1,60,일반폐기물 > 불연성종량제폐기물,깨진유리 (별칭 -> 유리),기존 커버,깨진 유리
내용물 제거가 어려운 화장품 용기,1,60,재활용폐기물 > 합성수지 용기류,화장품 용기 (별칭 -> 화장품),기존 커버,내용물 제거가 어려운 화장품 용기
부분 코팅된 종이,1,60,재활용폐기물 > 종이,코팅된 종이 (시드),기존 커버,부분 코팅된 종이의 재활용 여부
비닐에 붙은 종이,1,60,재활용폐기물 > 합성수지 비닐류,비닐,기존 커버,비닐에 붙은 종이
조립식 가구 옷장 를 분해한경우,1,60,대형폐기물,옷장,기존 커버,조립식 가구(옷장)를 분해한경우 어떻게 버리나요?
녹슨 금속류,1,59,재활용폐기물 > 금속류,금속 (별칭 -> 고철),기존 커버,녹슨 금속류
양면색종이는 종이류에 버려도 되나요?,1,59,재활용폐기물 > 종이,종이,기존 커버,양면색종이는 종이류에 버려도 되나요?
유통기한 지난 멸균우유 2박스,1,59,재활용폐기물 > 종이팩,박스,기존 커버,유통기한 지난 멸균우유 2박스
음식물 굳어버린 플라스틱용기,1,59,재활용폐기물 > 합성수지 용기류,플라스틱 용기 (별칭 -> 배달용기),기존 커버,음식물 굳어버린 플라스틱용기
과일상자 스티로폼 완충제,1,58,재활용폐기물 > 발포합성수지(스티로폼 등),스티로폼,기존 커버,과일상자 스티로폼 완충제
베개솜,1,58,일반폐기물 > 일반종량제폐기물,베개,기존 커버,베개솜
스프링 노트,2,58,기타 / 재활용폐기물 > 금속류,스프링노트 (별칭 -> 종이),기존 커버,스프링 노트 | 스프링노트
여행캐리어,1,58,대형폐기물,캐리어,기존 커버,여행캐리어
"일회용 빨때, 수저",1,58,재활용폐기물 > 합성수지 용기류,수저,기존 커버,"일회용 빨때, 수저"
파티용 헬륨가스통,1,58,대형폐기물,가스통 (별칭 -> 부탄가스),기존 커버,파티용 헬륨가스통 배출방법
햇반그릇,1,58,재활용폐기물 > 합성수지 용기류,햇반 그릇 (별칭 -> 그릇),기존 커버,햇반그릇
"공기청정기 필터, 정수기 필터",1,57,일반폐기물 > 일반종량제폐기물,공기청정기 필터,기존 커버,"공기청정기 필터, 정수기 필터"
기름류,1,57,음식물류폐기물,기름,기존 커버,기름류
오렌지껍질,1,57,음식물류폐기물,오렌지 껍질 (별칭 -> 귤껍질),기존 커버,오렌지껍질
음식물 쓰레기봉투,1,57,기타,음식물쓰레기 (판정 총칭),기존 커버,음식물 쓰레기봉투
포장완충재 PE폼,1,57,일반폐기물 > 일반종량제폐기물,완충재 (별칭 -> 뽁뽁이),기존 커버,포장완충재 PE폼
욕실용 어린이 발받침대,1,56,일반폐기물 > 일반종량제폐기물,침대,기존 커버,욕실용 어린이 발받침대
책가방,1,56,재활용폐기물 > 의류,가방,기존 커버,책가방
폭죽,2,56,일반폐기물 > 일반종량제폐기물,폭죽,기존 커버,폭죽 | 폭죽
헌옷,1,56,재활용폐기물 > 의류,헌옷,기존 커버,헌옷
멀티탭2구,1,55,재활용폐기물 > 전기전자 제품류,멀티탭,기존 커버,멀티탭2구
무선청소기 배터리,1,55,재활용폐기물 > 전지류,청소기 배터리 (판정 별칭),기존 커버,무선청소기 배터리
뽁뽁이,1,55,재활용폐기물 > 합성수지 비닐류,뽁뽁이,기존 커버,뽁뽁이
컴퓨터 본체 옆유리,1,55,일반폐기물 > 불연성종량제폐기물,컴퓨터,기존 커버,컴퓨터 본체 옆유리는 어떻게 버리나요?
라텍스 장갑,1,54,일반폐기물 > 일반종량제폐기물,라텍스장갑 (별칭 -> 고무),기존 커버,라텍스 장갑
질문을 사진으로 올려 문의 할수 있도록 해주시면 분리배출에 더 많은 도움이 되겠습니다,1,54,기타,사진,기존 커버,질문을 사진으로 올려 문의 할수 있도록 해주시면 분리배출에 더 많은 도움이 되겠습니다.
구멍난 양말 등,1,53,일반폐기물 > 일반종량제폐기물,양말 (별칭 -> 속옷),기존 커버,구멍난 양말 등
메트리스 사이쿠션은 어떤 품목으로,1,53,대형폐기물,쿠션,기존 커버,메트리스 사이쿠션은 어떤 품목으로 버리나요?
소형 플라스틱 드론 부푼 배터리,1,53,재활용폐기물 > 전기전자 제품류,배터리,기존 커버,소형 플라스틱 드론 부푼 배터리 배출방법
우산 여러개 대형폐기물 스티커도 여러개,1,53,대형폐기물,대형 폐기물 (판정 총칭),기존 커버,우산 여러개 대형폐기물 스티커도 여러개
"장난감, 타이어",1,53,일반폐기물 > 일반종량제폐기물,장난감,기존 커버,"장난감, 타이어"
충전기 전선,1,53,재활용폐기물 > 전기전자 제품류,충전기,기존 커버,충전기 전선
"치약, 샴푸, 세제 등",1,53,재활용폐기물 > 합성수지 용기류,치약,기존 커버,"치약, 샴푸, 세제 등"
프링글스통,2,53,일반폐기물 > 일반종량제폐기물,프링글스통,기존 커버,프링글스통 | 프링글스 통
스티커가 붙어있던 단면이 코팅된 종이,1,52,재활용폐기물 > 종이,코팅된 종이 (시드),기존 커버,스티커가 붙어있던 단면이 코팅된 종이는 분리배출을 어떻게 하나요?
에어팟,1,52,재활용폐기물 > 전기전자 제품류,에어팟 (별칭 -> 이어폰),기존 커버,에어팟
"우유팩, 두유팩등 배출시 종이팩류가 따로있지 않다면 일반으로",1,52,재활용폐기물 > 종이팩,두유팩 (별칭 -> 멸균팩),기존 커버,"우유팩, 두유팩등 배출시 종이팩류가 따로있지 않다면 일반으로 배출하나요?"
종이 잉크젯이나 레이저프린트기로 인쇄한 종,1,52,재활용폐기물 > 종이,종이,기존 커버,[종이] 잉크젯이나 레이저프린트기로 인쇄한 종이 분리배출 방법?
특이한 후라이팬,1,52,재활용폐기물 > 금속류,후라이팬,기존 커버,특이한 후라이팬 배출 방법
스티로폼 상자,2,51,재활용폐기물 > 발포합성수지(스티로폼 등),스티로폼 상자 (별칭 -> 아이스박스),기존 커버,스티로폼 상자 | 스티로폼상자 배출
휴대폰 충전기,1,51,재활용폐기물 > 전기전자 제품류,충전기,기존 커버,휴대폰 충전기
대형 인형,2,50,대형폐기물 / 일반폐기물 > 일반종량제폐기물,대형인형 (별칭 -> 인형),기존 커버,대형 인형 | 대형인형
로봇청소기 배터리,1,50,재활용폐기물 > 전지류,청소기 배터리 (판정 별칭),기존 커버,로봇청소기 배터리
케이크박스,1,50,재활용폐기물 > 종이,박스,기존 커버,케이크박스
코팅 된 종이,2,50,일반폐기물 > 일반종량제폐기물,코팅된 종이 (시드),기존 커버,코팅 된 종이 | 코팅된 종이
고추장,1,49,재활용폐기물 > 유리병,고추장 (별칭 -> 된장 고추장),기존 커버,고추장
마트 비닐 가격표,1,49,재활용폐기물 > 합성수지 비닐류,비닐,기존 커버,마트 비닐 가격표
신발,1,49,일반폐기물 > 일반종량제폐기물,신발,기존 커버,신발 배출 방법 질문 드립니다.
안녕하세요 악기줄,1,49,재활용폐기물 > 금속류,악기 (별칭 -> 바이올린),기존 커버,안녕하세요 악기줄 분리수거 문의드려요
전기주전자,1,49,재활용폐기물 > 전기전자 제품류,주전자,기존 커버,전기주전자 배출 방법
플라스틱 완구류,1,49,재활용폐기물 > 합성수지 용기류,완구 (별칭 -> 장난감),기존 커버,플라스틱 완구류
데코타일,1,48,일반폐기물 > 일반종량제폐기물,데코타일 (별칭 -> 타일),기존 커버,데코타일
라면봉지,1,48,재활용폐기물 > 합성수지 비닐류,라면봉지 (별칭 -> 비닐),기존 커버,라면봉지
비닐 라미네이팅 종이 용기,1,48,재활용폐기물 > 종이,비닐,기존 커버,비닐 라미네이팅 종이 용기
영수증,2,48,일반폐기물 > 일반종량제폐기물,영수증 (별칭 -> 코팅종이),기존 커버,영수증 | 영수증
테이크아웃 종이컵,1,48,재활용폐기물 > 종이,종이컵,기존 커버,테이크아웃 종이컵
미니 나무서랍장,1,47,일반폐기물 > 일반종량제폐기물,서랍장,기존 커버,미니 나무서랍장
미니선풍기 외,1,47,재활용폐기물 > 전기전자 제품류,미니선풍기 (별칭 -> 손선풍기),기존 커버,미니선풍기 외
빨대,2,47,재활용폐기물 > 합성수지 용기류,빨대,기존 커버,빨대 | 빨대
전기자전거 배터리,1,47,재활용폐기물 > 전기전자 제품류,자전거,기존 커버,전기자전거 배터리
"김장하고 나온 쓰레기는 음식물쓰레기로 분리배출인가요, 일반 쓰레기인가요?",1,46,음식물류폐기물,음식물쓰레기 (판정 총칭),기존 커버,"김장하고 나온 쓰레기는 음식물쓰레기로 분리배출인가요, 일반 쓰레기인가요?"
냄비뚜껑,2,46,일반폐기물 > 불연성종량제폐기물 / 재활용폐기물 > 금속류,냄비뚜껑 (별칭 -> 냄비),기존 커버,냄비뚜껑 | 냄비뚜껑
동작구 가스레인지 대형폐기물 목록에 없는데 뭘로 선택해요?,1,46,대형폐기물,가스레인지,기존 커버,동작구 가스레인지 대형폐기물 목록에 없는데 뭘로 선택해요?
변기뚜껑,1,46,대형폐기물,변기,기존 커버,변기뚜껑
빌라 거주자 폐가전,1,46,재활용폐기물 > 전기전자 제품류,폐가전 (판정 가이드축),기존 커버,빌라 거주자 폐가전 수거방법
짝이 없는 양말,1,46,재활용폐기물 > 의류,양말 (별칭 -> 속옷),기존 커버,짝이 없는 양말
충전기 어뎁터와 전선,1,46,재활용폐기물 > 전기전자 제품류,충전기,기존 커버,충전기 어뎁터와 전선
카드영수증,2,46,일반폐기물 > 일반종량제폐기물,영수증 (별칭 -> 코팅종이),기존 커버,카드영수증 분리배출 알려주세요.. | 카드영수증
PP박스,1,45,대형폐기물,박스,기존 커버,PP박스
겔아이스팩,1,45,일반폐기물 > 일반종량제폐기물,아이스팩,기존 커버,겔아이스팩 배출방법
똑딱이 손난로,1,45,일반폐기물 > 일반종량제폐기물,손난로 (별칭 -> 핫팩),기존 커버,똑딱이 손난로
비닐류에 붙은 잘 떨어지지 않는 스티커,1,45,재활용폐기물 > 합성수지 비닐류,비닐,기존 커버,비닐류에 붙은 잘 떨어지지 않는 스티커 어떻게 해야하나요?
소화기가 아닌 자동소화장치 등의 폐기물,1,45,대형폐기물,소화기,기존 커버,소화기가 아닌 자동소화장치 등의 폐기물 처리 방법
의자중심봉 답변좀 부탁드려요,1,45,일반폐기물 > 일반종량제폐기물,의자,기존 커버,의자중심봉 답변좀 부탁드려요.
청소기 헤드,1,45,일반폐기물 > 일반종량제폐기물,청소기,기존 커버,청소기 헤드
형광등수량이 많은데,1,45,재활용폐기물 > 조명제품,형광등,기존 커버,형광등수량이 많은데 수거될까요?
기름병,1,44,재활용폐기물 > 유리병,기름병 (별칭 -> 유리병),기존 커버,기름병
대나무방석,1,44,일반폐기물 > 일반종량제폐기물,방석 (별칭 -> 쿠션),기존 커버,대나무방석
문서파쇄기,1,44,재활용폐기물 > 합성수지 용기류,문서 파쇄 (별칭 -> 파쇄종이),기존 커버,문서파쇄기
이사 박스 단프라 박스,1,44,대형폐기물,박스,기존 커버,이사 박스(단프라 박스)
체중계,1,44,재활용폐기물 > 전기전자 제품류,체중계,기존 커버,체중계
고무멜방바지,1,43,일반폐기물 > 일반종량제폐기물,고무,기존 커버,고무멜방바지
산초기름,1,43,기타,기름,기존 커버,산초기름
카시트는 어떤항목으로,1,43,대형폐기물,카시트,기존 커버,카시트는 어떤항목으로 버리나요?
"A4용지 포장된 코팅용지 분리배출?, 종이류 분리배출 크기",1,42,재활용폐기물 > 종이,종이,기존 커버,"A4용지 포장된 코팅용지 분리배출?, 종이류 분리배출 크기 기준"
PVC 코팅된 금속 뚜껑,1,42,재활용폐기물 > 금속류,금속 (별칭 -> 고철),기존 커버,PVC 코팅된 금속 뚜껑
물걸레 극세사 패드,1,42,일반폐기물 > 일반종량제폐기물,패드 (별칭 -> 이불),기존 커버,물걸레 극세사 패드
병에든 양키캔들 파라핀 반이상 남았음,1,42,일반폐기물 > 일반종량제폐기물,양키캔들 (별칭 -> 양초),기존 커버,병에든 양키캔들 파라핀 반이상 남았음 처리방법좀요
소량의 모노륨장판,1,42,일반폐기물 > 일반종량제폐기물,장판,기존 커버,소량의 모노륨장판
소형 전기장판 1인용,1,42,재활용폐기물,전기장판,기존 커버,소형 전기장판(1인용) 배출 방법
스티로폼,2,42,재활용폐기물 > 발포합성수지(스티로폼 등),스티로폼,기존 커버,스티로폼 | 스티로폼 재활용 관련
"실크벽지, 옷 거치대봉, 냉장고 수납장, 플라스틱대형바구니",1,42,기타,실크벽지 (별칭 -> 벽지),기존 커버,"실크벽지, 옷 거치대봉, 냉장고 수납장, 플라스틱대형바구니"
전기밥솥,1,42,재활용폐기물 > 전기전자 제품류,전기밥솥 (별칭 -> 밥솥),기존 커버,전기밥솥
대형폐기물안가져가요,1,41,기타,대형 폐기물 (판정 총칭),기존 커버,대형폐기물안가져가요
비닐,4,41,재활용폐기물 > 합성수지 비닐류,비닐,기존 커버,비닐 | 비닐 분리배출 방법 | 비닐
빈백,1,41,재활용폐기물 > 발포합성수지(스티로폼 등),빈백 (별칭 -> 쿠션),기존 커버,빈백 문의
철제 서랍장,1,41,대형폐기물,서랍장,기존 커버,철제 서랍장 문의
"노트북선, 인터넷선 종류",1,40,재활용폐기물 > 전기전자 제품류,노트북,기존 커버,"노트북선, 인터넷선 종류는 어떻게 버려야 하나요?"
"싱크대,세면대 배관 교체",1,40,일반폐기물 > 일반종량제폐기물,세면대,기존 커버,"싱크대,세면대 배관 교체 분리수거"
치간칫솔,1,40,일반폐기물 > 일반종량제폐기물,칫솔,기존 커버,치간칫솔
핸드폰,2,40,재활용폐기물 > 전기전자 제품류,핸드폰 (별칭 -> 휴대폰),기존 커버,핸드폰 | 핸드폰
화장품 병,1,40,재활용폐기물 > 합성수지 용기류,화장품,기존 커버,화장품 병
고데기,2,39,재활용폐기물 > 전기전자 제품류,고데기,기존 커버,고데기 | 고데기
욕실화,1,39,일반폐기물 > 일반종량제폐기물,욕실화 (별칭 -> 슬리퍼),기존 커버,욕실화
전자저울,1,39,재활용폐기물 > 전기전자 제품류,전자저울 (별칭 -> 체중계),기존 커버,전자저울 문의드립니다.
"꽃바구니, 폐토너 프린트 소모품",1,38,일반폐기물 > 일반종량제폐기물,토너 (별칭 -> 잉크카트리지),기존 커버,"꽃바구니, 폐토너 (프린트 소모품)"
노트북 충전기,1,38,재활용폐기물 > 전기전자 제품류,충전기,기존 커버,노트북 충전기
손거울,1,38,일반폐기물 > 일반종량제폐기물,손거울 (별칭 -> 거울),기존 커버,손거울
액자,2,38,기타 / 일반폐기물 > 일반종량제폐기물,액자,기존 커버,액자 | 액자버리기
유리병뚜껑,2,38,재활용폐기물 > 금속류 / 재활용폐기물 > 종이,유리병,기존 커버,유리병뚜껑 | 유리병 뚜껑
일회용 헬륨가스통,1,38,대형폐기물,가스통 (별칭 -> 부탄가스),기존 커버,일회용 헬륨가스통
화분흙,1,38,일반폐기물 > 불연성종량제폐기물,화분 흙 (별칭 -> 화분),기존 커버,화분흙
"Other 비닐, 플라스틱",1,37,재활용폐기물 > 합성수지 비닐류,비닐,기존 커버,"Other 비닐, 플라스틱"
모니터,1,37,재활용폐기물 > 전기전자 제품류,모니터,기존 커버,모니터 문의드립니다.
사진액자,1,37,기타,사진액자 (별칭 -> 사진),기존 커버,사진액자
화장품 공병,1,37,일반폐기물 > 일반종량제폐기물,화장품 공병 (별칭 -> 화장품),기존 커버,화장품 공병
공기청정기 필타,1,36,일반폐기물 > 일반종량제폐기물,공기청정기,기존 커버,공기청정기 필타
동물사체,1,36,일반폐기물 > 일반종량제폐기물,동물사체,기존 커버,동물사체
식탁배출시간,1,36,기타,식탁,기존 커버,식탁배출시간
제빙기 / 환풍기,1,36,재활용폐기물 > 전기전자 제품류,환풍기,기존 커버,제빙기 / 환풍기
차량용 블랙박스,1,36,재활용폐기물 > 전기전자 제품류,박스,기존 커버,차량용 블랙박스 폐기 방법 문의 드립니다.
DIY 인형,1,35,일반폐기물 > 일반종량제폐기물,인형,기존 커버,DIY 인형
금이 간 거울,1,35,일반폐기물 > 불연성종량제폐기물,거울,기존 커버,금이 간 거울
냉장고 선반,1,35,재활용폐기물 > 합성수지 용기류,냉장고,기존 커버,냉장고 선반
벽지,2,35,일반폐기물 > 일반종량제폐기물 / 재활용폐기물 > 종이,벽지,기존 커버,벽지 | 벽지 폐기
변기 뚫는 것,1,35,일반폐기물 > 일반종량제폐기물,변기,기존 커버,변기 뚫는 것
빨래건조대,1,35,대형폐기물,빨래건조대,기존 커버,빨래건조대 배출문의
인형,2,35,일반폐기물 / 일반폐기물 > 일반종량제폐기물,인형,기존 커버,인형 | 인형은 어떻게 버리나요?
휴대폰 충전기 선,1,35,재활용폐기물 > 전기전자 제품류,충전기,기존 커버,휴대폰 충전기 선
부직포 가방,1,34,일반폐기물 > 일반종량제폐기물,부직포가방 (별칭 -> 가방),기존 커버,부직포 가방
에어매트,1,34,대형폐기물,에어매트,기존 커버,에어매트
음식물 쓰레기통,1,34,일반폐기물 > 일반종량제폐기물,음식물쓰레기통 (별칭 -> 쓰레기통),기존 커버,음식물 쓰레기통
장난감 블럭,1,34,일반폐기물 > 일반종량제폐기물,장난감,기존 커버,장난감 블럭
침대 사다리와 틀 어떤 품목으로 배출할까요?,1,34,대형폐기물,침대,기존 커버,침대 사다리와 틀 어떤 품목으로 배출할까요?
택배송장 붙은 비닐포장재,1,34,재활용폐기물 > 합성수지 비닐류,비닐,기존 커버,택배송장 붙은 비닐포장재
생선뼈,1,33,일반폐기물 > 일반종량제폐기물,생선뼈,기존 커버,생선뼈
유색 유리병,1,33,재활용폐기물 > 유리병,유리병,기존 커버,유색 유리병
유선 마우스,1,33,재활용폐기물 > 전기전자 제품류,마우스 (별칭 -> 키보드),기존 커버,유선 마우스
고무재질이 포함된 운동화,1,32,일반폐기물 > 일반종량제폐기물,운동화 (별칭 -> 신발),기존 커버,고무재질이 포함된 운동화
다이슨 에어랩 케이스,1,32,일반폐기물 > 일반종량제폐기물,에어랩 (별칭 -> 드라이기),기존 커버,다이슨 에어랩 케이스
블라인드,1,32,기타,블라인드,기존 커버,블라인드
아이스팩,1,32,기타,아이스팩,기존 커버,아이스팩
짬뽕 배달 용기,1,32,재활용폐기물 > 합성수지 용기류,배달용기,기존 커버,짬뽕 배달 용기
헌옷수거함에 못 넣는 옷,1,32,일반폐기물 > 일반종량제폐기물,헌옷,기존 커버,헌옷수거함에 못 넣는 옷
김치,1,31,음식물류폐기물,김치,기존 커버,김치
나무선반,1,31,대형폐기물,선반,기존 커버,나무선반
냄비,1,31,재활용폐기물 > 금속류,냄비,기존 커버,냄비
냄비 유리뚜껑,1,31,일반폐기물 > 불연성종량제폐기물,유리뚜껑 (별칭 -> 냄비),기존 커버,냄비 유리뚜껑
소형가전,1,31,재활용폐기물 > 전기전자 제품류,소형가전 (판정 가이드축),기존 커버,소형가전
안경과 쌍안경,1,31,일반폐기물 > 일반종량제폐기물,안경,기존 커버,안경과 쌍안경
알약포장재,1,31,일반폐기물 > 일반종량제폐기물,알약 (별칭 -> 약),기존 커버,알약포장재
은박코팅된 상자,1,31,일반폐기물 > 일반종량제폐기물,상자 (별칭 -> 박스),기존 커버,은박코팅된 상자는 분리배출 어떻게 하나요?
인조 가죽박스,1,31,일반폐기물 > 일반종량제폐기물,박스,기존 커버,인조 가죽박스
바나나껍질은 음식물쓰레기인가요?,1,30,음식물류폐기물,음식물쓰레기 (판정 총칭),기존 커버,바나나껍질은 음식물쓰레기인가요?
배터리,1,30,대형폐기물,배터리,기존 커버,배터리 폐기방법
유리빨대,1,30,일반폐기물 > 불연성종량제폐기물,유리,기존 커버,유리빨대
유튜브 녹음용 마이크,1,30,재활용폐기물 > 전기전자 제품류,튜브,기존 커버,유튜브 녹음용 마이크
쪽가위,1,30,일반폐기물 > 일반종량제폐기물,가위,기존 커버,쪽가위
택배비닐,2,30,일반폐기물 / 재활용폐기물 > 합성수지 비닐류,비닐,기존 커버,택배비닐 | 택배비닐
폼롤러,1,30,일반폐기물 > 일반종량제폐기물,폼롤러,기존 커버,폼롤러
프린터 토너,2,30,일반폐기물 > 일반종량제폐기물,프린터,기존 커버,프린터 토너 | 프린터 토너
OPP 비닐 +스티커 부착시 분리배출표시,1,29,기타,비닐,기존 커버,OPP(비닐)+스티커 부착시 분리배출표시 어떻게 해야하는지 문의드립니다.
보냉팩,1,29,일반폐기물 > 일반종량제폐기물,보냉팩 (별칭 -> 아이스팩),기존 커버,보냉팩
악기 오래된 북,1,29,대형폐기물,악기 (별칭 -> 바이올린),기존 커버,악기 오래된 북 폐기법 궁금해요
안경케이스,1,29,일반폐기물 > 일반종량제폐기물,안경,기존 커버,안경케이스 분리배출 문의
"유성, 수성 잉크볼펜으로 쓴 종이",1,29,재활용폐기물 > 종이,볼펜,기존 커버,"유성, 수성 잉크볼펜으로 쓴 종이"
가정용 문서파쇄기,1,28,기타,문서 파쇄 (별칭 -> 파쇄종이),기존 커버,가정용 문서파쇄기
공장 등에서 사용하는 포장용 비닐은 재활용이 가능한가요?,1,28,기타,비닐,기존 커버,공장 등에서 사용하는 포장용 비닐은 재활용이 가능한가요?
공장에서 사용한 기름이 많이 묻은 장갑이나 보루 등,1,28,기타,기름,기존 커버,공장에서 사용한 기름이 많이 묻은 장갑이나 보루 등은 어떻게 버리는지요
사용한 도배지 벽지,1,28,일반폐기물 > 일반종량제폐기물,도배지 (별칭 -> 벽지),기존 커버,사용한 도배지(벽지) 분리배출
"색연필, 사인펜 케이스",1,28,일반폐기물 > 일반종량제폐기물,사인펜 (별칭 -> 볼펜),기존 커버,"색연필, 사인펜 케이스"
옥수수껍질,1,28,일반폐기물 > 일반종량제폐기물,옥수수 껍질 (별칭 -> 옥수수대),기존 커버,옥수수껍질
"유리병, 프라이팬",1,28,재활용폐기물 > 유리병,프라이팬 (별칭 -> 후라이팬),기존 커버,"유리병, 프라이팬"
은박 소재 지퍼백,1,28,일반폐기물 > 일반종량제폐기물,지퍼백 (별칭 -> 비닐),기존 커버,은박 소재 지퍼백
자동차 블랙박스 보조배터리,1,28,재활용폐기물 > 전기전자 제품류,보조배터리,기존 커버,자동차 블랙박스 보조배터리
자동차 썬팅 필름지를 벗겨낸 비닐,1,28,일반폐기물 > 일반종량제폐기물,비닐,기존 커버,자동차 썬팅 필름지를 벗겨낸 비닐은 재활용 되나요?
자전거,1,28,대형폐기물,자전거,기존 커버,자전거
종량제봉투수거함,1,28,대형폐기물,종량제봉투 (판정 총칭),기존 커버,종량제봉투수거함 버리는법???
지퍼백,2,28,재활용폐기물 > 합성수지 비닐류,지퍼백 (별칭 -> 비닐),기존 커버,지퍼백 | 지퍼백
"폼롤러, 폼블럭",1,28,대형폐기물,폼롤러,기존 커버,"폼롤러, 폼블럭"
가스레인지,1,27,대형폐기물,가스레인지,기존 커버,가스레인지
가정용 음식물건조기 부산물,1,27,음식물류폐기물,건조기,기존 커버,가정용 음식물건조기 부산물
나무그릇,1,27,일반폐기물 > 일반종량제폐기물,나무그릇 (별칭 -> 그릇),기존 커버,나무그릇
비닐 랩,1,27,재활용폐기물 > 합성수지 비닐류,비닐,기존 커버,비닐 랩
스킨 유리병,1,27,재활용폐기물 > 유리병,유리병,기존 커버,스킨 유리병
실내화,1,27,일반폐기물 > 일반종량제폐기물,실내화 (별칭 -> 슬리퍼),기존 커버,실내화버리는법
"안경, 선글라스",1,27,일반폐기물 > 일반종량제폐기물,선글라스 (별칭 -> 안경),기존 커버,"안경, 선글라스"
자동차배터리,1,27,기타,배터리,기존 커버,자동차배터리
종이컵은 종이팩? 종이류?,1,27,재활용폐기물 > 종이,종이팩 (별칭 -> 우유팩),기존 커버,종이컵은 종이팩? 종이류?
파쇄된 종이,1,27,일반폐기물 > 일반종량제폐기물,종이,기존 커버,파쇄된 종이
행거,1,27,재활용폐기물 > 금속류,행거,기존 커버,행거
후라이팬,1,27,재활용폐기물 > 금속류,후라이팬,기존 커버,후라이팬
과자봉지를 플라스틱류에 버려도 되나요,1,26,재활용폐기물 > 합성수지 비닐류,과자봉지 (별칭 -> 비닐),기존 커버,과자봉지를 플라스틱류에 버려도 되나요
아이스크림 담는 보냉팩,1,26,일반폐기물 > 일반종량제폐기물,보냉팩 (별칭 -> 아이스팩),기존 커버,아이스크림 담는 보냉팩은 어떻게 처리하면 되나요?
전기밥솥 내솥,1,26,재활용폐기물 > 금속류,전기밥솥 (별칭 -> 밥솥),기존 커버,전기밥솥 내솥
청소 솔,1,26,일반폐기물 > 일반종량제폐기물,청소솔 (별칭 -> 빗자루),기존 커버,청소 솔
"캡슐커피 봉지,시럽용 감기약 비닐",1,26,재활용폐기물 > 합성수지 비닐류,비닐,기존 커버,"캡슐커피 봉지,시럽용 감기약 비닐"
태양광체중계,1,26,재활용폐기물 > 전기전자 제품류,체중계,기존 커버,태양광체중계 폐기방법 문의
"에어프라이기, 좌식의자",1,25,재활용폐기물 > 전기전자 제품류,에어프라이기 (별칭 -> 에어프라이어),기존 커버,"에어프라이기, 좌식의자"
캐노피 천막,1,25,대형폐기물,천막 (별칭 -> 텐트),기존 커버,캐노피 천막
깨진사기그릇,1,24,일반폐기물 > 불연성종량제폐기물,사기그릇 (별칭 -> 그릇),기존 커버,깨진사기그릇
멸균팩과 일반팩,1,24,재활용폐기물 > 종이팩,멸균팩,기존 커버,멸균팩과 일반팩
에어컨,1,24,재활용폐기물 > 전기전자 제품류,에어컨,기존 커버,에어컨
우유팩,1,24,재활용폐기물 > 종이팩,우유팩,기존 커버,우유팩
음료수 유리병의 뚜껑 배출방법 3가지,1,24,재활용폐기물 > 유리병,유리병,기존 커버,음료수 유리병의 뚜껑 배출방법 3가지 궁금합니다!
이불 압축팩 재활용 비닐??,1,24,재활용폐기물 > 합성수지 비닐류,이불,기존 커버,이불 압축팩 재활용 비닐??
"좌식용테이블,액자",1,24,일반폐기물 > 일반종량제폐기물,액자,기존 커버,"좌식용테이블,액자"
참기름병,1,24,재활용폐기물 > 유리병,참기름병 (별칭 -> 유리병),기존 커버,참기름병
택배봉투,1,24,재활용폐기물 > 합성수지 비닐류,택배봉투 (별칭 -> 비닐),기존 커버,택배봉투
튜브,2,24,일반폐기물 > 일반종량제폐기물,튜브,기존 커버,튜브 | 튜브
화장품 용기 중에 캡 제품이 펌프형으로 바꿔끼는게 있습니다 분리배출표시 관련 질문입니다,1,24,기타,화장품 용기 (별칭 -> 화장품),기존 커버,화장품 용기 중에 캡 제품이 펌프형으로 바꿔끼는게 있습니다 분리배출표시 관련 질문입니다
고장난손목시계,1,23,재활용폐기물,시계 (별칭 -> 벽시계),기존 커버,고장난손목시계
소형가전 수저칼살균건조기,1,23,재활용폐기물 > 전기전자 제품류,살균건조기 (별칭 -> 식기건조기),기존 커버,소형가전 수저칼살균건조기
양파망,1,23,재활용폐기물 > 합성수지 비닐류,양파망 (별칭 -> 비닐),기존 커버,양파망
유리뚜껑,1,23,일반폐기물 > 불연성종량제폐기물,유리뚜껑 (별칭 -> 냄비),기존 커버,유리뚜껑
잉크 묻은 종이,2,23,재활용폐기물 > 종이,종이,기존 커버,잉크 묻은 종이 | 잉크묻은 종이
재활용 안되는 옷.신발,1,23,일반폐기물 > 일반종량제폐기물,신발,기존 커버,재활용 안되는 옷.신발
종이팩,1,23,재활용폐기물 > 종이팩,종이팩 (별칭 -> 우유팩),기존 커버,종이팩 배출방법 궁금해요
처방약 비닐,1,23,재활용폐기물 > 합성수지 비닐류,비닐,기존 커버,처방약 비닐
철제휴지통20리터,1,23,재활용폐기물 > 금속류,휴지통 (별칭 -> 쓰레기통),기존 커버,철제휴지통20리터
택배 박스 재활용 과정,1,23,재활용폐기물 > 종이,택배박스 (별칭 -> 박스),기존 커버,택배 박스 재활용 과정
향수 공병,1,23,재활용폐기물 > 유리병,향수,기존 커버,향수 공병
후드 필터,1,23,재활용폐기물 > 금속류,후드 (별칭 -> 환풍기),기존 커버,후드 필터
과일완충재 비닐류,1,22,재활용폐기물 > 합성수지 비닐류,완충재 (별칭 -> 뽁뽁이),기존 커버,과일완충재 비닐류 문의
다리미판,1,22,대형폐기물,다리미,기존 커버,다리미판
비닐에 묻은 립밤,1,22,재활용폐기물,비닐,기존 커버,비닐에 묻은 립밤
빌라주택은 유리 와인병,1,22,일반폐기물 > 불연성종량제폐기물,유리,기존 커버,빌라주택은 유리 와인병 어떻게 배출하죠?
사용한 호일이요,1,22,일반폐기물 > 일반종량제폐기물,호일 (별칭 -> 은박지),기존 커버,사용한 호일이요
알루미늄 튜브형 핸드크림,1,22,재활용폐기물 > 금속류,알루미늄 (별칭 -> 고철),기존 커버,알루미늄 튜브형 핸드크림
유아쇼파,1,22,대형폐기물,쇼파 (별칭 -> 소파),기존 커버,유아쇼파
전동킥보드,1,22,기타,전동킥보드 (별칭 -> 킥보드),기존 커버,전동킥보드 처리
종이박스,1,22,재활용폐기물 > 종이,종이박스 (별칭 -> 박스),기존 커버,종이박스
종이파쇄기,1,22,재활용폐기물 > 전기전자 제품류,종이,기존 커버,종이파쇄기
키보드 실리콘 덮개,1,22,일반폐기물 > 일반종량제폐기물,키보드,기존 커버,키보드 실리콘 덮개
비닐 라벨,1,21,재활용폐기물 > 합성수지 비닐류,비닐,기존 커버,비닐 라벨
서서볼일보는 소변기는 좌변기 3000 양변기 5000,1,21,대형폐기물,양변기 (별칭 -> 변기),기존 커버,서서볼일보는 소변기는 좌변기 3000 양변기 5000 어느걸로 해야하나요?
스티로폼 표기는 플라스틱,1,21,재활용폐기물 > 발포합성수지(스티로폼 등),스티로폼,기존 커버,스티로폼 표기는 플라스틱
실리콘 바구니,1,21,재활용폐기물 > 합성수지 용기류,실리콘,기존 커버,실리콘 바구니
영양제,1,21,재활용폐기물 > 합성수지 용기류,영양제 (별칭 -> 약),기존 커버,영양제
유리병,2,21,재활용폐기물 > 유리병,유리병,기존 커버,유리병 | 유리병
이소가스는 부탄가스와 동일한 방법으로,1,21,재활용폐기물 > 금속류,부탄가스,기존 커버,이소가스는 부탄가스와 동일한 방법으로 처리하나요
조각 타일,1,21,일반폐기물 > 일반종량제폐기물,타일,기존 커버,조각 타일
커튼레일,1,21,재활용폐기물 > 금속류,커튼,기존 커버,커튼레일
컴퓨터 책상,1,21,대형폐기물,컴퓨터,기존 커버,컴퓨터 책상 어떻게 버려야 하나요
컵라면 컵,1,21,재활용폐기물 > 발포합성수지(스티로폼 등),컵라면,기존 커버,컵라면 컵 어떻게 버리나요
크로스백,1,21,재활용폐기물 > 의류,크로스백 (별칭 -> 가방),기존 커버,크로스백
한복,1,21,일반폐기물 > 일반종량제폐기물,한복 (별칭 -> 헌옷),기존 커버,한복 버리는 방법
냉동옥수수,1,20,음식물류폐기물,옥수수 (시드),기존 커버,냉동옥수수
단프라 상자,1,20,일반폐기물 > 일반종량제폐기물,상자 (별칭 -> 박스),기존 커버,단프라 상자
망가진 장난감,1,20,일반폐기물 > 일반종량제폐기물,장난감,기존 커버,망가진 장난감
속옷,1,20,일반폐기물 > 일반종량제폐기물,속옷,기존 커버,속옷
우비,2,20,일반폐기물 > 일반종량제폐기물,우비 (별칭 -> 신발),기존 커버,우비 | 우비 처리방법
정수기 필터,1,20,일반폐기물 > 일반종량제폐기물,정수기 필터 (별칭 -> 공기청정기 필터),기존 커버,정수기 필터
종이컵,1,20,재활용폐기물 > 종이,종이컵,기존 커버,종이컵
칫솔살균기,1,20,재활용폐기물 > 전기전자 제품류,칫솔,기존 커버,칫솔살균기
캔들워머,1,20,재활용폐기물 > 전기전자 제품류,캔들 (별칭 -> 양초),기존 커버,캔들워머
고양이 모래 벤토나이트,1,19,일반폐기물,고양이모래,기존 커버,고양이 모래 벤토나이트 폐기
믹서기,1,19,재활용폐기물 > 전기전자 제품류,믹서기,기존 커버,믹서기
상장케이스,1,19,일반폐기물 > 일반종량제폐기물,상장 (별칭 -> 종이),기존 커버,상장케이스
선크림,1,19,재활용폐기물 > 합성수지 용기류,선크림 (별칭 -> 화장품),기존 커버,선크림
소화제유리병소스병,1,19,재활용폐기물 > 유리병,유리병,기존 커버,소화제유리병소스병 어디에 담아버리나요수거함이 없어서요
스키신발,1,19,일반폐기물 > 일반종량제폐기물,신발,기존 커버,스키신발
오염된 유리병,1,19,재활용폐기물 > 유리병,유리병,기존 커버,오염된 유리병
우드락,1,19,일반폐기물 > 일반종량제폐기물,우드락,기존 커버,우드락
운동화,1,19,재활용폐기물 > 의류,운동화 (별칭 -> 신발),기존 커버,운동화
육개장 사발면 스티로폼용기,1,19,재활용폐기물 > 발포합성수지(스티로폼 등),스티로폼,기존 커버,육개장 사발면 스티로폼용기
콜라비 껍질은 음식물쓰레기인가요?,1,19,음식물류폐기물,음식물쓰레기 (판정 총칭),기존 커버,콜라비 껍질은 음식물쓰레기인가요?
개업식화환,1,18,대형폐기물,화환 (별칭 -> 조화),기존 커버,개업식화환
"볶은 옥수수, 보리",1,18,음식물류폐기물,옥수수 (시드),기존 커버,"볶은 옥수수, 보리"
"분유,커피 포트",1,18,재활용폐기물 > 전기전자 제품류,커피포트 (별칭 -> 주전자),기존 커버,"분유,커피 포트"
세탁기 급수호스,1,18,일반폐기물 > 일반종량제폐기물,세탁기,기존 커버,세탁기 급수호스
스티로폼 라면 용기,1,18,재활용폐기물 > 발포합성수지(스티로폼 등),스티로폼,기존 커버,스티로폼 라면 용기
실리콘 케이스,1,18,일반폐기물 > 일반종량제폐기물,실리콘케이스 (별칭 -> 실리콘),기존 커버,실리콘 케이스 버리는방법
쏠라전구,1,18,재활용폐기물 > 전기전자 제품류,전구,기존 커버,쏠라전구
염색약,1,18,일반폐기물 > 일반종량제폐기물,염색약,기존 커버,염색약
음식물쓰레기 냉장고,3,18,재활용폐기물 > 전기전자 제품류,음식물쓰레기 (판정 총칭),기존 커버,음식물쓰레기 냉장고 | 음식물쓰레기 냉장고 | 음식물 쓰레기 냉장고
자석칠판,1,18,대형폐기물,자석,기존 커버,자석칠판
"칼, 1회용 라이터",1,18,일반폐기물 > 일반종량제폐기물,라이터,기존 커버,"칼, 1회용 라이터"
호일,1,18,일반폐기물 > 일반종량제폐기물,호일 (별칭 -> 은박지),기존 커버,호일은 어떻게 버려요
대형 수족관,1,17,대형폐기물,수족관 (별칭 -> 어항),기존 커버,대형 수족관 버리는 법
들기름,1,17,음식물류폐기물,기름,기존 커버,들기름
샤워커튼,1,17,일반폐기물 > 일반종량제폐기물,샤워커튼 (별칭 -> 커튼),기존 커버,샤워커튼
정수기는 소형폐가전인가요?,1,17,재활용폐기물 > 전기전자 제품류,정수기,기존 커버,정수기는 소형폐가전인가요?
종이 분리배출 가능 사이즈,1,17,재활용폐기물 > 종이,종이,기존 커버,종이 분리배출 가능 사이즈
치킨뼈,1,17,음식물류폐기물,치킨뼈,기존 커버,치킨뼈
코일매트,1,17,일반폐기물 > 일반종량제폐기물,코일매트 (별칭 -> 퍼즐매트),기존 커버,코일매트
코코넛오일과 그 유리병,1,17,재활용폐기물 > 유리병,유리병,기존 커버,코코넛오일과 그 유리병
파스 붙어 있는 비닐,1,17,재활용폐기물 > 합성수지 비닐류,비닐,기존 커버,파스 붙어 있는 비닐
검정비닐,1,16,재활용폐기물 > 합성수지 비닐류,비닐,기존 커버,검정비닐
고양이 모래 카사바 벤토,1,16,일반폐기물 > 불연성종량제폐기물,고양이모래,기존 커버,고양이 모래 카사바 벤토
무색페트병 접착제 부분,1,16,재활용폐기물 > 무색페트병,페트병,기존 커버,무색페트병 접착제 부분
무선 이어폰,1,16,재활용폐기물 > 전기전자 제품류,무선이어폰 (별칭 -> 이어폰),기존 커버,무선 이어폰
박스테이프,1,16,일반폐기물 > 일반종량제폐기물,박스,기존 커버,박스테이프
스티로폼 접시,1,16,재활용폐기물 > 발포합성수지(스티로폼 등),스티로폼,기존 커버,스티로폼 접시 분리배출
약상자,1,16,재활용폐기물 > 종이,상자 (별칭 -> 박스),기존 커버,약상자
일회용 숟가락,1,16,재활용폐기물 > 합성수지 용기류,숟가락 (별칭 -> 수저),기존 커버,일회용 숟가락
포장비닐,1,16,재활용폐기물 > 합성수지 비닐류,비닐,기존 커버,포장비닐의 배출
피아노,1,16,대형폐기물,피아노,기존 커버,피아노
형광등 전구 led전구,1,16,재활용폐기물 > 조명제품,LED 전구 (별칭 -> 전구),기존 커버,형광등 전구 led전구
가죽 재질의 핸드폰 케이스,1,15,일반폐기물 > 일반종량제폐기물,핸드폰 (별칭 -> 휴대폰),기존 커버,가죽 재질의 핸드폰 케이스는 어떻게 버리나요?
계란 껍질,1,15,일반폐기물 > 일반종량제폐기물,계란껍질,기존 커버,계란 껍질
망가진 선풍기,1,15,재활용폐기물 > 전기전자 제품류,선풍기,기존 커버,망가진 선풍기
베개,1,15,일반폐기물 > 일반종량제폐기물,베개,기존 커버,베개
유리로 된 화장품병,1,15,재활용폐기물,화장품,기존 커버,유리로 된 화장품병
"유리병, 라벨",1,15,재활용폐기물 > 유리병,유리병,기존 커버,"유리병, 라벨"
유희왕 카드,1,15,일반폐기물 > 일반종량제폐기물,카드 (별칭 -> 신용카드),기존 커버,유희왕 카드 버리는 법
자동차 와이퍼,1,15,일반폐기물 > 일반종량제폐기물,자동차와이퍼 (별칭 -> 와이퍼),기존 커버,자동차 와이퍼는 어떻게 버려야 하나요.
처방약 봉지,1,15,일반폐기물 > 일반종량제폐기물,약봉지 (별칭 -> 약),기존 커버,처방약 봉지
큰 화분,1,15,대형폐기물,화분,기존 커버,큰 화분
튀김기름,1,15,기타,튀김 기름 (별칭 -> 식용유),기존 커버,튀김기름버리는법
부직포 백,1,14,일반폐기물 > 일반종량제폐기물,부직포,기존 커버,부직포 백
신발 포장용 유산지,1,14,재활용폐기물 > 종이,신발,기존 커버,신발 포장용 유산지
오래된 토너,1,14,일반폐기물 > 일반종량제폐기물,토너 (별칭 -> 잉크카트리지),기존 커버,오래된 토너 분리수거
유리,1,14,재활용폐기물 > 유리병,유리,기존 커버,유리
"종이 백, 종이 봉투",1,14,재활용폐기물 > 종이,종이봉투 (별칭 -> 종이),기존 커버,"종이 백, 종이 봉투"
플라스틱 용기 접착성분,1,14,재활용폐기물 > 합성수지 용기류,플라스틱 용기 (별칭 -> 배달용기),기존 커버,플라스틱 용기 접착성분
한약 포장재 나무상자,1,14,일반폐기물 > 일반종량제폐기물,상자 (별칭 -> 박스),기존 커버,한약 포장재 나무상자
"고양이 스프레이, 변기 세정",1,13,재활용폐기물 > 합성수지 용기류,변기,기존 커버,"고양이 스프레이, 변기 세정"
김치통 스크래치 나지 말라고 붙여진 보호 필름,1,13,일반폐기물 > 일반종량제폐기물,김치통 (별칭 -> 반찬통),기존 커버,김치통 스크래치 나지 말라고 붙여진 보호 필름 분리수거 문의
대일밴드 종이 포장지는 일반쓰레기인가요?,1,13,일반폐기물 > 일반종량제폐기물,종이,기존 커버,대일밴드 종이 포장지는 일반쓰레기인가요?
덮개 유리,1,13,기타,유리,기존 커버,덮개 유리
락카칠한 택배상자,1,13,일반폐기물 > 일반종량제폐기물,택배상자 (별칭 -> 박스),기존 커버,락카칠한 택배상자
밥솥,1,13,재활용폐기물 > 전기전자 제품류,밥솥,기존 커버,밥솥
방충망 창틀,1,13,대형폐기물,방충망,기존 커버,방충망 창틀
비닐류 OTHER,1,13,재활용폐기물 > 합성수지 비닐류,비닐,기존 커버,비닐류 OTHER
색종이,1,13,재활용폐기물 > 종이,종이,기존 커버,색종이
의자 등받이,1,13,대형폐기물,의자,기존 커버,의자 등받이
인쇄된 종이상자,1,13,재활용폐기물 > 종이,종이상자 (별칭 -> 박스),기존 커버,인쇄된 종이상자
인형 집,1,13,일반폐기물 > 일반종량제폐기물,인형,기존 커버,인형 집 버리는 법
코팅된 종이상자,1,13,재활용폐기물 > 종이,코팅된 종이 (시드),기존 커버,코팅된 종이상자 재활용 여부
콘센트,1,13,일반폐기물 > 일반종량제폐기물,콘센트 (별칭 -> 멀티탭),기존 커버,콘센트 분리배출
파라솔,1,13,대형폐기물,파라솔,기존 커버,파라솔
핫팩,1,13,일반폐기물 > 일반종량제폐기물,핫팩,기존 커버,핫팩은 어떻게요
핸드폰 배터리,1,13,재활용폐기물,핸드폰 배터리 (별칭 -> 배터리),기존 커버,핸드폰 배터리는 어떻게 버리나요?
헬멧,1,13,일반폐기물 > 일반종량제폐기물,헬멧,기존 커버,헬멧 배출문의
형광등,1,13,생활계 유해폐기물 > 수은함유 폐기물,형광등,기존 커버,형광등
가구 살때 나온 스티로폼,1,12,재활용폐기물,스티로폼,기존 커버,가구 살때 나온 스티로폼
"나무도마,나무쟁반",1,12,일반폐기물 > 일반종량제폐기물,나무도마 (별칭 -> 도마),기존 커버,"나무도마,나무쟁반"
대형곰인형,1,12,대형폐기물,인형,기존 커버,대형곰인형
레이저 프린터 토너,1,12,일반폐기물 > 일반종량제폐기물,프린터,기존 커버,레이저 프린터 토너
메모리폼 베개,1,12,일반폐기물 > 일반종량제폐기물,메모리폼 베개 (별칭 -> 베개),기존 커버,메모리폼 베개
물감 혹은 낙서된 비닐,1,12,재활용폐기물 > 합성수지 비닐류,비닐,기존 커버,물감 혹은 낙서된 비닐
부직포 앞치마,1,12,일반폐기물 > 일반종량제폐기물,부직포 앞치마 (별칭 -> 부직포),기존 커버,부직포 앞치마
부피가 큰 플라스틱 장난감,1,12,일반폐기물 > 일반종량제폐기물,플라스틱 장난감 (별칭 -> 장난감),기존 커버,부피가 큰 플라스틱 장난감
샤프,1,12,일반폐기물,샤프 (별칭 -> 볼펜),기존 커버,샤프는 어떻게 버려요?
세면대 배수관,1,12,일반폐기물 > 일반종량제폐기물,세면대,기존 커버,세면대 배수관
소형 LED조명,1,12,재활용폐기물 > 조명제품,LED 조명 (별칭 -> LED등),기존 커버,소형 LED조명
스티커가 붙은 플라스틱 용기,1,12,재활용폐기물 > 합성수지 용기류,플라스틱 용기 (별칭 -> 배달용기),기존 커버,스티커가 붙은 플라스틱 용기
유심칩 붙어있는 카드,1,12,재활용폐기물 > 합성수지 용기류,카드 (별칭 -> 신용카드),기존 커버,유심칩 붙어있는 카드
자석,1,12,일반폐기물 > 일반종량제폐기물,자석,기존 커버,자석 버리는 법
카놀라유 기름,1,12,음식물류폐기물,기름,기존 커버,카놀라유 기름
택배포장용 비닐,1,12,재활용폐기물,비닐,기존 커버,택배포장용 비닐
털실내화,1,12,일반폐기물 > 일반종량제폐기물,실내화 (별칭 -> 슬리퍼),기존 커버,털실내화
간수 묻은 종이박스,1,11,일반폐기물 > 일반종량제폐기물,종이박스 (별칭 -> 박스),기존 커버,간수 묻은 종이박스
기름기 묻은 것,1,11,일반폐기물 > 일반종량제폐기물,기름,기존 커버,기름기 묻은 것
기름종이,1,11,일반폐기물 > 일반종량제폐기물,기름,기존 커버,기름종이
면생리대,1,11,일반폐기물 > 일반종량제폐기물,생리대 (별칭 -> 기저귀),기존 커버,면생리대는 어떻게 버리나요?
아날로그 저울,1,11,일반폐기물 > 일반종량제폐기물,저울 (별칭 -> 체중계),기존 커버,아날로그 저울
양장본 책,1,11,재활용폐기물 > 종이,양장본 (별칭 -> 책),기존 커버,양장본 책
요가매트,1,11,일반폐기물 > 일반종량제폐기물,요가매트,기존 커버,요가매트
응고된 기름,1,11,일반폐기물 > 일반종량제폐기물,기름,기존 커버,응고된 기름
잘 찢어지는데 비닐코팅된 종이,1,11,재활용폐기물,코팅된 종이 (시드),기존 커버,잘 찢어지는데 비닐코팅된 종이
전선,1,11,재활용폐기물 > 전기전자 제품류,전선,기존 커버,전선
전자제품 충전기와 밧데리,1,11,재활용폐기물 > 전기전자 제품류,전자제품 (판정 가이드축),기존 커버,전자제품 충전기와 밧데리 배출
카드,1,11,일반폐기물,카드 (별칭 -> 신용카드),기존 커버,카드는 어떻게 버리나요
통기타 하드케이스,1,11,대형폐기물,통기타 (별칭 -> 바이올린),기존 커버,통기타 하드케이스
페트 화장품용기,1,11,재활용폐기물 > 합성수지 용기류,화장품 용기 (별칭 -> 화장품),기존 커버,페트 화장품용기
페트병에 부착된 플라스틱이라 표기된 라벨지는?,1,11,재활용폐기물 > 합성수지 비닐류,페트병,기존 커버,페트병에 부착된 플라스틱이라 표기된 라벨지는?
화장실 비닐봉투,1,11,일반폐기물 > 일반종량제폐기물,비닐봉투 (별칭 -> 비닐),기존 커버,화장실 비닐봉투
화장품 케이스,1,11,재활용폐기물 > 합성수지 용기류,화장품,기존 커버,화장품 케이스
PVC비닐,1,10,재활용폐기물 > 합성수지 비닐류,비닐,기존 커버,PVC비닐은 어떻게 배출하면 될까요?
개수대 수전,1,10,재활용폐기물 > 금속류,수전 (별칭 -> 샤워기),기존 커버,개수대 수전
농산물 상자,1,10,대형폐기물,상자 (별칭 -> 박스),기존 커버,농산물 상자
대형폐기물,1,10,대형폐기물,대형 폐기물 (판정 총칭),기존 커버,대형폐기물
"비닐봉지, 플라스틱,페트병용기에 얼룩",1,10,재활용폐기물 > 합성수지 용기류,페트병,기존 커버,"비닐봉지, 플라스틱,페트병용기에 얼룩"
사용한 비닐장갑,1,10,재활용폐기물 > 합성수지 비닐류,비닐,기존 커버,사용한 비닐장갑
원목 트레이,1,10,대형폐기물,원목 트레이 (별칭 -> 도마),기존 커버,원목 트레이
침대가드,1,10,대형폐기물,침대,기존 커버,침대가드
플라스틱 의자,1,10,대형폐기물,의자,기존 커버,플라스틱 의자
가위,1,9,일반폐기물 > 일반종량제폐기물,가위,기존 커버,가위
깨진 냉장고 야채칸,1,9,재활용폐기물 > 합성수지 용기류,냉장고,기존 커버,깨진 냉장고 야채칸
내용물이 있는 유리병,1,9,일반폐기물 > 일반종량제폐기물,유리병,기존 커버,내용물이 있는 유리병
냉동식품 배송용 스티로폼 상자,1,9,재활용폐기물 > 발포합성수지(스티로폼 등),스티로폼 상자 (별칭 -> 아이스박스),기존 커버,냉동식품 배송용 스티로폼 상자
무라벨 페트병,1,9,재활용폐기물 > 무색페트병,페트병,기존 커버,무라벨 페트병
부엌칼과 과도,1,9,일반폐기물 > 일반종량제폐기물,부엌칼 (별칭 -> 식칼),기존 커버,부엌칼과 과도
스파클라 불꽃놀이,1,9,일반폐기물 > 일반종량제폐기물,불꽃놀이 (별칭 -> 폭죽),기존 커버,스파클라(불꽃놀이)
싱하 탄산수 유리병 왕관 뚜껑 톱니바퀴 모양 뚜껑,1,9,재활용폐기물 > 유리병,유리병,기존 커버,싱하 탄산수 유리병 왕관 뚜껑 톱니바퀴 모양 뚜껑
쓰레받기,1,9,재활용폐기물 > 합성수지 용기류,쓰레받기 (별칭 -> 빗자루),기존 커버,쓰레받기
아이패드 거치대,1,9,일반폐기물 > 일반종량제폐기물,패드 (별칭 -> 이불),기존 커버,아이패드 거치대
전기파리채,1,9,재활용폐기물 > 전기전자 제품류,전기파리채 (별칭 -> 전기모기채),기존 커버,전기파리채
종이에 기름,1,9,재활용폐기물 > 종이,기름,기존 커버,종이에 기름
캔버스,1,9,일반폐기물 > 일반종량제폐기물,캔버스,기존 커버,캔버스
포토 프린터,1,9,재활용폐기물 > 전기전자 제품류,프린터,기존 커버,포토 프린터
폴라로이드 사진,1,9,일반폐기물 > 일반종량제폐기물,사진,기존 커버,폴라로이드 사진
향수병,1,9,재활용폐기물 > 유리병,향수병 (별칭 -> 향수),기존 커버,향수병
헤드셋은 어따,1,9,재활용폐기물 > 전기전자 제품류,헤드셋 (별칭 -> 이어폰),기존 커버,헤드셋은 어따 버려요
tpe 소재 베개,1,8,일반폐기물 > 일반종량제폐기물,베개,기존 커버,tpe 소재 베개는 어떻게 버리나요?
과도,1,8,일반폐기물 > 일반종량제폐기물,과도 (별칭 -> 식칼),기존 커버,과도
기계코팅지,1,8,재활용폐기물,코팅지 (별칭 -> 코팅종이),기존 커버,기계코팅지 분리수거 방법
부엌칼,1,8,일반폐기물 > 일반종량제폐기물,부엌칼 (별칭 -> 식칼),기존 커버,부엌칼
분리배출 표시없는 화장품,1,8,재활용폐기물 > 합성수지 용기류,화장품,기존 커버,분리배출 표시없는 화장품
비닐류에 뚜껑은 HDPE,1,8,재활용폐기물 > 합성수지 비닐류,비닐,기존 커버,비닐류에 뚜껑은 HDPE
오븐쟁반,1,8,재활용폐기물 > 금속류,오븐 (시드),기존 커버,오븐쟁반
음식물 묻은 종이,1,8,재활용폐기물 > 종이,종이,기존 커버,음식물 묻은 종이
일회용부직포앞치마,1,8,일반폐기물 > 일반종량제폐기물,부직포 앞치마 (별칭 -> 부직포),기존 커버,일회용부직포앞치마
태양광 장난감 건전지,1,8,일반폐기물 > 일반종량제폐기물,건전지,기존 커버,태양광 장난감 건전지
투명페트병 별도 분리배출이 의무 아닌가요?,1,8,재활용폐기물 > 무색페트병,페트병,기존 커버,투명페트병 별도 분리배출이 의무 아닌가요?
파스에 붙어있던 비닐,1,8,재활용폐기물 > 합성수지 비닐류,비닐,기존 커버,파스에 붙어있던 비닐
해체한 캣타워,1,8,대형폐기물,캣타워,기존 커버,해체한 캣타워
형광등 안정기,1,8,재활용폐기물 > 전기전자 제품류,형광등,기존 커버,형광등 안정기
휴대폰,1,8,재활용폐기물,휴대폰,기존 커버,휴대폰은 어떻게 배출하나요?
Pvc 덤벨 원판 2kg,1,7,대형폐기물,덤벨 (별칭 -> 아령),기존 커버,Pvc 덤벨 원판 2kg
농산물 플라스틱 상자,1,7,대형폐기물,상자 (별칭 -> 박스),기존 커버,농산물 플라스틱 상자
도장 찍힌 택배박스,1,7,재활용폐기물 > 종이,택배박스 (별칭 -> 박스),기존 커버,도장 찍힌 택배박스
무색페트병 라벨,1,7,재활용폐기물 > 합성수지 비닐류,페트병,기존 커버,무색페트병 라벨
"바디캠, sd카드",1,7,재활용폐기물 > 전기전자 제품류,카드 (별칭 -> 신용카드),기존 커버,"바디캠, sd카드 배출"
방석 붙어 있는 의자,1,7,대형폐기물,의자,기존 커버,방석 붙어 있는 의자
비닐 테이프,1,7,재활용폐기물 > 합성수지 비닐류,비닐,기존 커버,비닐 테이프
사진,1,7,일반폐기물 > 일반종량제폐기물,사진,기존 커버,사진
스텐아크릴 도마,1,7,일반폐기물 > 일반종량제폐기물,스텐 (별칭 -> 고철),기존 커버,스텐아크릴 도마 분리수거
오쿠 브랜드 가전제품,1,7,재활용폐기물 > 전기전자 제품류,가전제품 (판정 가이드축),기존 커버,오쿠 브랜드 가전제품
우유상자,1,7,대형폐기물,상자 (별칭 -> 박스),기존 커버,우유상자
포트메리온 식탁매트,1,7,일반폐기물 > 일반종량제폐기물,식탁,기존 커버,포트메리온 식탁매트
형광펜으로 칠한 종이,1,7,재활용폐기물 > 종이,형광펜 (별칭 -> 볼펜),기존 커버,형광펜으로 칠한 종이
화장품 유리병,1,7,재활용폐기물 > 유리병,화장품,기존 커버,화장품 유리병
활어수족관,1,7,대형폐기물,수족관 (별칭 -> 어항),기존 커버,활어수족관
기름기,1,6,재활용폐기물 > 합성수지 용기류,기름,기존 커버,기름기
멸치박스,1,6,재활용폐기물 > 종이,박스,기존 커버,멸치박스
문제집,1,6,재활용폐기물 > 종이,문제집 (별칭 -> 책),기존 커버,문제집
반려동물 자동급식기,1,6,재활용폐기물 > 전기전자 제품류,식기 (별칭 -> 그릇),기존 커버,반려동물 자동급식기
비닐앞치마,1,6,일반폐기물 > 일반종량제폐기물,비닐,기존 커버,비닐앞치마분리수거
연잎 음식물쓰레기,1,6,음식물류폐기물,음식물쓰레기 (판정 총칭),기존 커버,연잎 음식물쓰레기 여부
엿은 음식물쓰레기?,1,6,음식물류폐기물,음식물쓰레기 (판정 총칭),기존 커버,엿은 음식물쓰레기?
음식물 처리기 4L 전자제품,1,6,,전자제품 (판정 가이드축),기존 커버,음식물 처리기 4L 전자제품 폐기 방법
플라스틱 통에 붙은 스티커,1,6,재활용폐기물 > 합성수지 용기류,플라스틱통 (별칭 -> 쓰레기통),기존 커버,플라스틱 통에 붙은 스티커
DVD가방,1,5,일반폐기물 > 일반종량제폐기물,dvd (별칭 -> CD),기존 커버,DVD가방
고무딱지,1,5,일반폐기물 > 일반종량제폐기물,고무,기존 커버,고무딱지
비닐류 OTHER표시,1,5,재활용폐기물 > 합성수지 비닐류,비닐,기존 커버,비닐류 OTHER표시
종이포장박스의 투명창,1,5,재활용폐기물 > 합성수지 비닐류,박스,기존 커버,종이포장박스의 투명창 분리수거 문의
칫솔캡,1,5,재활용폐기물 > 합성수지 용기류,칫솔,기존 커버,칫솔캡
"플라스틱, 유리 제품의 라벨",1,5,재활용폐기물 > 유리병,유리,기존 커버,"플라스틱, 유리 제품의 라벨"
피부미용기기 led 마스크,1,5,재활용폐기물 > 전기전자 제품류,마스크,기존 커버,피부미용기기) led 마스크
가방..!,1,4,일반폐기물 > 일반종량제폐기물,가방,기존 커버,가방..!
고속충전기 포장박스,1,4,재활용폐기물 > 종이,충전기,기존 커버,고속충전기 포장박스는 어떻게 배출하나요?
다이소 네트망,1,4,재활용폐기물 > 금속류,다이소 (시드),기존 커버,다이소 네트망은 어떻게 버리나요?
릴은 종량제봉투에 버리는 걸까요?,1,4,일반폐기물,종량제봉투 (판정 총칭),기존 커버,릴은 종량제봉투에 버리는 걸까요?
비닐류,1,4,재활용폐기물 > 합성수지 비닐류,비닐,기존 커버,비닐류
소형냉장고,1,4,재활용폐기물 > 전기전자 제품류,냉장고,기존 커버,소형냉장고
양말끈,1,4,일반폐기물 > 일반종량제폐기물,양말 (별칭 -> 속옷),기존 커버,양말끈
전동비눗방울 장난감,1,4,일반폐기물 > 일반종량제폐기물,장난감,기존 커버,전동비눗방울 장난감
초음파 렌즈세척기,1,4,재활용폐기물 > 전기전자 제품류,렌즈,기존 커버,초음파 렌즈세척기 배출
플라스틱 상자,1,4,재활용폐기물 > 합성수지 용기류,상자 (별칭 -> 박스),기존 커버,플라스틱 상자
금박 각인된 종이,1,3,일반폐기물 > 일반종량제폐기물,종이,기존 커버,금박 각인된 종이
리빙박스,1,3,일반폐기물 > 일반종량제폐기물,박스,기존 커버,리빙박스
옷 포장 종이,1,3,재활용폐기물 > 종이,종이,기존 커버,옷 포장 종이
종이테이프,1,3,일반폐기물 > 일반종량제폐기물,종이,기존 커버,종이테이프
방수 종이,1,2,일반폐기물 > 일반종량제폐기물,종이,기존 커버,방수 종이
수정테이프 붙은 종이,1,2,재활용폐기물 > 종이,종이,기존 커버,수정테이프 붙은 종이
