item,name_full,cls,id,in_external,variants,decision,note
AA 건전지,,재활용폐기물,124,0,,,
AAA건전지,,재활용폐기물,634,0,,,
CR 건전지,,재활용폐기물,635,0,,,
L자 파일,,재활용폐기물,71,0,,실측16차,
PCR 플라스틱,,재활용폐기물,68,0,,제외,분류명이거나 기존 페이지가 답한다
PVC 비닐,,일반폐기물,339,0,,,
VR 게임기,,재활용폐기물,234,0,,실측16차,
pvc배관,,"대형폐기물, 일반폐기물",446,0,,실측16차,
가루세제,,일반폐기물,399,0,,,
가마솥,,"대형폐기물, 재활용폐기물",46,0,,실측13차,
가발,,일반폐기물,340,0,,실측12차,실측12차 45
가스압력밥솥,,"대형폐기물, 재활용폐기물",93,0,,실측13차,
가스토치,,일반폐기물,341,0,,실측12차,실측12차 20
간장용기,,재활용폐기물,69,0,,,
감기약,,생활계 유해폐기물,141,0,,,
감자칩 용기,,일반폐기물,346,0,,기존 커버,감자칩 용기 (별칭 -> 프링글스통)
강판,,재활용폐기물,70,0,,실측16차,
개껌,,일반폐기물,411,0,,실측16차,
거품반죽기,,재활용폐기물,278,0,,,
걸레,,일반폐기물,342,0,,실측12차,실측12차 45
검정봉지,,재활용폐기물,101,0,,실측16차,
게 껍데기,,일반폐기물,426,0,,기존 커버,게껍데기 (별칭 -> 조개껍질)
게임 컨트롤러,,재활용폐기물,283,0,,실측13차,
결재판,,일반폐기물,314,0,,,
계란 껍데기,계란 껍데기(달걀 껍데기),일반폐기물,343,0,,,
계량컵,"계량컵(금속, 플라스틱)","일반폐기물, 재활용폐기물",763,0,계량컵(유리),실측13차,
고무매트,,"대형폐기물, 일반폐기물",307,0,,기존 커버,고무매트 (별칭 -> 바닥매트)
고무볼,,일반폐기물,453,0,,,
고무신발,,일반폐기물,437,0,,실측16차,
고무신발 액세서리,,일반폐기물,527,0,,,
고무장화,,일반폐기물,436,0,,실측12차,
고양이 두부모래,,일반폐기물,423,0,,,
고양이 스크래쳐,,"대형폐기물, 일반폐기물",200,0,,실측16차,
골판지 상자,,재활용폐기물,30,0,,기존 커버,골판지상자 (별칭 -> 박스)
골프망,,일반폐기물,337,0,,실측16차,
공갈젖꼭지,,일반폐기물,752,0,,,
공기청정기 필터,,"대형폐기물, 일반폐기물",722,1,,기존 커버,공기청정기 필터
공유기,,재활용폐기물,280,0,,실측12차,실측12차 175
공책,,재활용폐기물,20,0,,실측16차,
공학용 계산기,,재활용폐기물,677,0,,실측13차,
과일그물망,,일반폐기물,746,0,,실측16차,
과일봉지,,재활용폐기물,621,0,,,
과일포장재,과일포장재(스티로폼),재활용폐기물,126,0,,,
과자봉지,,재활용폐기물,97,1,,기존 커버,과자봉지 (별칭 -> 비닐)
광택제,,생활계 유해폐기물,138,0,,,
교복,,일반폐기물,347,0,,실측12차,실측12차 70
구명조끼,,일반폐기물,388,0,,발행,"실측12차 295, docs/37"
군복,,일반폐기물,348,0,,실측13차,
그레이터,,재활용폐기물,599,0,,실측16차,
그릴팬,,재활용폐기물,578,0,,실측13차,
그림,그림(패브릭),"대형폐기물, 일반폐기물, 재활용폐기물",764,0,그림(종이),기존 커버,그림 (별칭 -> 캔버스)
그물 무늬 스티로폼 용기,,재활용폐기물,128,0,,,
금속,,재활용폐기물,535,0,,제외,분류명이거나 기존 페이지가 답한다
금속 트로피,,재활용폐기물,583,0,,,
기름병,,재활용폐기물,131,1,,기존 커버,기름병 (별칭 -> 유리병)
기름종이,,일반폐기물,350,0,,,
깁스,,일반폐기물,352,0,,실측12차,실측12차 110
껌종이,,일반폐기물,464,0,,,
꼬깔형 생수컵,,재활용폐기물,564,0,,,
꿀 용기,,재활용폐기물,755,0,,,
나무 쟁반,,"대형폐기물, 일반폐기물",729,0,,기존 커버,나무쟁반 (별칭 -> 도마)
나사,,재활용폐기물,80,0,,,
나잘스프레이,,생활계 유해폐기물,142,0,,,
낚싯대,,"대형폐기물, 일반폐기물",356,0,,실측12차,실측12차 20
난좌,,재활용폐기물,637,0,,,
내비게이션,,재활용폐기물,239,0,,실측12차,실측12차 20
내열냄비,,일반폐기물,500,0,,실측12차,
내열식기,,일반폐기물,499,0,,실측16차,
냄비뚜껑,냄비뚜껑(내열),일반폐기물,757,0,,별칭 -> 냄비,"실측12차 540, docs/37"
너트,,재활용폐기물,610,0,,,
네트망,,"대형폐기물, 재활용폐기물",580,0,,실측16차,
노트북 파우치,,"일반폐기물, 재활용폐기물",654,0,,실측16차,
녹말이쑤시개,,일반폐기물,441,0,,,
녹차잎,,일반폐기물,420,0,,실측16차,
농구공,,일반폐기물,726,1,,실측12차,
눈썹칼,,일반폐기물,494,0,,,
니퍼,,재활용폐기물,607,0,,실측12차,
다리미판,,"대형폐기물, 일반폐기물",418,1,,실측16차,
단백질 가루,,일반폐기물,404,0,,실측16차,
단소,단소(플라스틱),"일반폐기물, 재활용폐기물",801,0,단소(나무),실측12차,
달력,,재활용폐기물,557,0,,실측12차,실측12차 50
담뱃갑,,일반폐기물,39,0,,,
대리석 상판,,"대형폐기물, 공사장 생활폐기물, 일반폐기물",760,1,,실측16차,
더블 클립,,재활용폐기물,568,0,,,
도시락 김 용기,,재활용폐기물,115,0,,실측16차,
동화책,,재활용폐기물,555,0,,기존 커버,동화책 (별칭 -> 책)
돼지 뼈,,일반폐기물,385,0,,,
드링크병,,재활용폐기물,133,0,,,
들기름,,재활용폐기물,640,0,,,
등산 가방,,"일반폐기물, 재활용폐기물",652,0,,실측16차,
등산스틱,,"대형폐기물, 일반폐기물",363,1,,,
디스펜서,,"대형폐기물, 재활용폐기물",582,1,,,
디지털 체중계,,재활용폐기물,701,0,,,
디지털 카메라,,재활용폐기물,243,0,,실측12차,실측12차 25
딱풀,,일반폐기물,321,0,,,
떡메모지,,재활용폐기물,550,0,,,
뚜껑이 달린 우유팩,,재활용폐기물,18,0,,,
뚝배기,,일반폐기물,501,0,,별칭 -> 그릇,"실측12차 645, docs/37"
라돈 침대,라돈 침대(라돈 매트리스),생활계 유해폐기물,139,0,,실측12차,실측12차 20
라디오,,재활용폐기물,244,1,,실측13차,
라면 박스,,재활용폐기물,547,0,,기존 커버,라면박스 (별칭 -> 박스)
라면 봉지,,재활용폐기물,622,1,,기존 커버,라면봉지 (별칭 -> 비닐)
락스,,재활용폐기물,66,0,,발행,"실측12차 420, docs/37"
레이저 포인터,,재활용폐기물,291,0,,실측13차,
레진,,일반폐기물,495,0,,실측12차,실측12차 45
렌즈케이스,,재활용폐기물,367,0,,,
렌치,,재활용폐기물,609,0,,실측12차,
로또용지,,일반폐기물,368,0,,,
리모컨,,재활용폐기물,290,0,,실측12차,실측12차 100
리빙박스,리빙박스(섬유 재질),"대형폐기물, 일반폐기물, 재활용폐기물",304,1,리빙박스(합성수지 재질),실측16차,
리코더,리코더(나무),"대형폐기물, 일반폐기물, 재활용폐기물",765,0,리코더(플라스틱),실측12차,실측12차 30
린스,,재활용폐기물,591,0,,,
립밤,,재활용폐기물,110,0,,,
립스틱,,재활용폐기물,631,0,,,
마스킹테이프,,일반폐기물,714,0,,실측12차,
마요네즈 용기,,재활용폐기물,632,0,,,
마우스,,재활용폐기물,282,1,,발행,"실측12차 590, docs/37"
마우스패드,,일반폐기물,326,0,,기존 커버,마우스패드 (별칭 -> 키보드)
마커펜,,일반폐기물,309,0,,,
만년필,,일반폐기물,715,0,,실측13차,
망원경,,"대형폐기물, 일반폐기물",305,0,,실측12차,실측12차 25
맥주캔,,재활용폐기물,616,0,,,
맥주케그,,"대형폐기물, 재활용폐기물",59,0,,,
머리끈,,일반폐기물,370,0,,실측16차,
머리빗,"머리빗(나무, 복합)","일반폐기물, 재활용폐기물",766,0,머리빗(플라스틱),,
메달,메달(크리스탈),"일반폐기물, 재활용폐기물",504,0,메달(도금),실측12차,
메모노트,,재활용폐기물,549,0,,,
메모지,,재활용폐기물,21,0,,실측16차,
메트로놈,메트로놈(디지털식),"일반폐기물, 재활용폐기물",767,0,메트로놈(기계식),,
멜라민 그릇,,일반폐기물,506,0,,실측12차,실측12차 60
멜로디언,,일반폐기물,481,0,,실측12차,
명함지갑,,일반폐기물,311,0,,실측16차,
모기 스프레이,,재활용폐기물,606,0,,실측16차,
목검,,"대형폐기물, 일반폐기물",202,0,,실측13차,
목도리,,"일반폐기물, 재활용폐기물",154,0,,실측12차,실측12차 35
목베개,,"대형폐기물, 일반폐기물",371,0,,실측16차,
무색페트병,,재활용폐기물,530,0,무색페트병(물병),제외,분류명이거나 기존 페이지가 답한다
무쇠 주물냄비,,재활용폐기물,566,0,,,
무전기,,재활용폐기물,254,0,,실측13차,
물 아이스팩,,재활용폐기물,779,0,,,
물약,,생활계 유해폐기물,149,0,,,
물엿 용기,,재활용폐기물,475,0,,,
밀짚모자,,일반폐기물,376,0,,실측13차,
바나나우유,,재활용폐기물,73,0,,,
바늘,,일반폐기물,716,0,,실측16차,
바닥매트,,"대형폐기물, 일반폐기물",713,1,,발행,"실측13차 225, docs/39"
바둑판,,"대형폐기물, 일반폐기물",377,1,,실측13차,
바디로션,,재활용폐기물,64,0,,,
바비큐 그릴,,재활용폐기물,55,1,,,
바세린,,재활용폐기물,378,0,,,
바이올린,,"대형폐기물, 일반폐기물",749,1,,기존 커버,바이올린
바인더,,"일반폐기물, 재활용폐기물",584,0,,기존 커버,바인더 (별칭 -> 클리어파일)
바지,,"일반폐기물, 재활용폐기물",656,0,,,
반려동물 케이지,,"대형폐기물, 일반폐기물, 재활용폐기물",618,0,,실측13차,
반려동물 펜스,,"대형폐기물, 재활용폐기물",58,0,,실측13차,
반찬통,,재활용폐기물,121,1,,기존 커버,반찬통
발포합성수지,,재활용폐기물,533,0,,제외,분류명이거나 기존 페이지가 답한다
배구공,,일반폐기물,727,0,,실측12차,
배드민턴 라켓,,"대형폐기물, 일반폐기물",365,1,,실측13차,
배변패드,,일반폐기물,380,0,,실측12차,실측12차 20
배수구 트랩,,일반폐기물,396,0,,실측13차,
배추망,,재활용폐기물,597,0,,실측16차,
백과사전,,재활용폐기물,554,0,,,
밸런스볼,,"대형폐기물, 일반폐기물",461,0,,실측12차,
법랑 주전자,,재활용폐기물,613,0,,기존 커버,법랑주전자 (별칭 -> 주전자)
베개커버,,일반폐기물,379,0,,,
벤토나이트 모래,,일반폐기물,507,0,,,
벽돌,,"공사장 생활폐기물, 일반폐기물",508,0,,실측16차,
보자기,,일반폐기물,493,0,,실측16차,
보호대,,일반폐기물,524,0,,,
복숭아 씨,,일반폐기물,455,0,,실측16차,
볼트,,재활용폐기물,611,0,,,
분유통,,재활용폐기물,88,1,,기존 커버,분유통 (별칭 -> 참치캔)
분필,,일반폐기물,312,0,,,
불연성종량제폐기물,,"대형폐기물, 일반폐기물",543,0,,제외,분류명이거나 기존 페이지가 답한다
불판,,재활용폐기물,56,0,,실측12차,실측12차 40
브로마이드,,재활용폐기물,559,0,,,
비닐 노끈,,일반폐기물,358,0,,,
비닐 라벨,,재활용폐기물,620,0,,실측16차,
비닐약봉지,,재활용폐기물,627,0,,,
비디오 카메라,,재활용폐기물,256,0,,실측13차,
비치볼,,"대형폐기물, 일반폐기물",732,0,,기존 커버,비치볼 (별칭 -> 튜브)
빔프로젝터,,재활용폐기물,272,0,,실측12차,실측12차 20
빗자루,,"대형폐기물, 일반폐기물",383,1,,발행,"실측13차 235, docs/39"
빵끈,,일반폐기물,459,0,,,
사료 캔,,재활용폐기물,89,0,,,
사탕봉지,,재활용폐기물,626,0,,,
살균제,,생활계 유해폐기물,706,0,,,
살충제,,생활계 유해폐기물,704,0,,실측12차,실측12차 65
삼각커피우유,,재활용폐기물,117,0,,,
상장케이스,,일반폐기물,737,0,,,
상패케이스,,일반폐기물,387,0,,,
새장,,"대형폐기물, 일반폐기물, 재활용폐기물",91,0,,실측12차,
색도화지,,"일반폐기물, 재활용폐기물",552,0,,,
색연필,,일반폐기물,313,0,,실측16차,
색종이,,"일반폐기물, 재활용폐기물",23,0,,,
색지,,"일반폐기물, 재활용폐기물",553,0,,,
샌들,,"일반폐기물, 재활용폐기물",659,0,,기존 커버,샌들 (별칭 -> 슬리퍼)
생수,,재활용폐기물,633,0,,,
생활계 유해폐기물,,생활계 유해폐기물,545,0,,제외,분류명이거나 기존 페이지가 답한다
샤워기,,일반폐기물,395,0,,발행,"실측12차 365, docs/37"
샤워캡,샤워캡(실리콘),"일반폐기물, 재활용폐기물",769,0,샤워캡(비닐),실측13차,
샤워커튼,,일반폐기물,398,0,,실측12차,실측12차 100
샴푸,,재활용폐기물,590,0,,,
서랍 책꽂이,,"대형폐기물, 일반폐기물, 재활용폐기물",570,0,,,
석고방향제,,일반폐기물,435,0,,,
석쇠,,재활용폐기물,57,1,,실측12차,
선거 포스터,,재활용폐기물,33,0,,,
세탁소 비닐,,재활용폐기물,107,0,,실측16차,
세탁조 세정제,,재활용폐기물,596,0,,,
셔츠,,"일반폐기물, 재활용폐기물",655,0,,,
소스병,,재활용폐기물,132,0,,,
소품 정리함,"소품 정리함(나무, 복합)","대형폐기물, 일반폐기물, 재활용폐기물",770,0,소품 정리함(플라스틱),실측16차,
소화제,,생활계 유해폐기물,708,0,,,
속눈썹 영양제,,재활용폐기물,135,0,,,
손소독제 용기,,재활용폐기물,448,0,,,
수도꼭지,수도꼭지(복합 재질),"일반폐기물, 재활용폐기물",771,0,수도꼭지(금속 단일 재질),실측12차,실측12차 35
수도배관,수도배관(복합 재질),"대형폐기물, 일반폐기물, 재활용폐기물",772,0,수도배관(금속 단일 재질),실측16차,
수분리성 라벨,,재활용폐기물,96,0,,실측16차,
수석,,일반폐기물,759,0,,실측16차,
수세미,,일반폐기물,485,0,,실측12차,실측12차 50
수영가방,,일반폐기물,393,0,,,
수영복,,일반폐기물,491,0,,별칭 -> 속옷,"실측12차 230, docs/37"
수은 온도계,,생활계 유해폐기물,143,0,,실측16차,
수은 혈압계,,생활계 유해폐기물,707,0,,실측12차,
수전,수전(복합 재질),"일반폐기물, 재활용폐기물",774,0,수전(금속 단일 재질),실측12차,
수채화 물감,,일반폐기물,373,0,,,
수첩,,재활용폐기물,548,0,,실측16차,
슈트리,"슈트리(나무, 복합)","일반폐기물, 재활용폐기물",776,0,"슈트리(종이, 플라스틱)",,
스노우체인,,재활용폐기물,72,0,,실측12차,실측12차 35
스니커즈,,"일반폐기물, 재활용폐기물",658,0,,,
스마트폰 거치대,스마트폰 거치대(복합 재질),"일반폐기물, 재활용폐기물",777,0,스마트폰 거치대(금속 단일 재질),실측13차,
스마트폰 액세서리,,일반폐기물,349,0,,,
스카프,,"일반폐기물, 재활용폐기물",660,0,,실측12차,
스캐너,,재활용폐기물,672,1,,실측13차,
스키신발,,"대형폐기물, 일반폐기물",743,0,,실측16차,
스탠드 조명,,"대형폐기물, 재활용폐기물",295,0,,실측16차,
스테이플러,스테이플러(금속 단일 재질),"일반폐기물, 재활용폐기물",778,1,스테이플러(복합 재질),실측13차,
스테인리스 솥,,"대형폐기물, 재활용폐기물",567,0,,실측13차,
스틱봉지,,재활용폐기물,628,0,,실측16차,
스파우트파우치,,재활용폐기물,104,0,,실측16차,
스패너,,재활용폐기물,608,0,,실측12차,
스팸슬라이서,,일반폐기물,470,0,,,
스프레이 파스,,재활용폐기물,605,0,,,
스프봉지,,재활용폐기물,102,0,,,
식용유 용기,,재활용폐기물,598,0,,,
식품건조기,,재활용폐기물,266,0,,실측12차,실측12차 25
실리콘 주걱,,일반폐기물,444,0,,,
쌀 마대자루,,일반폐기물,465,0,,,
아령,아령(덤벨),"대형폐기물, 재활용폐기물",51,1,,발행,"실측12차 980, docs/37"
아보카도씨,,일반폐기물,753,0,,실측13차,
아이스크림 봉지,,재활용폐기물,623,0,,실측16차,
아이스크림 숟가락,,재활용폐기물,416,0,,,
아이스크림통,,"일반폐기물, 재활용폐기물",43,0,,,
아코디언 파일,,재활용폐기물,585,0,,,
아쿠아덤벨,,일반폐기물,443,0,,실측13차,
아크릴판,,"대형폐기물, 일반폐기물",440,0,,실측12차,실측12차 80
안경집,,일반폐기물,487,0,,실측13차,
안약,,생활계 유해폐기물,703,0,,,
알약 포장재,,일반폐기물,400,0,,실측16차,
압정,,일반폐기물,315,0,,실측16차,
압축봉,,"일반폐기물, 재활용폐기물, 대형폐기물",50,0,,실측12차,실측12차 30
액정보호필름,,일반폐기물,458,0,,실측16차,
야구글러브,,일반폐기물,480,0,,실측12차,실측12차 25
약탕기,약탕기(전기),재활용폐기물,277,0,,,
약통 용기,,재활용폐기물,521,0,,,
양면테이프,,일반폐기물,318,0,,실측12차,실측12차 20
에그쿠커,,재활용폐기물,285,0,,실측13차,
에어매트,,"대형폐기물, 일반폐기물",190,0,,실측12차,실측12차 110
에어풀장,,"대형폐기물, 일반폐기물",690,0,,실측12차,
연결관,연결관(복합 재질),"일반폐기물, 재활용폐기물",781,0,연결관(금속 단일 재질),,
연고,,생활계 유해폐기물,146,0,,,
연수기,,재활용폐기물,270,1,,실측13차,
연수필터,,일반폐기물,332,0,,,
연필,,일반폐기물,316,0,,실측16차,
연필깎이,,일반폐기물,317,0,,,
연필꽂이,연필꽂이(복합 재질),"일반폐기물, 재활용폐기물",782,0,"연필꽂이(금속, 플라스틱)",,
염색약 용기,"염색약 용기(도포, 첩합)","일반폐기물, 재활용폐기물",799,0,염색약 용기(플라스틱),,
오디오 스피커,,재활용폐기물,265,1,,기존 커버,오디오 스피커 (별칭 -> 스피커)
오프너,오프너(금속 단일 재질),"일반폐기물, 재활용폐기물",783,0,오프너(복합 재질),실측13차,
옥수수 식기,,일반폐기물,479,0,,실측16차,
옷핀,,재활용폐기물,569,0,,기존 커버,옷핀 (별칭 -> 식칼)
와이퍼,,"대형폐기물, 일반폐기물, 재활용폐기물",90,0,,발행,"실측12차 1240, docs/37"
와인병,,재활용폐기물,510,0,,,
와인셀러,,재활용폐기물,229,1,,실측13차,
와인잔,,일반폐기물,758,0,,실측16차,
요거트 용기,,재활용폐기물,74,1,,실측14차,
욕실 세정제,,재활용폐기물,594,0,,,
욕실 코너선반,,"대형폐기물, 일반폐기물, 재활용폐기물",577,0,,실측13차,
욕실선반,,"대형폐기물, 일반폐기물, 재활용폐기물",54,0,,실측12차,실측12차 20
욕실화,,일반폐기물,333,0,,실측12차,
우드락,,일반폐기물,319,0,,실측12차,실측12차 95
우비,,일반폐기물,439,0,,실측12차,실측12차 35
우쿨렐레,,"대형폐기물, 일반폐기물",431,1,,기존 커버,우쿨렐레 (별칭 -> 바이올린)
워셔액 용기,,재활용폐기물,100,0,,,
워터댐,,일반폐기물,415,0,,,
원단,,"일반폐기물, 재활용폐기물",784,0,,실측13차,
원목 블록,,"대형폐기물, 일반폐기물",449,0,,,
원목도마,,"대형폐기물, 일반폐기물",361,0,,실측13차,
위생 봉투컵,,재활용폐기물,563,0,,,
위생도마,,재활용폐기물,625,0,,,
위생팩,,재활용폐기물,109,0,,실측12차,
유산지,,일반폐기물,442,0,,,
유색 스티로폼 용기,,재활용폐기물,638,0,,,
유색봉지,,재활용폐기물,624,0,,실측16차,
육수팩,,일반폐기물,744,0,,실측16차,
음료 파우치 팩,,재활용폐기물,629,0,,실측16차,
음료 페트병,,재활용폐기물,123,0,,제외,분류명이거나 기존 페이지가 답한다
음료수병,,재활용폐기물,129,0,,제외,분류명이거나 기존 페이지가 답한다
음료캔,,재활용폐기물,617,0,,,
음수대용 종이컵,,재활용폐기물,41,0,,,
음식물처리기,,재활용폐기물,262,1,,실측16차,
의류,,"일반폐기물, 재활용폐기물",536,1,,제외,분류명이거나 기존 페이지가 답한다
인라인 스케이트,,"대형폐기물, 일반폐기물",413,1,,실측16차,
인슐린주사기,,일반폐기물,738,0,,실측12차,
일반종량제폐기물,,"대형폐기물, 일반폐기물",542,0,,제외,분류명이거나 기존 페이지가 답한다
일회용 라이터,,일반폐기물,364,0,,실측12차,
일회용 마스크,,일반폐기물,369,0,,제외,분류명이거나 기존 페이지가 답한다
일회용 비닐장갑,,재활용폐기물,108,0,,,
일회용 손난로,,일반폐기물,392,0,,제외,분류명이거나 기존 페이지가 답한다
일회용 인공눈물 용기,,재활용폐기물,417,0,,,
자기 나침반,,일반폐기물,354,0,,실측13차,
자석교구,,일반폐기물,478,0,,기존 커버,자석 교구 (별칭 -> 자석)
잠자리채,,일반폐기물,445,0,,실측16차,
잡지책,,재활용폐기물,24,0,,,
장난감 피아노,,"대형폐기물, 재활용폐기물",221,0,,실측16차,
재킷,,"일반폐기물, 재활용폐기물",155,0,,,
전기다리미,,재활용폐기물,260,0,,제외,분류명이거나 기존 페이지가 답한다
전기모기채,,재활용폐기물,289,0,,실측12차,실측12차 145
전기비데,,재활용폐기물,271,0,,,
전기안마기,,재활용폐기물,669,0,,실측12차,실측12차 25
전기오븐,,"대형폐기물, 재활용폐기물",666,1,,실측13차,
전기이발기,,재활용폐기물,300,0,,실측13차,
전기전자제품,,"대형폐기물, 재활용폐기물",540,0,,제외,분류명이거나 기존 페이지가 답한다
전기주전자,,재활용폐기물,261,1,,실측12차,
전자 현미경,,재활용폐기물,795,0,,,
전자 혈압계,,재활용폐기물,796,0,,실측16차,
전자담배,,재활용폐기물,298,0,,발행,"실측12차 1215, docs/37"
전자드릴,,재활용폐기물,287,0,,실측16차,
전자사전,,재활용폐기물,235,1,,실측13차,
전자시계,,재활용폐기물,462,0,,실측12차,실측12차 25
전지,,재활용폐기물,537,0,,제외,분류명이거나 기존 페이지가 답한다
점착식 메모지,,일반폐기물,522,0,,,
접착제,,생활계 유해폐기물,705,0,,실측12차,실측12차 20
정리함,"정리함(나무, 복합)","대형폐기물, 일반폐기물, 재활용폐기물",786,0,"정리함(플라스틱, 금속)",실측16차,
정부화일,,재활용폐기물,27,0,,실측16차,
젖병살균소독기,,재활용폐기물,268,0,,실측13차,
제빵기,,재활용폐기물,674,0,,실측13차,
제초제,,생활계 유해폐기물,145,0,,실측16차,
조개 껍데기,,일반폐기물,425,0,,,
조명 유리커버,,"대형폐기물, 일반폐기물",515,0,,실측16차,
조명제품,,재활용폐기물,538,0,,제외,분류명이거나 기존 페이지가 답한다
족욕기,,재활용폐기물,233,1,,실측13차,
종이 보냉박스,,재활용폐기물,40,0,,,
종이 쇼핑백,,재활용폐기물,36,0,,기존 커버,종이 쇼핑백 (별칭 -> 종이)
종이 완충재,,재활용폐기물,42,0,,실측16차,
종이 컵라면,,재활용폐기물,406,0,,,
종이 퍼즐,,"일반폐기물, 재활용폐기물",44,0,,,
종이가방,,재활용폐기물,561,0,,기존 커버,종이가방 (별칭 -> 종이)
종이테이프,,일반폐기물,308,0,,,
주사기,,일반폐기물,401,0,,발행,"실측12차 225, docs/37"
줄자,,일반폐기물,322,0,,실측16차,
지관통,,재활용폐기물,25,0,,실측16차,
지로명세서,,재활용폐기물,323,0,,,
지우개,,일반폐기물,325,0,,실측16차,
지퍼백,지퍼백(비닐),재활용폐기물,630,0,,별칭 -> 비닐,"실측12차 135, docs/37"
짐볼,,"대형폐기물, 일반폐기물",460,0,,실측12차,실측12차 50
집게,집게(복합 재질),"일반폐기물, 재활용폐기물",787,0,집게(금속 단일 재질),,
쫄대 화일,,재활용폐기물,587,0,,,
쭈쭈바,,재활용폐기물,116,0,,,
찜질팩,,일반폐기물,408,0,,실측13차,
착즙기,,재활용폐기물,676,0,,실측13차,
채망,,재활용폐기물,94,0,,,
채칼,채칼(금속 단일 재질),"일반폐기물, 재활용폐기물",788,0,채칼(복합 재질),실측16차,
책상 책꽂이,,"대형폐기물, 일반폐기물, 재활용폐기물",571,0,,,
책상유리,,"공사장 생활폐기물, 대형폐기물, 일반폐기물",756,1,,,
천체망원경,,"대형폐기물, 일반폐기물",712,0,,실측16차,
철사,,재활용폐기물,47,0,,,
청소 세제,,재활용폐기물,595,0,,,
청소솔,,"대형폐기물, 일반폐기물, 재활용폐기물",83,1,,기존 커버,청소솔 (별칭 -> 빗자루)
축구공,,일반폐기물,338,0,,발행,"실측12차 210, docs/37"
치간칫솔,,일반폐기물,724,0,,,
치실,,일반폐기물,725,0,,,
치약 용기,"치약 용기(도포, 첩합)","일반폐기물, 재활용폐기물",789,0,치약  용기(플라스틱),,
치킨 박스,,재활용폐기물,562,0,,기존 커버,치킨박스 (별칭 -> 박스)
침낭,,"대형폐기물, 일반폐기물",482,0,,별칭 -> 이불,"실측12차 160, docs/37"
칫솔 꽂이,칫솔 꽂이(복합 재질),"일반폐기물, 재활용폐기물",790,0,"칫솔 꽂이(금속, 플라스틱)",,
칫솔살균기,,재활용폐기물,286,0,,실측12차,실측12차 85
카달로그,,재활용폐기물,551,0,,,
카트리지,,"재활용폐기물, 일반폐기물",412,0,,기존 커버,카트리지 (별칭 -> 잉크카트리지)
카페 일회용컵,,재활용폐기물,111,0,,,
칼라타이,,일반폐기물,754,0,,,
캔따개,캔따개(금속 단일 재질),"일반폐기물, 재활용폐기물",791,0,캔따개(복합 재질),실측13차,
캔버스,,"대형폐기물, 일반폐기물",433,0,,발행,"실측12차 245, docs/37"
캔시머 용기,,재활용폐기물,112,0,,,
캔커피,,재활용폐기물,86,0,,,
커팅매트,,"대형폐기물, 일반폐기물",719,0,,실측13차,
커피메이커,,재활용폐기물,263,0,,실측12차,실측12차 25
커피봉지,,재활용폐기물,103,0,,,
커피생두봉투,커피생두봉투(섬유 재질),"일반폐기물, 재활용폐기물",792,0,커피생두봉투(비닐),,
컴퓨터 본체,,재활용폐기물,670,1,,,
케찹 용기,,재활용폐기물,114,0,,,
콜라겐 가루,,일반폐기물,739,0,,실측16차,
쿠션,,"대형폐기물, 일반폐기물",731,1,,발행,"실측13차 1445, docs/39"
크레파스,,일반폐기물,490,0,,실측16차,
클렌징 폼,,재활용폐기물,65,0,,,
클리어 파일,,재활용폐기물,62,0,,실측16차,
클립,,재활용폐기물,48,0,,,
키보드,,재활용폐기물,281,1,,별칭 -> 마우스,"실측12차 0, docs/37"
키보드 스킨,,일반폐기물,476,0,,,
탁상 달력,,재활용폐기물,26,0,,실측12차,
태블릿 PC,,재활용폐기물,671,0,,실측13차,
태블릿 케이스,,일반폐기물,451,0,,실측13차,
태양광패널,,재활용폐기물,250,1,,실측13차,
택배 박스(스티로폼）,,재활용폐기물,636,0,,,
택배 상자,,재활용폐기물,19,0,,기존 커버,택배상자 (별칭 -> 박스)
택배 송장,,일반폐기물,718,0,,,
털 귀마개,,일반폐기물,327,0,,실측16차,
테이블 스탠드,,"대형폐기물, 재활용폐기물",296,0,,실측16차,
테이프 클리너,,재활용폐기물,120,0,,,
토너,,일반폐기물,742,1,,실측12차,
토스트기,,재활용폐기물,284,1,,기존 커버,토스트기 (별칭 -> 에어프라이어)
통장,,재활용폐기물,483,0,,실측16차,
통조림햄 캔,,재활용폐기물,85,0,,,
투명 가림막,,"일반폐기물, 대형폐기물",471,0,,,
튜브,,"대형폐기물, 일반폐기물",374,1,,발행,"실측13차 1050, docs/39"
트리트먼트,,재활용폐기물,592,0,,,
파쇄지,,일반폐기물,328,0,,,
팬캡,,일반폐기물,421,0,,기존 커버,팬캡 (별칭 -> 과일망)
페인트,,생활계 유해폐기물,140,0,,실측16차,
펜치,,재활용폐기물,79,0,,,
포스터,,재활용폐기물,28,0,,,
포충기,,재활용폐기물,302,0,,실측16차,
포켓 홀더,,재활용폐기물,586,0,,,
폭죽,,일반폐기물,452,0,,기존 커버,폭죽
폴딩카트,,"대형폐기물, 재활용폐기물",685,0,,실측13차,
폼롤러,,"대형폐기물, 일반폐기물",467,0,,발행,"실측13차 1015, docs/39"
폼보드,,일반폐기물,717,0,,실측12차,
프린터기,,재활용폐기물,255,1,,,
플라스틱,,재활용폐기물,531,1,,,
플라스틱 노끈,,일반폐기물,357,0,,,
플러그,,재활용폐기물,432,0,,,
피자박스,,재활용폐기물,37,0,,기존 커버,피자박스 (별칭 -> 박스)
필링기,,재활용폐기물,297,0,,,
필통,"필통(금속, 플라스틱)","일반폐기물, 재활용폐기물",794,0,필통(복합 재질),,
한약,,일반폐기물,148,0,,실측16차,
한약 찌꺼기,,일반폐기물,745,0,,실측16차,
한지,,일반폐기물,320,0,,,
합지 벽지,,"공사장 생활폐기물, 재활용폐기물",463,0,,,
해열진통제,,생활계 유해폐기물,709,0,,,
핸드크림,"핸드크림(도포, 첩합)","일반폐기물, 재활용폐기물",800,0,"핸드크림(금속, 플라스틱)",,
핸드폰 충전기,,재활용폐기물,275,0,,,
핸드폰 케이스,,일반폐기물,484,1,,실측14차,
핸들커버,,일반폐기물,473,0,,,
헤어 스프레이,,재활용폐기물,604,0,,실측16차,
헤어롤,,일반폐기물,429,0,,실측16차,
현미경,,"대형폐기물, 일반폐기물",710,0,,실측16차,
호두 껍데기,,일반폐기물,456,0,,실측13차,
화구통,,재활용폐기물,556,0,,실측16차,
화이트보드,,"대형폐기물, 일반폐기물",477,1,,실측13차,
화장솜,,일반폐기물,733,0,,실측16차,
화장지,,일반폐기물,492,0,,,
화장품 냉장고,,"대형폐기물, 재활용폐기물",663,0,,실측13차,
화장품 정리함,화장품 정리함(플라스틱),"대형폐기물, 일반폐기물, 재활용폐기물",798,0,"화장품 정리함(나무, 복합)",,
화장품 파우치,,"일반폐기물, 재활용폐기물",151,0,,실측16차,
화초,,일반폐기물,430,0,,실측16차,
황화일,,재활용폐기물,558,0,,,
후드 필터,,재활용폐기물,76,0,,실측16차,
휴대용 가스버너,,재활용폐기물,95,0,,실측16차,
휴대용 콘솔게임기,,재활용폐기물,242,0,,,
흡수패드,,일반폐기물,454,0,,,
비닐장판,,"공사장 생활폐기물, 대형폐기물",184,0,,,
빈 농약용기,,기타,175,0,,실측16차,
엔진오일,,기타,144,0,,실측16차,
연탄재,,기타,177,0,,실측16차,
유리창,,"공사장 생활폐기물, 대형폐기물",496,0,,,
하우스 비닐,,기타,176,0,,,
가스오븐레인지,,대형폐기물,699,1,,보류,대형폐기물 전용 (판단 37)
건식 반신욕기,,대형폐기물,193,0,,보류,대형폐기물 전용 (판단 37)
건조대,,대형폐기물,194,1,,보류,대형폐기물 전용 (판단 37)
그늘천막,,대형폐기물,201,0,,보류,대형폐기물 전용 (판단 37)
단열스티로폼,,대형폐기물,127,0,,보류,대형폐기물 전용 (판단 37)
문발,,대형폐기물,204,0,,보류,대형폐기물 전용 (판단 37)
미끄럼틀,,대형폐기물,217,1,,보류,대형폐기물 전용 (판단 37)
밀대 걸레,,대형폐기물,205,0,,보류,대형폐기물 전용 (판단 37)
반려동물 캐리어,,대형폐기물,206,0,,보류,대형폐기물 전용 (판단 37)
벤치프레스,,대형폐기물,574,1,,보류,대형폐기물 전용 (판단 37)
변기커버,,대형폐기물,198,0,,보류,대형폐기물 전용 (판단 37)
사다리,,대형폐기물,208,1,,보류,대형폐기물 전용 (판단 37)
수납장,수납장(플라스틱 재질),대형폐기물,186,1,수납장(목재 재질),보류,대형폐기물 전용 (판단 37)
스노보드,,대형폐기물,212,1,,보류,대형폐기물 전용 (판단 37)
스탭퍼,,대형폐기물,697,0,,보류,대형폐기물 전용 (판단 37)
스파인코렉터,,대형폐기물,224,0,,보류,대형폐기물 전용 (판단 37)
실링팬,,대형폐기물,220,0,,보류,대형폐기물 전용 (판단 37)
안전가드,,대형폐기물,579,0,,보류,대형폐기물 전용 (판단 37)
안전문,,대형폐기물,581,0,,보류,대형폐기물 전용 (판단 37)
역기,,대형폐기물,573,0,,보류,대형폐기물 전용 (판단 37)
이동식 욕조,이동식 욕조(플라스틱 재질),대형폐기물,192,0,,보류,대형폐기물 전용 (판단 37)
죽부인,,대형폐기물,474,1,,보류,대형폐기물 전용 (판단 37)
지팡이,,대형폐기물,694,1,,보류,대형폐기물 전용 (판단 37)
철봉 운동기구,,대형폐기물,698,0,,보류,대형폐기물 전용 (판단 37)
침대 프레임,,대형폐기물,197,1,,보류,대형폐기물 전용 (판단 37)
테이블 프레임,,대형폐기물,692,0,,보류,대형폐기물 전용 (판단 37)
파렛트,,대형폐기물,447,1,,보류,대형폐기물 전용 (판단 37)
플라스틱 서랍장,,대형폐기물,686,1,,보류,대형폐기물 전용 (판단 37)
감초가루,,음식물류폐기물,651,0,,보류,음식물 축 (판단 7)
고등어,,음식물류폐기물,165,0,,보류,음식물 축 (판단 7)
국수,,음식물류폐기물,644,0,,보류,음식물 축 (판단 7)
내장류,,음식물류폐기물,157,0,,보류,음식물 축 (판단 7)
냉면,,음식물류폐기물,645,0,,보류,음식물 축 (판단 7)
다시마,,음식물류폐기물,161,0,,보류,음식물 축 (판단 7)
더덕,,음식물류폐기물,643,0,,보류,음식물 축 (판단 7)
땅콩버터,,음식물류폐기물,650,0,,보류,음식물 축 (판단 7)
라면,,음식물류폐기물,159,0,,보류,음식물 축 (판단 7)
라면스프,,음식물류폐기물,172,0,,보류,음식물 축 (판단 7)
마요네즈,,음식물류폐기물,169,0,,보류,음식물 축 (판단 7)
말린 귤껍질,,음식물류폐기물,160,0,,보류,음식물 축 (판단 7)
매실주 건더기,,음식물류폐기물,158,0,,보류,음식물 축 (판단 7)
밀가루,,음식물류폐기물,167,0,,보류,음식물 축 (판단 7)
버터,,음식물류폐기물,171,0,,보류,음식물 축 (판단 7)
부침가루,,음식물류폐기물,649,0,,보류,음식물 축 (판단 7)
분유가루,,음식물류폐기물,173,0,,보류,음식물 축 (판단 7)
비계,,음식물류폐기물,163,0,,보류,음식물 축 (판단 7)
상한 음식,,음식물류폐기물,164,0,,보류,음식물 축 (판단 7)
생선,,음식물류폐기물,648,0,,보류,음식물 축 (판단 7)
시리얼,,음식물류폐기물,166,0,,보류,음식물 축 (판단 7)
야관문,,음식물류폐기물,642,0,,보류,음식물 축 (판단 7)
어성초가루,,음식물류폐기물,168,0,,보류,음식물 축 (판단 7)
엿기름,,음식물류폐기물,174,0,,보류,음식물 축 (판단 7)
오렌지 껍질,,음식물류폐기물,646,1,,보류,음식물 축 (판단 7)
유통기한이 지난 음식,,음식물류폐기물,647,0,,보류,음식물 축 (판단 7)
음식물류폐기물,,음식물류폐기물,541,0,,보류,음식물 축 (판단 7)
인삼,,음식물류폐기물,641,0,,보류,음식물 축 (판단 7)
