item,under,cls,id,decision,note
CD 투명케이스,CD,일반폐기물,336,,
DVD보관가방,CD,일반폐기물,336,,
GPS 수신기,"자기 나침반, 공유기, 내비게이션","일반폐기물, 재활용폐기물",354,,
LED마스크,"전기안마기, 고무볼, 일회용 마스크, 필링기","일반폐기물, 재활용폐기물",669,,
LED줄조명,"조명제품, LED, 형광등",재활용폐기물,538,,
LP플레이어,"전축, MP3, CD, 오디오","대형폐기물, 일반폐기물, 재활용폐기물",662,,
OMR용지,로또용지,일반폐기물,368,,
RC카,장난감 피아노,"대형폐기물, 재활용폐기물",221,,
SD카드,"컴퓨터 본체, PC","대형폐기물, 재활용폐기물",670,,
TV 받침대,"텔레비전, 소파","대형폐기물, 재활용폐기물",230,,
USB허브,"케이블, 플러그, 멀티탭, 핸드폰 충전기, 전선",재활용폐기물,678,,
VR 고글,"PMP, 게임 컨트롤러, 휴대용 콘솔게임기, VR 게임기",재활용폐기물,679,,
가랜드(섬유),폭죽,일반폐기물,452,,
가랜드(종이),폭죽,일반폐기물,452,,
가리비 껍데기,"게 껍데기, 조개 껍데기",일반폐기물,426,,
가스히터,"가스오븐레인지, 일회용 손난로, 가스레인지","대형폐기물, 일반폐기물",699,,
가슴장화,"고무신발, 고무장화",일반폐기물,437,,
가시오가피,한약 찌꺼기,일반폐기물,745,,
가위갈이,"가위(금속 단일 재질), 그레이터, 가위(복합 재질)","일반폐기물, 재활용폐기물",762,,
가정용 심전도 측정기,전자 혈압계,재활용폐기물,796,,
가정용 전기차충전기,태양광패널,재활용폐기물,250,,
가정용 제모기,"전기이발기, 필링기, 전기면도기",재활용폐기물,300,,
간이영수증,"영수증, 로또용지",일반폐기물,730,,
간장게장,게 껍데기,일반폐기물,426,,
갈비,돼지 뼈,일반폐기물,385,,
감시카메라,"비디오 카메라, 디지털 카메라, 내비게이션",재활용폐기물,256,,
감자으깨기 도구,믹서기,재활용폐기물,257,,
감자탕,돼지 뼈,일반폐기물,385,,
감자튀김 포장지,"튀김기, 유산지, 종이호일, 기름종이, 케찹 용기","일반폐기물, 재활용폐기물",675,,
강아지 간식(뼈),"개껌, 사료 캔","일반폐기물, 재활용폐기물",411,,
강아지 발톱가위(금속 단일 재질),"가위(금속 단일 재질), 가위(복합 재질)","일반폐기물, 재활용폐기물",762,,
강아지 발톱가위(복합 재질),"가위(금속 단일 재질), 가위(복합 재질)","일반폐기물, 재활용폐기물",762,,
강아지 이동가방,"반려동물 케이지, 반려동물 캐리어, 가방, 새장, 반려동물 펜스","대형폐기물, 일반폐기물, 재활용폐기물",618,,
강아지옷,원단,"일반폐기물, 재활용폐기물",784,,
거품망,채망,재활용폐기물,94,,
건전지 충전기,"CR 건전지, AAA건전지, 핸드폰 충전기, AA 건전지",재활용폐기물,635,,
건지기,채망,재활용폐기물,94,,
건홍합,조개 껍데기,일반폐기물,425,,
걸이형 제습제,"제습기, 방습제, 습기제거제","대형폐기물, 일반폐기물, 재활용폐기물",665,,
견출지,점착식 메모지,일반폐기물,522,,
경석 풋파일,"규조토 발매트, 필링기","대형폐기물, 일반폐기물, 재활용폐기물",405,,
계피,한약 찌꺼기,일반폐기물,745,,
고무망치,"못, 볼트, 렌치, 스패너, 니퍼, 전자드릴, 삽, 펜치","대형폐기물, 재활용폐기물",612,,
고무화분,"화분(플라스틱), 화분 흙, 화분(도자기), 화초","대형폐기물, 일반폐기물, 재활용폐기물",797,,
고양이 간식 포장재,"개껌, 사료 캔","일반폐기물, 재활용폐기물",411,,
고양이 넥카라,"캣타워, 고양이 스크래쳐","대형폐기물, 일반폐기물",518,,
고양이 의자,"의자, 캣타워, 고양이 스크래쳐","대형폐기물, 일반폐기물",687,,
고양이 자동화장실,"캣타워, 벤토나이트 모래, 고양이 두부모래, 배변패드, 반려동물 캐리어, 고양이 스크래쳐","대형폐기물, 일반폐기물",518,,
고지서 봉투,지로명세서,재활용폐기물,323,,
골무,"바늘, 미싱","일반폐기물, 재활용폐기물",716,,
골뱅이캔,"통조림햄 캔, 참치캔",재활용폐기물,85,,
공구함,전자드릴,재활용폐기물,287,,
공기압 마사지기,"전기안마기, 족욕기",재활용폐기물,669,,
과일 띠지,"난좌, 과일봉지, 과일포장재(스티로폼)",재활용폐기물,637,,
과일 부직포 포장재,"난좌, 과일봉지, 배추망, 과일포장재(스티로폼), 양파망",재활용폐기물,637,,
과일 통조림캔,"캔따개(금속 단일 재질), 과일봉지, 복숭아 씨, 캔따개(복합 재질), 통조림햄 캔, 참치캔","일반폐기물, 재활용폐기물",791,,
과즙음료 파우치,"음료 파우치 팩, 과일봉지, 쭈쭈바, 스파우트파우치",재활용폐기물,629,,
관상어 사료,"어항, 사료 캔","대형폐기물, 일반폐기물, 재활용폐기물",513,,
괄사(금속·플라스틱),전기안마기,재활용폐기물,669,,
괄사(나무·원석),전기안마기,재활용폐기물,669,,
구강세정기,"치실, 치간칫솔",일반폐기물,725,,
구강청결제 용기,"치약 용기(도포, 첩합), 치실, 치간칫솔, 립스틱, 치약  용기(플라스틱), 립밤","일반폐기물, 재활용폐기물",789,,
구두약,"슈트리(나무, 복합), 구두, 슈트리(종이, 플라스틱)","일반폐기물, 재활용폐기물",776,,
구둣주걱,구두,"일반폐기물, 재활용폐기물",152,,
구슬아이스크림 냉동고,"아이스크림 숟가락, 냉장고, 아이스크림통","일반폐기물, 재활용폐기물",416,,
국자(금속 단일 재질),"집게(복합 재질), 실리콘 주걱, 집게(금속 단일 재질)","일반폐기물, 재활용폐기물",787,,
군고구마,에어프라이어,재활용폐기물,264,,
그라탕 그릇,"사기 그릇, 멜라민 그릇, 내열식기, 반찬통","일반폐기물, 재활용폐기물",509,,
금박 은박종이,"색지, 껌종이, 색종이","일반폐기물, 재활용폐기물",553,,
금속캔,금속,재활용폐기물,535,,
기름솔,들기름,재활용폐기물,640,,
기름응고제,"들기름, 식용유, 기름병",재활용폐기물,640,,
김밥말이,도시락 김 용기,재활용폐기물,115,,
김서림방지제,안경,일반폐기물,740,,
김장매트,"고무통, 고무장갑","대형폐기물, 일반폐기물",721,,
껌 포장재,껌종이,일반폐기물,464,,
꼭꼬핀,"못, 압정","일반폐기물, 재활용폐기물",612,,
나무 꽂이,녹말이쑤시개,일반폐기물,441,,
나무깔개,"바닥매트, 돗자리","대형폐기물, 일반폐기물",713,,
나무조리도구,"집게(복합 재질), 계량컵(금속, 플라스틱), 실리콘 주걱, 집게(금속 단일 재질)","일반폐기물, 재활용폐기물",787,,
낚시 바늘,낚싯대,"대형폐기물, 일반폐기물",356,,
낚시 인조미끼,낚싯대,"대형폐기물, 일반폐기물",356,,
낚시찌,낚싯대,"대형폐기물, 일반폐기물",356,,
난석,"화분(플라스틱), 수석, 타일, 어항, 화분 흙, 화분(도자기)","공사장 생활폐기물, 대형폐기물, 일반폐기물, 재활용폐기물",797,,
날클립,더블 클립,재활용폐기물,568,,
내솥,"전기밥솥, 가스압력밥솥","대형폐기물, 재활용폐기물",258,,
냉장고 디스펜서,"디스펜서, 냉장고","대형폐기물, 재활용폐기물",582,,
냉풍기,"온풍기, 제습기, 에어컨, 선풍기, 공기청정기, 실링팬","대형폐기물, 재활용폐기물",668,,
네일 버퍼,"핸드크림(도포, 첩합), 핸드크림(금속, 플라스틱), 매니큐어","일반폐기물, 재활용폐기물",800,,
네일램프,"핸드크림(도포, 첩합), 핸드크림(금속, 플라스틱), 매니큐어, 테이블 스탠드, 스탠드 조명, LED","대형폐기물, 일반폐기물, 재활용폐기물",800,,
네일리무버,매니큐어,재활용폐기물,414,,
네일리무버 용기,"핸드크림(도포, 첩합), 핸드크림(금속, 플라스틱)","일반폐기물, 재활용폐기물",800,,
네임펜,"만년필, 떡메모지, 메모노트, 볼펜, 마커펜","일반폐기물, 재활용폐기물",715,,
넥선풍기,선풍기,재활용폐기물,232,,
넥타이,"스카프, 목도리","일반폐기물, 재활용폐기물",660,,
녹슨 캔,"통조림햄 캔, 참치캔",재활용폐기물,85,,
녹음기,"헤드폰, 무전기, 라디오",재활용폐기물,288,,
논슬립 옷걸이,"행거, 건조대, 세탁소 비닐, 세탁소 옷걸이, 압축봉","대형폐기물, 일반폐기물, 재활용폐기물",691,,
눈썹가위(금속 단일 재질),"가위(금속 단일 재질), 눈썹칼, 일회용면도기, 가위(복합 재질), 속눈썹 영양제","일반폐기물, 재활용폐기물",762,,
눈썹가위(복합 재질),"가위(금속 단일 재질), 눈썹칼, 일회용면도기, 가위(복합 재질), 속눈썹 영양제","일반폐기물, 재활용폐기물",762,,
다슬기 껍데기,"게 껍데기, 조개 껍데기",일반폐기물,426,,
다용도 고리집게,"집게(복합 재질), 더블 클립, 집게(금속 단일 재질)","일반폐기물, 재활용폐기물",787,,
단추,미싱,재활용폐기물,267,,
달걀 트레이,계란판,재활용폐기물,35,,
닭 털,"닭뼈, 계란 껍데기(달걀 껍데기)",일반폐기물,736,,
닭가슴살,닭뼈,일반폐기물,736,,
닭껍질튀김,"닭뼈, 튀김기, 계란 껍데기(달걀 껍데기)","일반폐기물, 재활용폐기물",736,,
닭꼬치,"닭뼈, 계란 껍데기(달걀 껍데기)",일반폐기물,736,,
대리석 쿨매트,규조토 발매트,"대형폐기물, 일반폐기물",405,,
대바늘,바늘,일반폐기물,716,,
더블클립,클립,재활용폐기물,48,,
덧신,속옷,일반폐기물,391,,
도미노(플라스틱),"자석교구, 원목 블록","대형폐기물, 일반폐기물",478,,
도배헤라,"실크 벽지, 합지 벽지","공사장 생활폐기물, 일반폐기물, 재활용폐기물",768,,
도복,"원단, 의류, 군복, 교복","일반폐기물, 재활용폐기물",784,,
도시락김 포장지,도시락 김 용기,재활용폐기물,115,,
도자기 수저통,"포크(복합 재질), 젓가락(복합 재질), 숟가락(복합 재질), 수저(복합 재질), 포크(금속, 플라스틱), 숟가락(단일 재질), 젓가락(단일 재질), 수저(단일 재질)","일반폐기물, 재활용폐기물",793,,
돌소파,"쿠션, 소파","대형폐기물, 일반폐기물",731,,
돼지껍데기,"돼지 뼈, 돼지기름",일반폐기물,385,,
두유제조기,"에그쿠커, 녹즙기, 약탕기(전기), 에어프라이어, 전기주전자",재활용폐기물,285,,
두피마사지 브러쉬,"머리빗(나무, 복합), 전기안마기, 트리트먼트, 린스, 샴푸, 머리빗(플라스틱)","일반폐기물, 재활용폐기물",766,,
뒤집개(금속 단일재질),"집게(복합 재질), 계량컵(금속, 플라스틱), 프라이팬, 실리콘 주걱, 채망, 집게(금속 단일 재질)","일반폐기물, 재활용폐기물",787,,
뒤집개(복합 재질),"집게(복합 재질), 계량컵(금속, 플라스틱), 프라이팬, 실리콘 주걱, 채망, 집게(금속 단일 재질)","일반폐기물, 재활용폐기물",787,,
뒷꿈치 보호패드,구두,"일반폐기물, 재활용폐기물",152,,
드론,"비디오 카메라, 디지털 카메라, 내비게이션",재활용폐기물,256,,
드릴 비트,전자드릴,재활용폐기물,287,,
들통,"스테인리스 솥, 무쇠 주물냄비, 법랑냄비","대형폐기물, 재활용폐기물",567,,
등산컵,"등산 가방, 등산스틱","대형폐기물, 일반폐기물, 재활용폐기물",652,,
등산화,"등산 가방, 등산스틱","대형폐기물, 일반폐기물, 재활용폐기물",652,,
디지털 저울,"계량컵(금속, 플라스틱), 디지털 체중계, 계량컵(유리), 체중계(기계식)","대형폐기물, 일반폐기물, 재활용폐기물",763,,
디지털 주방온도계,"계량컵(금속, 플라스틱), 계량컵(유리)","일반폐기물, 재활용폐기물",763,,
디지털 줄넘기,러닝머신,재활용폐기물,245,,
디지털 체온계,"전자 혈압계, 수은 온도계","생활계 유해폐기물, 재활용폐기물",796,,
디퓨저 스틱,석고방향제,일반폐기물,435,,
디퓨저 오일,석고방향제,일반폐기물,435,,
디퓨저병,향수병,재활용폐기물,134,,
딸기잼,토스트기,재활용폐기물,284,,
라디에이터,"일회용 손난로, 전기 손난로, 전기히터, 전기장판","대형폐기물, 일반폐기물, 재활용폐기물",392,,
라켓 가방,"배드민턴 라켓, 골프가방","대형폐기물, 일반폐기물",365,,
레이저 거리측정기,줄자,일반폐기물,322,,
렌즈 클리너,"안경, 화장지, 선글라스, 물티슈, 렌즈케이스","일반폐기물, 재활용폐기물",740,,
렌지대,전자레인지,"대형폐기물, 재활용폐기물",247,,
료수 알맹이,음료 파우치 팩,재활용폐기물,629,,
마사토,"화분(플라스틱), 수석, 화분 흙, 화분(도자기)","대형폐기물, 일반폐기물, 재활용폐기물",797,,
마이크 수신기,무전기,재활용폐기물,254,,
말하는 펜,"동화책, 백과사전, 장난감 피아노","대형폐기물, 재활용폐기물",555,,
머리띠,"머리빗(나무, 복합), 헤어롤, 머리빗(플라스틱), 머리끈","일반폐기물, 재활용폐기물",766,,
먼지제거펌프,"컴퓨터 본체, 키보드, 노트북",재활용폐기물,670,,
메모리카드,"케이블, 태블릿 PC, 컴퓨터 본체, 플러그, 노트북",재활용폐기물,678,,
메이크업 브러쉬,"화장품 정리함(플라스틱), 화장품 정리함(나무, 복합)","대형폐기물, 일반폐기물, 재활용폐기물",798,,
메이크업 스펀지,"화장품 정리함(플라스틱), 화장품 정리함(나무, 복합)","대형폐기물, 일반폐기물, 재활용폐기물",798,,
멜빵,바지,"일반폐기물, 재활용폐기물",656,,
면장갑,"라텍스 장갑, 고무장갑, 삽, 사다리","대형폐기물, 일반폐기물",366,,
명함첩,명함지갑,일반폐기물,311,,
모기 훈증기,"살충제, 모기 스프레이, 전기모기채","생활계 유해폐기물, 재활용폐기물",704,,
모기퇴치밴드,"살충제, 모기 스프레이, 모기장, 포충기, 전기모기채","대형폐기물, 생활계 유해폐기물, 일반폐기물, 재활용폐기물",704,,
모래놀이 세트,튜브,"대형폐기물, 일반폐기물",374,,
모조보석,머리끈,일반폐기물,370,,
모짜렐라치즈,마요네즈 용기,재활용폐기물,632,,
목욕의자,"샤워캡(실리콘), 의자, 샤워커튼, 샤워기, 이동식 욕조(플라스틱 재질)","대형폐기물, 일반폐기물",769,,
무말랭이,식품건조기,재활용폐기물,266,,
문서보관상자,"정리함(나무, 복합), 쫄대 화일, 아코디언 파일, 황화일, 결재판, L자 파일, 정리함(플라스틱, 금속), 클리어 파일, 정부화일","대형폐기물, 일반폐기물, 재활용폐기물",786,,
물감팔레트(플라스틱·금속),붓,일반폐기물,517,,
물감팔레트(플라스틱•금속),캔버스,"대형폐기물, 일반폐기물",433,,
물감팔레트(플라스틱∙금속),수채화 물감,일반폐기물,373,,
물걸레 패드,"행주, 청소 세제, 화장지, 물티슈, 걸레, 테이프 클리너","일반폐기물, 재활용폐기물",728,,
물걸레청소기,"걸레, 청소기, 밀대 걸레","대형폐기물, 일반폐기물, 재활용폐기물",342,,
물기제거기,"욕실 세정제, 청소솔","대형폐기물, 일반폐기물, 재활용폐기물",594,,
물안경,"비치볼, 수영복, 수영가방, 구명조끼, 튜브","대형폐기물, 일반폐기물",732,,
물조리개,화초,일반폐기물,430,,
미끄럼방지 스프레이,"타이어, 스노우체인","기타, 대형폐기물, 재활용폐기물",180,,
바가지,"샤워캡(실리콘), 고무통, 샤워커튼, 샤워기, 고무대야","대형폐기물, 일반폐기물",769,,
바닷가재 껍데기,"게 껍데기, 조개 껍데기",일반폐기물,426,,
바디워시 용기,바디로션,재활용폐기물,64,,
바디캠,"비디오 카메라, 디지털 카메라, 내비게이션",재활용폐기물,256,,
바람막이 버너,휴대용 가스버너,재활용폐기물,95,,
바르는 롤파스,스프레이 파스,재활용폐기물,605,,
바비큐 꼬챙이,"숯, 바비큐 그릴","일반폐기물, 재활용폐기물",472,,
발 각질제거기,필링기,재활용폐기물,297,,
밥솥 패킹,"전기밥솥, 가스압력밥솥","대형폐기물, 재활용폐기물",258,,
밥주걱,"집게(복합 재질), 실리콘 주걱, 전기밥솥, 가스압력밥솥, 집게(금속 단일 재질)","대형폐기물, 일반폐기물, 재활용폐기물",787,,
방수팩,"수영복, 액정보호필름, 수영가방, 튜브, PVC 비닐","대형폐기물, 일반폐기물",491,,
방진마스크,일회용 마스크,일반폐기물,369,,
방풍비닐,PVC 비닐,일반폐기물,339,,
배변봉투 케이스(섬유),배변패드,일반폐기물,380,,
배변봉투 케이스(플라스틱),배변패드,일반폐기물,380,,
백숙,닭뼈,일반폐기물,736,,
밴드 종이포장재,"스프레이 파스, 연고","생활계 유해폐기물, 재활용폐기물",605,,
뱅어포,생선가시,일반폐기물,468,,
버블메이커,클렌징 폼,재활용폐기물,65,,
버블봉투,"택배 박스(스티로폼）, 랩, 에어캡, 택배 상자",재활용폐기물,636,,
번대기표,영수증,일반폐기물,730,,
벌레 연막탄,모기장,"대형폐기물, 일반폐기물",372,,
벌레퇴치약 용기,"살충제, 모기 스프레이, 모기장, 전기모기채","대형폐기물, 생활계 유해폐기물, 일반폐기물, 재활용폐기물",704,,
벨트마사지기,"러닝머신, 안마의자, 실내자전거","대형폐기물, 재활용폐기물",245,,
벽걸이 TV,"리모컨, 모니터, 텔레비전","대형폐기물, 재활용폐기물",290,,
벽걸이 미니세탁기,"탈수기, 가루세제, 세탁기","대형폐기물, 일반폐기물, 재활용폐기물",664,,
변기 세정제 용기,"전기비데, 변기, 변기커버, 청소솔, 락스","공사장 생활폐기물, 대형폐기물, 일반폐기물, 재활용폐기물",271,,
병솔,젖병살균소독기,재활용폐기물,268,,
보온도시락통,"보온병, 반찬통, 텀블러","일반폐기물, 재활용폐기물",603,,
보온보냉팩,"보온병, 아이스박스, 보냉가방, 텀블러, 종이 보냉박스","대형폐기물, 일반폐기물, 재활용폐기물",603,,
보호고글,"안경, 안경집, 선글라스",일반폐기물,740,,
보호필름,액정보호필름,일반폐기물,458,,
복대,"보호대, 깁스, 목발","대형폐기물, 일반폐기물",524,,
복합기,"토너, 스캐너, 카트리지, 팩스, 프린터기, 복사기","일반폐기물, 재활용폐기물",742,,
북어포,생선가시,일반폐기물,468,,
분무기,화초,일반폐기물,430,,
블루투스 마이크,"헤드폰, 무전기, 라디오",재활용폐기물,288,,
비디오플레이어,"비디오 카메라, 라디오",재활용폐기물,256,,
빨래바구니,"행거, 탈수기, 세탁조 세정제, 고무대야, 세탁기","대형폐기물, 재활용폐기물",691,,
빨래비누 포장재,세탁조 세정제,재활용폐기물,596,,
빨아쓰는 행주,"행주, 위생도마, 원목도마, 걸레, 플라스틱 도마","대형폐기물, 일반폐기물, 재활용폐기물",728,,
사과즙 포장재,"음료 파우치 팩, 과일봉지",재활용폐기물,629,,
삼각김밥 포장지,도시락 김 용기,재활용폐기물,115,,
삼각김밥틀,도시락 김 용기,재활용폐기물,115,,
샌드위치 포장지,"유산지, 종이호일, 기름종이",일반폐기물,442,,
생일초,"양초, 폭죽, 일회용 라이터",일반폐기물,466,,
생크림 팩,종이팩,재활용폐기물,529,,
샤브샤브냄비,"냄비뚜껑(내열), 무쇠 주물냄비, 프라이팬, 내열냄비, 법랑냄비","일반폐기물, 재활용폐기물",757,,
선풍기 커버,선풍기,재활용폐기물,232,,
섬유유연제 포장재,"세탁조 세정제, 세탁기",재활용폐기물,596,,
섬유탈취제 스프레이,석고방향제,일반폐기물,435,,
성냥,"양초, 일회용 라이터",일반폐기물,466,,
세수헤어밴드,"헤어 스프레이, 헤어롤, 클렌징 폼","일반폐기물, 재활용폐기물",604,,
세탁스푼,"가루세제, 세탁기","일반폐기물, 재활용폐기물",399,,
셋톱박스,"리모컨, 공유기, 텔레비전","대형폐기물, 재활용폐기물",290,,
셔틀콕,배드민턴 라켓,"대형폐기물, 일반폐기물",365,,
소꿉놀이(플라스틱),인형,"대형폐기물, 일반폐기물",488,,
소라 껍데기,"게 껍데기, 조개 껍데기",일반폐기물,426,,
소스 그릇,"마요네즈 용기, 사기 그릇, 멜라민 그릇, 내열식기, 반찬통, 케찹 용기, 간장용기","일반폐기물, 재활용폐기물",632,,
소주페트병,"비닐 라벨, 소주팩, 소주병, 음료 페트병, 수분리성 라벨",재활용폐기물,620,,
소형전기전자제품,전기전자제품,"대형폐기물, 재활용폐기물",540,,
손가락 칫솔,"칫솔 꽂이(복합 재질), 치약 용기(도포, 첩합), 치실, 치약  용기(플라스틱), 칫솔 꽂이(금속, 플라스틱), 전동칫솔, 칫솔살균기","일반폐기물, 재활용폐기물",790,,
손전등,"양초, 테이블 스탠드, 스탠드 조명, 형광등","대형폐기물, 일반폐기물, 재활용폐기물",466,,
송곳,못,재활용폐기물,612,,
수도꼭지 연장탭,"수전(복합 재질), 수도배관(복합 재질), 수도꼭지(복합 재질), 수도꼭지(금속 단일 재질), 수전(금속 단일 재질), 수도배관(금속 단일 재질)","대형폐기물, 일반폐기물, 재활용폐기물",774,,
수동 문서세단기,파쇄지,일반폐기물,328,,
수동 야채 다짐기,믹서기,재활용폐기물,257,,
수면안대,"베개커버, 목베개","대형폐기물, 일반폐기물",379,,
수저통(금속∙플라스틱),"포크(복합 재질), 젓가락(복합 재질), 숟가락(복합 재질), 수저(복합 재질), 포크(금속, 플라스틱), 숟가락(단일 재질), 젓가락(단일 재질), 수저(단일 재질)","일반폐기물, 재활용폐기물",793,,
수정테이프,"필통(금속, 플라스틱), 볼펜, 필통(복합 재질), 지우개","일반폐기물, 재활용폐기물",794,,
숙취해소음료병,"맥주병, 유리병, 드링크병, 음료수병",재활용폐기물,639,,
순번대기표,로또용지,일반폐기물,368,,
숯집게,"숯, 연탄재","기타, 일반폐기물",472,,
숱가위 (금속 단일 재질),"가위(금속 단일 재질), 일회용면도기, 가위(복합 재질), 전기이발기","일반폐기물, 재활용폐기물",762,,
숱가위(복합 재질),"가위(금속 단일 재질), 일회용면도기, 가위(복합 재질), 전기이발기","일반폐기물, 재활용폐기물",762,,
스노쿨링 마스크,"비치볼, 수영복, 수영가방, 튜브","대형폐기물, 일반폐기물",732,,
스마트워치,"전자시계, 자기 나침반","일반폐기물, 재활용폐기물",462,,
스케치북,"화구통, 색도화지, 한지, 지관통","일반폐기물, 재활용폐기물",556,,
스크래치 페이퍼,"색지, 색도화지, 지관통, 색종이","일반폐기물, 재활용폐기물",553,,
스키장갑,"스키신발, 야구글러브, 털 귀마개, 스노보드, 목도리","대형폐기물, 일반폐기물, 재활용폐기물",743,,
스탬프 잉크,통장,재활용폐기물,483,,
스탬프 패드,통장,재활용폐기물,483,,
스트링치즈,마요네즈 용기,재활용폐기물,632,,
스팀청소기,"걸레, 청소기, 밀대 걸레","대형폐기물, 일반폐기물, 재활용폐기물",342,,
스프레이 파스,나잘스프레이,생활계 유해폐기물,142,,
슬라이딩 지우개,"지우개, 교과서, 공책","일반폐기물, 재활용폐기물",325,,
승강기 납배터리,"청소기 배터리, 보조배터리",재활용폐기물,292,,
시럽 약봉지,"해열진통제, 소화제, 비닐약봉지","생활계 유해폐기물, 재활용폐기물",709,,
식기건조대,"식기건조기, 수세미, 식기세척기","대형폐기물, 일반폐기물, 재활용폐기물",667,,
식물영양제 용기,"화분 흙, 화초",일반폐기물,512,,
식물지지대,"화분 흙, 화분(도자기), 화초",일반폐기물,512,,
식이음료병,"맥주병, 유리병, 드링크병, 음료수병",재활용폐기물,639,,
신발 건조기,"탈수기, 스니커즈, 운동화","대형폐기물, 일반폐기물, 재활용폐기물",664,,
신발 박스,"슈트리(나무, 복합), 종이가방, 운동화, 종이 완충재, 슈트리(종이, 플라스틱), 종이 쇼핑백, 골판지 상자","일반폐기물, 재활용폐기물",776,,
신발 방수 스프레이,"샌들, 스니커즈, 운동화, 구두","일반폐기물, 재활용폐기물",659,,
신발 보관 커버,"슈트리(나무, 복합), 샌들, 스니커즈, 부츠, 운동화, 구두, 슈트리(종이, 플라스틱)","일반폐기물, 재활용폐기물",776,,
신발속지,"슈트리(나무, 복합), 스니커즈, 부츠, 운동화, 구두, 종이 완충재, 슈트리(종이, 플라스틱)","일반폐기물, 재활용폐기물",776,,
실내화 주머니,슬리퍼,일반폐기물,723,,
실리콘 국자,"집게(복합 재질), 계량컵(금속, 플라스틱), 실리콘 주걱, 채망, 집게(금속 단일 재질)","일반폐기물, 재활용폐기물",787,,
실리콘 냄비손잡이,내열냄비,일반폐기물,500,,
실리콘 덮개,"냄비뚜껑(내열), 내열냄비",일반폐기물,757,,
실리콘 머핀틀,제빵기,재활용폐기물,674,,
실리콘 식판,옥수수 식기,일반폐기물,479,,
실리콘 얼음트레이,"아이스크림 봉지, 아이스박스, 아이스크림 숟가락","대형폐기물, 일반폐기물, 재활용폐기물",623,,
실리콘 지퍼백,"지퍼백(비닐), 위생팩, 일회용 비닐장갑",재활용폐기물,630,,
실리콘 턱받이,"공갈젖꼭지, 옥수수 식기",일반폐기물,752,,
실통,치간칫솔,일반폐기물,724,,
싱크대 물막이,대리석 상판,"대형폐기물, 공사장 생활폐기물, 일반폐기물",760,,
싱크볼,"수전(복합 재질), 수도배관(복합 재질), 수도꼭지(복합 재질), 대리석 상판, 수도꼭지(금속 단일 재질), 수전(금속 단일 재질), 수도배관(금속 단일 재질)","공사장 생활폐기물, 대형폐기물, 일반폐기물, 재활용폐기물",774,,
썬캡,"선글라스, 밀짚모자",일반폐기물,407,,
쏠라 조명,"조명제품, 조명 유리커버, 테이블 스탠드, 스탠드 조명, 태양광패널, LED, 형광등","대형폐기물, 일반폐기물, 재활용폐기물",538,,
쓰레기통(금속∙플라스틱),"화장지, 빗자루","대형폐기물, 일반폐기물",492,,
쓰레기통(복합 재질),"화장지, 빗자루","대형폐기물, 일반폐기물",492,,
아기 과즙망,"공갈젖꼭지, 착즙기, 옥수수 식기","일반폐기물, 재활용폐기물",752,,
아기 턱받이,공갈젖꼭지,일반폐기물,752,,
아이새도,"화장품 정리함(플라스틱), 화장품 정리함(나무, 복합)","대형폐기물, 일반폐기물, 재활용폐기물",798,,
아이섀도,눈썹칼,일반폐기물,494,,
아이스 넥밴드,"물 아이스팩, 젤 아이스팩","일반폐기물, 재활용폐기물",779,,
아이스 안대,"물 아이스팩, 베개커버, 목베개, 젤 아이스팩","대형폐기물, 일반폐기물, 재활용폐기물",779,,
아이스크림 막대,"아이스크림 숟가락, 아이스크림통","일반폐기물, 재활용폐기물",416,,
아이스크림틀,"아이스크림 봉지, 아이스크림 숟가락, 쭈쭈바, 아이스크림통","일반폐기물, 재활용폐기물",623,,
아이젠,"등산 가방, 등산스틱","대형폐기물, 일반폐기물, 재활용폐기물",652,,
아코디언 파일,포켓 홀더,재활용폐기물,586,,
아쿠아슈즈,"에어풀장, 샌들, 수영복, 수영가방","대형폐기물, 일반폐기물, 재활용폐기물",690,,
아크릴 돔뚜껑,아크릴판,"대형폐기물, 일반폐기물",440,,
아크릴 쇼케이스,투명 가림막,"일반폐기물, 대형폐기물",471,,
아크릴 진열대,"투명 가림막, 아크릴판","대형폐기물, 일반폐기물",471,,
아크릴 키링,"레진, 아크릴판","대형폐기물, 일반폐기물",495,,
안마봉,"전기안마기, 족욕기, 안마의자","대형폐기물, 재활용폐기물",669,,
안전장갑,"라텍스 장갑, 고무장갑, 사다리","대형폐기물, 일반폐기물",366,,
알콜스왑,"인슐린주사기, 연고","생활계 유해폐기물, 일반폐기물",738,,
앙념통(플라스틱 재질),간장용기,재활용폐기물,69,,
애견 방수매트,배변패드,일반폐기물,380,,
애견 진공미용기,전기이발기,재활용폐기물,300,,
야광별 스티커,천체망원경,"대형폐기물, 일반폐기물",712,,
야구배트,야구글러브,일반폐기물,480,,
약보관함,"정리함(나무, 복합), 영양제, 주사기, 알약 포장재, 정리함(플라스틱, 금속)","대형폐기물, 생활계 유해폐기물, 일반폐기물, 재활용폐기물",786,,
약수터 물통,"생수, 무색페트병, 무색페트병(물병)",재활용폐기물,633,,
약통용기,영양제,"생활계 유해폐기물, 일반폐기물",402,,
양면 코팅종이컵,"꼬깔형 생수컵, 위생 봉투컵, 음수대용 종이컵",재활용폐기물,564,,
양치컵,"칫솔 꽂이(복합 재질), 치약 용기(도포, 첩합), 치실, 치간칫솔, 세면대, 치약  용기(플라스틱), 칫솔 꽂이(금속, 플라스틱), 전동칫솔, 칫솔살균기","공사장 생활폐기물, 대형폐기물, 일반폐기물, 재활용폐기물",790,,
어항돌,"수석, 타일, 어항, 벽돌","공사장 생활폐기물, 대형폐기물, 일반폐기물",759,,
에너지드링크캔,"음료캔, 캔커피",재활용폐기물,617,,
에어완충재,"택배 박스(스티로폼）, 랩, 종이 완충재, 택배 상자",재활용폐기물,636,,
에어커튼,"커튼, 리모컨, 문발","대형폐기물, 일반폐기물, 재활용폐기물",427,,
에어컨 실외기 커버,에어컨,재활용폐기물,252,,
에어컨 커버,에어컨,재활용폐기물,252,,
에어컨 탈취제 스프레이,에어컨,재활용폐기물,252,,
열풍기,"온풍기, 일회용 손난로, 전기 손난로, 전기히터, 전기장판","대형폐기물, 일반폐기물, 재활용폐기물",668,,
염색리무버 용기,"염색약 용기(도포, 첩합), 염색약 용기(플라스틱)","일반폐기물, 재활용폐기물",799,,
염색솔,"염색약 용기(도포, 첩합), 염색약 용기(플라스틱), 머리빗(플라스틱)","일반폐기물, 재활용폐기물",799,,
영양제통,"약통 용기, 알약 포장재","일반폐기물, 재활용폐기물",521,,
오리발,"비치볼, 수영복, 수영가방, 구명조끼, 튜브","대형폐기물, 일반폐기물",732,,
옥수수 수염,"옥수수껍질, 옥수수대",일반폐기물,747,,
옥수수캔,"옥수수껍질, 옥수수대",일반폐기물,747,,
온열 안대,"찜질팩, 일회용 손난로",일반폐기물,408,,
온열 파티션,"일회용 손난로, 전기히터, 전기장판, 파티션","공사장 생활폐기물, 대형폐기물, 일반폐기물, 재활용폐기물",392,,
온열담요,"전기 손난로, 전기히터, 전기장판","대형폐기물, 재활용폐기물",293,,
온열장갑,"스키신발, 일회용 손난로, 전기 손난로, 전기히터, 전기장판, 스노보드, 목도리","대형폐기물, 일반폐기물, 재활용폐기물",743,,
온열조끼,"스키신발, 일회용 손난로, 전기 손난로, 전기히터, 전기장판, 스노보드","대형폐기물, 일반폐기물, 재활용폐기물",743,,
올리브 오일,식용유 용기,재활용폐기물,598,,
옷걸이 종이보호대,세탁소 옷걸이,재활용폐기물,61,,
옷걸이(플라스틱 재질),"세탁소 비닐, 세탁소 옷걸이, 압축봉","대형폐기물, 일반폐기물, 재활용폐기물",107,,
옷커버,"의류, 재킷","일반폐기물, 재활용폐기물",536,,
와이어링 제본기,"스테이플러(금속 단일 재질), 스테이플러(복합 재질)","일반폐기물, 재활용폐기물",778,,
와인 원목케이스,"와인잔, 와인병, 와인셀러","일반폐기물, 재활용폐기물",758,,
와인오프너,와인셀러,재활용폐기물,229,,
와인잔 거치대,"와인잔, 와인병, 와인셀러","일반폐기물, 재활용폐기물",758,,
와인잔 렉,"와인잔, 와인병","일반폐기물, 재활용폐기물",758,,
와인잔 렉(와인잔 걸이),와인셀러,재활용폐기물,229,,
와플 메이커,"제빵기, 에그쿠커, 에어프라이어",재활용폐기물,674,,
완구(장난감),플라스틱,재활용폐기물,531,,
외발 손수레,폴딩카트,"대형폐기물, 재활용폐기물",685,,
요거트 메이커,"에그쿠커, 거품반죽기, 에어프라이어, 전기주전자, 요거트 용기",재활용폐기물,285,,
요소수 페트병,"엔진오일, 워셔액 용기","기타, 재활용폐기물",144,,
우산꽂이(플라스틱·금속),우비,일반폐기물,439,,
우산비닐,"우비, 우산","대형폐기물, 일반폐기물, 재활용폐기물",439,,
우산이쑤시개,녹말이쑤시개,일반폐기물,441,,
우유박스,리빙박스(섬유 재질),"대형폐기물, 일반폐기물",304,,
운동밴드,"철봉 운동기구, 스탭퍼, 벤치프레스, 역기, 폼롤러, 밸런스볼","대형폐기물, 일반폐기물",698,,
운동화 깔창,"스니커즈, 운동화","일반폐기물, 재활용폐기물",658,,
원목 도미노,"자석교구, 원목 블록","대형폐기물, 일반폐기물",478,,
원목 샐러드볼,소스병,재활용폐기물,132,,
원목 소꿉놀이,인형,"대형폐기물, 일반폐기물",488,,
원목 인형집,인형,"대형폐기물, 일반폐기물",488,,
원목 칠교놀이,"자석교구, 원목 블록, 종이 퍼즐","대형폐기물, 일반폐기물, 재활용폐기물",478,,
원목 칼보관함,"칼, 위생도마, 원목도마, 플라스틱 도마","대형폐기물, 일반폐기물, 재활용폐기물",711,,
원예가위,"가위(금속 단일 재질), 화초, 가위(복합 재질)","일반폐기물, 재활용폐기물",762,,
위성 수신기,"자기 나침반, 공유기, 내비게이션","일반폐기물, 재활용폐기물",354,,
유리 양념통,"유리컵, 계량컵(유리), 간장용기","일반폐기물, 재활용폐기물",503,,
유리비커,"유리컵, 계량컵(유리)",일반폐기물,503,,
유산균 발효 음료 용기,요거트 용기,재활용폐기물,74,,
유색 에어캡,"택배 박스(스티로폼）, 유색봉지, 랩, 에어캡, 택배 상자",재활용폐기물,636,,
유아 변기,"전기비데, 변기, 변기커버","공사장 생활폐기물, 대형폐기물, 재활용폐기물",271,,
유아 안전벨트 쿠션,"안전가드, 핸들커버, 유모차, 카시트","대형폐기물, 일반폐기물",579,,
윤활유(용기),"타이어, 워셔액 용기","기타, 대형폐기물, 재활용폐기물",180,,
윷가락,바둑판,"대형폐기물, 일반폐기물",377,,
은박 라면용기,"은박 접시, 라면 봉지, 라면 박스, 알루미늄 호일, 종이 컵라면, 스프봉지","일반폐기물, 재활용폐기물",741,,
은박에어캡,종이 보냉박스,재활용폐기물,40,,
은박지퍼백,"지퍼백(비닐), 위생팩, 일회용 비닐장갑",재활용폐기물,630,,
은박컵,"은박 접시, 알루미늄 호일",일반폐기물,741,,
은박테이프,"마스킹테이프, 양면테이프, 종이테이프",일반폐기물,714,,
은행 껍데기,호두 껍데기,일반폐기물,456,,
음료수 알맹이,"음료캔, 음료수병, 스파우트파우치",재활용폐기물,617,,
음식물 쓰레기 측정기,음식물처리기,재활용폐기물,262,,
음식물처리기 감량 부산물,음식물처리기,재활용폐기물,262,,
의류 스팀기,"스팀다리미, 다리미판, 전기다리미","대형폐기물, 일반폐기물, 재활용폐기물",673,,
의류관리기,"스팀다리미, 다리미판, 전기다리미","대형폐기물, 일반폐기물, 재활용폐기물",673,,
이사박스,"파렛트, 리빙박스(섬유 재질)","대형폐기물, 일반폐기물",447,,
이소가스,일회용 라이터,일반폐기물,364,,
이어플러그,"이어폰, 블루투스 이어폰",재활용폐기물,680,,
이온음료병,"비닐 라벨, 음료 페트병, 수분리성 라벨",재활용폐기물,620,,
이유식 제조기,"에그쿠커, 에어프라이어",재활용폐기물,285,,
인공눈물 용기,"약통 용기, 일회용 인공눈물 용기, 렌즈케이스",재활용폐기물,521,,
인덱스탭,점착식 메모지,일반폐기물,522,,
인바디 측정기,"디지털 체중계, 러닝머신",재활용폐기물,701,,
인센스스틱,"석고방향제, 일회용 라이터, 향수병","일반폐기물, 재활용폐기물",435,,
인조손톱,"핸드크림(도포, 첩합), 핸드크림(금속, 플라스틱), 매니큐어","일반폐기물, 재활용폐기물",800,,
인터넷선,"케이블, 플러그, 멀티탭, 공유기, 핸드폰 충전기, 전선",재활용폐기물,678,,
인트붓,붓,일반폐기물,517,,
인트통,합지 벽지,"공사장 생활폐기물, 재활용폐기물",463,,
인형집(플라스틱),인형,"대형폐기물, 일반폐기물",488,,
인화지,"사진, 디지털 카메라","일반폐기물, 재활용폐기물",386,,
일반팩,종이,재활용폐기물,528,,
일회용 소스컵,"마요네즈 용기, 소스병, 케찹 용기, 간장용기",재활용폐기물,632,,
일회용 이어캡,"이어폰, 블루투스 이어폰, 헤드폰",재활용폐기물,680,,
입벌림 방지테이프,접착제,생활계 유해폐기물,705,,
자동 문서세단기,파쇄지,일반폐기물,328,,
자동 빙수기,"녹즙기, 거품반죽기, 믹서기, 정수기",재활용폐기물,279,,
자동 삶통,"스팀다리미, 탈수기, 가루세제, 전기다리미, 세탁기","대형폐기물, 일반폐기물, 재활용폐기물",673,,
자동비누 디스펜서,손소독제 용기,재활용폐기물,448,,
자동스탬프,통장,재활용폐기물,483,,
자동차 납배터리,"청소기 배터리, 타이어, 엔진오일, 보조배터리, 워셔액 용기, 와이퍼","기타, 대형폐기물, 일반폐기물, 재활용폐기물",292,,
자동차 햇빛가리개,"핸들커버, 카시트, 와이퍼","대형폐기물, 일반폐기물, 재활용폐기물",473,,
자동채칼,"채칼(금속 단일 재질), 채칼(복합 재질), 스팸슬라이서, 거품반죽기, 믹서기","일반폐기물, 재활용폐기물",788,,
자량용 청소기,청소기,재활용폐기물,269,,
자석모기장,"모기 스프레이, 모기장","대형폐기물, 일반폐기물, 재활용폐기물",606,,
잔디,"낙엽, 나뭇가지","대형폐기물, 일반폐기물",355,,
잠옷,"원단, 의류, 속옷","일반폐기물, 재활용폐기물",784,,
잡초,"낙엽, 나뭇가지, 제초제","대형폐기물, 생활계 유해폐기물, 일반폐기물",355,,
장난감 골프채,"잠자리채, 골프망, 골프가방","대형폐기물, 일반폐기물",445,,
장난감 나팔,"단소(플라스틱), 리코더(나무), 리코더(플라스틱), 단소(나무), 장난감 피아노","대형폐기물, 일반폐기물, 재활용폐기물",801,,
장난감 냉장고,냉장고,재활용폐기물,240,,
장난감 북,"리코더(나무), 장난감 피아노","대형폐기물, 일반폐기물, 재활용폐기물",765,,
장난감 세탁기,세탁기,재활용폐기물,246,,
장난감 실로폰,"리코더(나무), 멜로디언, 장난감 피아노","대형폐기물, 일반폐기물, 재활용폐기물",765,,
장난감 옷장,"플라스틱 서랍장, 책장, 장식장, 인형, 수납장(플라스틱 재질), 수납장(목재 재질)","대형폐기물, 일반폐기물",686,,
장난감 요술봉,목검,"대형폐기물, 일반폐기물",202,,
장난감 핸드폰,"핸드폰 충전기, 장난감 피아노","대형폐기물, 재활용폐기물",275,,
전기 보풀제거기,"스팀다리미, 전기다리미, 재킷","일반폐기물, 재활용폐기물",673,,
전기 얼굴마사지기,"전기안마기, 고무볼, 필링기, 안마의자","대형폐기물, 일반폐기물, 재활용폐기물",669,,
전기 캔들워머,"양초, 테이블 스탠드, 스탠드 조명","대형폐기물, 일반폐기물, 재활용폐기물",466,,
전기그릴,"전기오븐, 그릴팬, 전자레인지, 석쇠, 불판, 바비큐 그릴","대형폐기물, 재활용폐기물",666,,
전기자전거,"헬멧, 인라인 스케이트, 러닝머신, 킥보드, 실내자전거","대형폐기물, 일반폐기물, 재활용폐기물",486,,
전기톱,나뭇가지,일반폐기물,353,,
전동 네일트리머,매니큐어,재활용폐기물,414,,
전동 눈썹정리기,"눈썹칼, 전기이발기, 전기면도기","일반폐기물, 재활용폐기물",494,,
전동 두피마사지기,"전기안마기, 안마의자","대형폐기물, 재활용폐기물",669,,
전동 발각질제거기,필링기,재활용폐기물,297,,
전동 연필깎이,"필통(금속, 플라스틱), 연필꽂이(복합 재질), 연필꽂이(금속, 플라스틱), 필통(복합 재질)","일반폐기물, 재활용폐기물",794,,
전동 오프너,"캔따개(금속 단일 재질), 오프너(금속 단일 재질), 오프너(복합 재질), 캔따개(복합 재질)","일반폐기물, 재활용폐기물",791,,
전동 지우개,"필통(금속, 플라스틱), 필통(복합 재질), 연필","일반폐기물, 재활용폐기물",794,,
전동 피지흡입기,클렌징 폼,재활용폐기물,65,,
전동 화이트보드 지우개,"화이트보드, 지우개, 분필","대형폐기물, 일반폐기물",477,,
전동기차 장난감,장난감 피아노,"대형폐기물, 재활용폐기물",221,,
전동부항기,"전기안마기, 족욕기",재활용폐기물,669,,
전동블라인드,"커튼, 리모컨, 문발","대형폐기물, 일반폐기물, 재활용폐기물",427,,
전자드럼패드,"메트로놈(디지털식), 전자피아노, 메트로놈(기계식), 장난감 피아노","대형폐기물, 일반폐기물, 재활용폐기물",767,,
전자레인지 덮개,전자레인지,"대형폐기물, 재활용폐기물",247,,
전자레인지 유리판,전자레인지,"대형폐기물, 재활용폐기물",247,,
전자실로폰,"리코더(나무), 멜로디언, 피아노","대형폐기물, 일반폐기물",765,,
전자제품 완충재(스티로폼),전기전자제품,"대형폐기물, 재활용폐기물",540,,
전자칠판,"화이트보드, 빔프로젝터","대형폐기물, 일반폐기물, 재활용폐기물",477,,
점착식 플래그,"떡메모지, 메모노트, 수첩, 점착식 메모지, 교과서, 공책","일반폐기물, 재활용폐기물",550,,
접이식 핸드카트,"폴딩카트, 파렛트, 리빙박스(섬유 재질)","대형폐기물, 일반폐기물, 재활용폐기물",685,,
제기,바둑판,"대형폐기물, 일반폐기물",377,,
제기 그릇,멜라민 그릇,일반폐기물,506,,
제도용 자,커팅매트,"대형폐기물, 일반폐기물",719,,
제빙기,정수기,재활용폐기물,248,,
제침기,"스테이플러(금속 단일 재질), 더블 클립, 스테이플러(복합 재질)","일반폐기물, 재활용폐기물",778,,
젤리형 제습제,"제습기, 방습제, 워터댐, 습기제거제","대형폐기물, 일반폐기물, 재활용폐기물",665,,
조각카펫,"바닥매트, 카펫","대형폐기물, 일반폐기물",713,,
조끼,"원단, 셔츠, 의류, 재킷","일반폐기물, 재활용폐기물",784,,
조립모형,원목 블록,"대형폐기물, 일반폐기물",449,,
조명제어기,"조명제품, LED, 형광등",재활용폐기물,538,,
족발,"돼지 뼈, 돼지기름",일반폐기물,385,,
종이빵봉투,"칼라타이, 빵끈",일반폐기물,754,,
종이집,"미끄럼틀, 종이 퍼즐","대형폐기물, 일반폐기물, 재활용폐기물",217,,
주방도구 살균건조기,"칼, 식기건조기, 위생도마, 전동칫솔, 칫솔살균기, 식기세척기, 플라스틱 도마","대형폐기물, 일반폐기물, 재활용폐기물",711,,
주방세제 용기,수세미,일반폐기물,485,,
주방용 앞치마,"수세미, 고무장갑",일반폐기물,485,,
주판,공학용 계산기,재활용폐기물,677,,
줄넘기,러닝머신,재활용폐기물,245,,
즉석짜장 봉지,즉석밥 용기,재활용폐기물,98,,
즉석카레 봉지,즉석밥 용기,재활용폐기물,98,,
지퍼 파일,"포켓 홀더, 아코디언 파일, 바인더, 황화일, L자 파일, 클리어 파일, 정부화일","일반폐기물, 재활용폐기물",586,,
진공쌀통,"쌀 마대자루, 전기밥솥, 쌀통(플라스틱 재질), 즉석밥 용기","대형폐기물, 일반폐기물, 재활용폐기물",465,,
쪽쪽이 살균기,식기건조기,"대형폐기물, 재활용폐기물",667,,
찜질팩 팥,찜질팩,일반폐기물,408,,
차량용 냉장고,"화장품 냉장고, 내비게이션","대형폐기물, 재활용폐기물",663,,
차량용 코일매트,"바닥매트, 핸들커버, 와이퍼","대형폐기물, 일반폐기물, 재활용폐기물",713,,
참기름통,"들기름, 기름병",재활용폐기물,640,,
채반,"네트망, 채망","대형폐기물, 재활용폐기물",580,,
채집통,잠자리채,일반폐기물,445,,
책상투명매트,"책상유리, PVC 비닐, 고무매트","공사장 생활폐기물, 대형폐기물, 일반폐기물",756,,
천공기,"스테이플러(금속 단일 재질), 스테이플러(복합 재질)","일반폐기물, 재활용폐기물",778,,
철솔,청소솔,"대형폐기물, 일반폐기물, 재활용폐기물",83,,
철수세미,수세미,일반폐기물,485,,
청소 스펀지,"청소 세제, 욕실 세정제, 걸레, 청소기, 테이프 클리너, 청소솔","대형폐기물, 일반폐기물, 재활용폐기물",595,,
초음파 사진,사진,일반폐기물,386,,
치마,원단,"일반폐기물, 재활용폐기물",784,,
치발기,공갈젖꼭지,일반폐기물,752,,
치실통,"칫솔 꽂이(복합 재질), 치약 용기(도포, 첩합), 치실, 치약  용기(플라스틱), 칫솔 꽂이(금속, 플라스틱), 전동칫솔, 칫솔살균기","일반폐기물, 재활용폐기물",790,,
치킨윙,계란 껍데기(달걀 껍데기),일반폐기물,343,,
칠교놀이(플라스틱),"자석교구, 원목 블록, 종이 퍼즐","대형폐기물, 일반폐기물, 재활용폐기물",478,,
침구청소기,"토퍼, 청소기, 침대 프레임, 매트리스, 라돈 침대(라돈 매트리스)","대형폐기물, 생활계 유해폐기물, 재활용폐기물",684,,
침핀,"바늘, 옷핀","일반폐기물, 재활용폐기물",716,,
카드 이용대금명세서,"신용카드, 지로명세서","일반폐기물, 재활용폐기물",424,,
카드리더기,영수증,일반폐기물,730,,
카메라 렌즈,"천체망원경, 현미경","대형폐기물, 일반폐기물",712,,
칼갈이,"칼, 그레이터","일반폐기물, 재활용폐기물",711,,
캐릭터카드,사진,일반폐기물,386,,
캠핑랜턴 유리등,등산스틱,"대형폐기물, 일반폐기물",363,,
캠핑용 냉장고,화장품 냉장고,"대형폐기물, 재활용폐기물",663,,
캡모자,"선글라스, 밀짚모자",일반폐기물,407,,
커틀벨,아령(덤벨),"대형폐기물, 재활용폐기물",51,,
커피믹스 상자,"커피생두봉투(섬유 재질), 스틱봉지, 치킨 박스, 커피생두봉투(비닐), 커피봉지, 캔커피, 피자박스","일반폐기물, 재활용폐기물",792,,
커피여과지,"커피생두봉투(섬유 재질), 스틱봉지, 커피메이커, 커피생두봉투(비닐), 커피봉지, 캔커피","일반폐기물, 재활용폐기물",792,,
커피잔,"커피생두봉투(섬유 재질), 나무 쟁반, 스틱봉지, 법랑 주전자, 사기 그릇, 유리컵, 머그컵, 내열식기, 계량컵(유리), 녹차잎, 티백, 커피메이커, 전기주전자, 커피생두봉투(비닐), 커피봉지, 캔커피","대형폐기물, 일반폐기물, 재활용폐기물",792,,
커피캐리어,캔커피,재활용폐기물,86,,
컵 워머,"온풍기, 보온병, 전기히터, 전기주전자, 전기장판, 텀블러","대형폐기물, 일반폐기물, 재활용폐기물",668,,
컵선풍기,온풍기,재활용폐기물,668,,
컵쌓기 블록,"자석교구, 원목 블록, 종이 퍼즐","대형폐기물, 일반폐기물, 재활용폐기물",478,,
케이크판,"아이스크림통, 피자박스","일반폐기물, 재활용폐기물",43,,
케일,"착즙기, 녹즙기",재활용폐기물,676,,
코로나 자가검사키트,"투명 가림막, 손소독제 용기, 일회용 마스크","대형폐기물, 일반폐기물, 재활용폐기물",471,,
코르크 컵받침,"나무 쟁반, 유리컵","대형폐기물, 일반폐기물",729,,
코르크 컵받침침,머그컵,일반폐기물,502,,
코르크마개,"와인병, 와인셀러",재활용폐기물,510,,
코코넛 껍데기,호두 껍데기,일반폐기물,456,,
콤파스,줄자,일반폐기물,322,,
쿠션팩트,"화장품 정리함(플라스틱), 화장품 정리함(나무, 복합), 화장품 파우치","대형폐기물, 일반폐기물, 재활용폐기물",798,,
쿨토시,"물 아이스팩, 젤 아이스팩","일반폐기물, 재활용폐기물",779,,
클렌징 스펀지,"화장솜, 클렌징 폼","일반폐기물, 재활용폐기물",733,,
타이머,전자시계,재활용폐기물,462,,
타조알 껍데기,"호두 껍데기, 계란 껍데기(달걀 껍데기)",일반폐기물,456,,
탄산수병,"비닐 라벨, 음료 페트병, 수분리성 라벨",재활용폐기물,620,,
탈부착형 전선정리 타이,"칼라타이, 빵끈, 비닐 노끈, 플라스틱 노끈, 전선","일반폐기물, 재활용폐기물",754,,
탈지면,인슐린주사기,일반폐기물,738,,
탕후루,사탕봉지,재활용폐기물,626,,
태양광 장난감,태양광패널,재활용폐기물,250,,
털모자,"스키신발, 털 귀마개, 목도리","대형폐기물, 일반폐기물, 재활용폐기물",743,,
털장갑,"스키신발, 털 귀마개, 스노보드, 목도리","대형폐기물, 일반폐기물, 재활용폐기물",743,,
테니스 라켓,"야구글러브, 배드민턴 라켓, 목검","대형폐기물, 일반폐기물",480,,
테이프클리너 리필종이,"밀대 걸레, 테이프 클리너","대형폐기물, 재활용폐기물",205,,
테이플러 심,스테이플러(금속 단일 재질),재활용폐기물,778,,
통유리,"책상유리, 깨진 유리, 유리창, 전신거울","공사장 생활폐기물, 대형폐기물, 일반폐기물",756,,
투명 부츠키퍼,"슈트리(나무, 복합), 부츠, 슈트리(종이, 플라스틱)","일반폐기물, 재활용폐기물",776,,
투명라벨 스티커,"택배 송장, 마스킹테이프, 양면테이프, 종이테이프",일반폐기물,718,,
튀김 채반,"튀김기, 식용유 용기, 식품건조기, 에어프라이어",재활용폐기물,675,,
티켓,영수증,일반폐기물,730,,
파스,"스프레이 파스, 보호대, 깁스","일반폐기물, 재활용폐기물",605,,
파스타면,소스병,재활용폐기물,132,,
파스텔,"크레파스, 색연필, 분필",일반폐기물,490,,
파운데이션,"화장품 정리함(플라스틱), 화장품 정리함(나무, 복합)","대형폐기물, 일반폐기물, 재활용폐기물",798,,
파일박스,"포켓 홀더, 아코디언 파일, 황화일, L자 파일, 클리어 파일, 정부화일",재활용폐기물,586,,
파티션꽂이,"아크릴판, 파티션","공사장 생활폐기물, 대형폐기물, 일반폐기물",440,,
파티피리,"단소(플라스틱), 폭죽, 리코더(플라스틱), 단소(나무)","일반폐기물, 재활용폐기물",801,,
팝업북,동화책,재활용폐기물,555,,
팩붓,고무볼,일반폐기물,453,,
펀칭기,"스테이플러(금속 단일 재질), 스테이플러(복합 재질)","일반폐기물, 재활용폐기물",778,,
페인트 트레이,"붓, 합지 벽지, 수채화 물감, 페인트","공사장 생활폐기물, 생활계 유해폐기물, 일반폐기물, 재활용폐기물",517,,
페인트롤러,"붓, 합지 벽지, 수채화 물감","공사장 생활폐기물, 일반폐기물, 재활용폐기물",517,,
페인팅 나이프,"캔버스, 페인트","대형폐기물, 생활계 유해폐기물, 일반폐기물",433,,
펠트지,"폼보드, 우드락",일반폐기물,717,,
편백 큐브,"찜질팩, 바둑판","대형폐기물, 일반폐기물",408,,
포도비닐봉지,"과일봉지, 배추망, 양파망",재활용폐기물,621,,
포장꽃 리본,보자기,일반폐기물,493,,
포토카드,사진,일반폐기물,386,,
폭립,돼지 뼈,일반폐기물,385,,
폼테이프,"마스킹테이프, 양면테이프, 종이테이프",일반폐기물,714,,
푸쉬업바( 단일 재질),"철봉 운동기구, 스탭퍼, 벤치프레스, 역기, 아쿠아덤벨, 아령(덤벨)","대형폐기물, 일반폐기물, 재활용폐기물",698,,
푸쉬업바(목재 재질),"아쿠아덤벨, 아령(덤벨)","대형폐기물, 일반폐기물, 재활용폐기물",443,,
프라모델 런너,원목 블록,"대형폐기물, 일반폐기물",449,,
프레파라트,전자 현미경,재활용폐기물,795,,
프링노트,탁상 달력,재활용폐기물,26,,
피스타치오 껍데기,호두 껍데기,일반폐기물,456,,
피자 고정핀,피자박스,재활용폐기물,37,,
피지 압출기,클렌징 폼,재활용폐기물,65,,
한약 나무상자,한약 찌꺼기,일반폐기물,745,,
한약주전자,"한약 찌꺼기, 법랑 주전자, 내열식기, 전기주전자","일반폐기물, 재활용폐기물",745,,
해열시트,"해열진통제, 스프레이 파스, 찜질팩","생활계 유해폐기물, 일반폐기물, 재활용폐기물",709,,
핸드워시,손소독제 용기,재활용폐기물,448,,
햄버거 포장지,"유산지, 종이호일, 기름종이, 케찹 용기","일반폐기물, 재활용폐기물",442,,
향제 주머니,향수병,재활용폐기물,134,,
헛개나무,한약 찌꺼기,일반폐기물,745,,
헝겊책,동화책,재활용폐기물,555,,
헤어마스카라,"염색약 용기(도포, 첩합), 머리빗(나무, 복합), 눈썹칼, 염색약 용기(플라스틱), 머리빗(플라스틱), 머리끈, 속눈썹 영양제","일반폐기물, 재활용폐기물",799,,
혈압측정기,"전자 혈압계, 디지털 체중계",재활용폐기물,796,,
홈캠,"비디오 카메라, 디지털 카메라, 내비게이션",재활용폐기물,256,,
홍초병,"비닐 라벨, 음료 페트병, 수분리성 라벨",재활용폐기물,620,,
화분 이름표,"화분(플라스틱), 화분 흙, 화분(도자기)","대형폐기물, 일반폐기물, 재활용폐기물",797,,
화이트보드 지우개,"지우개, 분필",일반폐기물,325,,
화장품 앰플,"화장품 정리함(플라스틱), 화장대, 화장품 냉장고, 화장품 정리함(나무, 복합)","대형폐기물, 일반폐기물, 재활용폐기물",798,,
회로기판,"태블릿 PC, 컴퓨터 본체, 노트북",재활용폐기물,671,,
훌라후프,폼롤러,"대형폐기물, 일반폐기물",467,,
휴대용 UV살균기,"식기건조기, 전동칫솔, 칫솔살균기, 식기세척기","대형폐기물, 재활용폐기물",667,,
휴대용 물통,"생수, 무색페트병, 무색페트병(물병)",재활용폐기물,633,,
휴대용 알약케이스,"비닐약봉지, 약통 용기, 알약 포장재","일반폐기물, 재활용폐기물",627,,
휴대용 와이파이,"공유기, 핸드폰 충전기",재활용폐기물,280,,
휴대용 쪽쪽이 살균기,"젖병살균소독기, 식기세척기",재활용폐기물,268,,
흑채,"염색약 용기(도포, 첩합), 염색약 용기(플라스틱)","일반폐기물, 재활용폐기물",799,,
히팅뷰러,눈썹칼,일반폐기물,494,,
농약분무기(통),"하우스 비닐, 빈 농약용기",기타,176,,
비누받침,세면대,"공사장 생활폐기물, 대형폐기물",702,,
욕조 덮개,욕조,"공사장 생활폐기물, 대형폐기물",191,,
조각카페트,비닐장판,"공사장 생활폐기물, 대형폐기물",184,,
차광막,하우스 비닐,기타,176,,
창문,유리창,"공사장 생활폐기물, 대형폐기물",496,,
강아지 하네스,반려동물 캐리어,대형폐기물,206,,
거품입욕제,이동식 욕조(플라스틱 재질),대형폐기물,192,,
계단 오르기 운동기구,"철봉 운동기구, 스탭퍼, 벤치프레스, 역기, 체중계(기계식), 안마의자, 실내자전거",대형폐기물,698,,
도어 쿠션,"안전문, 안전가드",대형폐기물,581,,
리클라이너(소파),"좌식테이블, 소파",대형폐기물,696,,
모종삽,삽,대형폐기물,210,,
바퀴커버,캐리어,대형폐기물,693,,
복근운동기구,"철봉 운동기구, 스탭퍼, 벤치프레스, 역기",대형폐기물,698,,
빨래바구니(목재·섬유),건조대,대형폐기물,194,,
빨래바구니(플라스틱),건조대,대형폐기물,194,,
상커버,밥상,대형폐기물,207,,
식탁매트,식탁,대형폐기물,189,,
식탁보,"밥상, 식탁",대형폐기물,207,,
아기띠,"유모차, 카시트",대형폐기물,222,,
약력기,"철봉 운동기구, 스탭퍼, 역기, 실내자전거",대형폐기물,698,,
양이 의자,안마의자,대형폐기물,215,,
연기감지기,소화기,대형폐기물,211,,
옷걸이(플라스틱),"행거, 건조대",대형폐기물,691,,
원목 아기식탁의자,"의자, 안마의자, 식탁",대형폐기물,687,,
유모차 쿨시트,"유모차, 카시트",대형폐기물,222,,
유아 그네,미끄럼틀,대형폐기물,217,,
유아 놀이집,미끄럼틀,대형폐기물,217,,
유아 시소,미끄럼틀,대형폐기물,217,,
유아 자동차,킥보드,대형폐기물,223,,
의자커버,의자,대형폐기물,687,,
이동서랍장,서랍장,대형폐기물,681,,
자물쇠,안전문,대형폐기물,581,,
장난감 가스레인지,"가스오븐레인지, 가스레인지",대형폐기물,699,,
장난감 역기,역기,대형폐기물,573,,
장난감 은행놀이,미끄럼틀,대형폐기물,217,,
장난감 화장대,"화장대, 미끄럼틀",대형폐기물,689,,
정글짐,미끄럼틀,대형폐기물,217,,
캐노피,"블라인드, 문발, 그늘천막",대형폐기물,695,,
캐리어 네임텍,캐리어,대형폐기물,693,,
콘솔,"테이블 프레임, 플라스틱 서랍장, 책장, 장식장",대형폐기물,692,,
트램펄린,미끄럼틀,대형폐기물,217,,
펫드라이룸,반려동물 캐리어,대형폐기물,206,,
푸쉬업바(목재),"철봉 운동기구, 스탭퍼, 벤치프레스, 역기",대형폐기물,698,,
피아노 의자,피아노,대형폐기물,216,,
항아리 뚜껑,항아리,대형폐기물,227,,
호미,삽,대형폐기물,210,,
화장품 스파출라,화장대,대형폐기물,689,,
화재경보기,소화기,대형폐기물,211,,
흔들의자,"의자, 안마의자, 소파",대형폐기물,687,,
힙시트,"유모차, 카시트",대형폐기물,222,,
건강환,"한약 찌꺼기, 더덕, 야관문, 어성초가루","음식물류폐기물, 일반폐기물",745,,
건망고,"오렌지 껍질, 바나나껍질, 말린 귤껍질",음식물류폐기물,646,,
고추대,고추장,음식물류폐기물,170,,
고추지지대,고추장,음식물류폐기물,170,,
곱창,"비계, 내장류",음식물류폐기물,163,,
곶감,"오렌지 껍질, 바나나껍질, 말린 귤껍질",음식물류폐기물,646,,
과메기,"생선, 생선가시, 고등어","음식물류폐기물, 일반폐기물",648,,
굳은 기름,"돼지기름, 식용유, 비계","음식물류폐기물, 일반폐기물, 재활용폐기물",345,,
김부각,"식용유 용기, 다시마, 반찬통","음식물류폐기물, 재활용폐기물",598,,
꽃빵,밀가루,음식물류폐기물,167,,
달고나,"사탕봉지, 물엿 용기, 엿기름, 과자봉지","음식물류폐기물, 재활용폐기물",626,,
도라지,인삼,음식물류폐기물,641,,
동결건조 딸기,"오렌지 껍질, 바나나껍질, 말린 귤껍질",음식물류폐기물,646,,
또띠아,밀가루,음식물류폐기물,167,,
라면 건더기봉지,"라면 봉지, 라면 박스, 종이 컵라면, 라면스프, 스프봉지","음식물류폐기물, 재활용폐기물",622,,
라이스누들,"냉면, 국수, 라면스프",음식물류폐기물,645,,
레몬씨,"오렌지 껍질, 바나나껍질, 말린 귤껍질",음식물류폐기물,646,,
레몬칩,"오렌지 껍질, 식품건조기, 바나나껍질, 말린 귤껍질","음식물류폐기물, 재활용폐기물",646,,
매생이,다시마,음식물류폐기물,161,,
매실청 유리병,"야관문, 유리병, 매실주 건더기, 드링크병, 소주병, 음료수병","음식물류폐기물, 재활용폐기물",642,,
메밀국수,국수,음식물류폐기물,644,,
명태 껍질,"생선, 생선가시, 고등어","음식물류폐기물, 일반폐기물",648,,
반숙 달걀,"냉면, 국수, 계란 껍데기(달걀 껍데기), 에그쿠커, 계란판","음식물류폐기물, 일반폐기물, 재활용폐기물",645,,
벌레가 생긴 쌀,"유통기한이 지난 음식, 쌀 마대자루, 쌀통(플라스틱 재질), 상한 음식, 즉석밥 용기","대형폐기물, 음식물류폐기물, 일반폐기물, 재활용폐기물",647,,
복합 조미료 가루,감초가루,음식물류폐기물,651,,
분유 소분케이스,"젖병살균소독기, 분유가루, 분유통","음식물류폐기물, 재활용폐기물",268,,
분유포트,"젖병살균소독기, 분유가루, 분유통","음식물류폐기물, 재활용폐기물",268,,
빵 생지,"제빵기, 땅콩버터, 토스트기, 밀가루","음식물류폐기물, 재활용폐기물",674,,
사과씨,"오렌지 껍질, 바나나껍질, 말린 귤껍질",음식물류폐기물,646,,
새우가루,감초가루,음식물류폐기물,651,,
순대,"비계, 내장류",음식물류폐기물,163,,
스티로폼 컵라면,"유색 스티로폼 용기, 라면 봉지, 라면 박스, 발포합성수지, 종이 컵라면, 라면스프, 스프봉지","음식물류폐기물, 재활용폐기물",638,,
시리얼 그릇,"사기 그릇, 멜라민 그릇, 내열식기, 시리얼, 반찬통","음식물류폐기물, 일반폐기물, 재활용폐기물",509,,
싹이 난 감자,"유통기한이 지난 음식, 감자칩 용기, 상한 음식","음식물류폐기물, 일반폐기물",647,,
육수 냉동고,"육수팩, 냉장고, 다시마","음식물류폐기물, 일반폐기물, 재활용폐기물",744,,
육수망,"육수팩, 다시마, 채망","음식물류폐기물, 일반폐기물, 재활용폐기물",744,,
음식물쓰레기 분쇄기,"음식물류폐기물, 음식물처리기","음식물류폐기물, 재활용폐기물",541,,
절인배추,"배추망, 김치","음식물류폐기물, 재활용폐기물",597,,
젓갈,김치,음식물류폐기물,156,,
젖병 중탕기,"공갈젖꼭지, 젖병살균소독기, 분유가루, 분유통","음식물류폐기물, 일반폐기물, 재활용폐기물",752,,
치즈 나이프(금속 단일 재질),"포크(복합 재질), 젓가락(복합 재질), 숟가락(복합 재질), 수저(복합 재질), 땅콩버터, 포크(금속, 플라스틱), 숟가락(단일 재질), 젓가락(단일 재질), 그레이터, 스팸슬라이서, 수저(단일 재질)","음식물류폐기물, 일반폐기물, 재활용폐기물",793,,
치즈 나이프(복합 재질),"포크(복합 재질), 젓가락(복합 재질), 숟가락(복합 재질), 수저(복합 재질), 땅콩버터, 포크(금속, 플라스틱), 숟가락(단일 재질), 젓가락(단일 재질), 그레이터, 스팸슬라이서, 수저(단일 재질)","음식물류폐기물, 일반폐기물, 재활용폐기물",793,,
카페 가루,감초가루,음식물류폐기물,651,,
키워 껍질,"오렌지 껍질, 바나나껍질, 말린 귤껍질",음식물류폐기물,646,,
통무,"배추망, 김치","음식물류폐기물, 재활용폐기물",597,,
튀각,"식용유 용기, 다시마, 반찬통","음식물류폐기물, 재활용폐기물",598,,
파래,다시마,음식물류폐기물,161,,
할라피뇨 페퍼,고추장,음식물류폐기물,170,,
호떡 믹스 가루,"감초가루, 부침가루, 밀가루",음식물류폐기물,651,,
