query,verdict,note,freq,n_queries
아파트 분리수거 방법,apateu-bunri,아파트 분리수거 요일과 시간,2,1
아파트 분리수거 시간,apateu-bunri,아파트 분리수거 요일과 시간,2,1
클린하우스 시간,apateu-bunri,아파트 분리수거 요일과 시간,2,1
클린하우스 요일,apateu-bunri,아파트 분리수거 요일과 시간,2,1
분리배출 요일,apateu-bunri,아파트 분리수거 요일과 시간,1,1
분리수거 요일,apateu-bunri,아파트 분리수거 요일과 시간,1,1
분리수거 요일제,apateu-bunri,아파트 분리수거 요일과 시간,1,1
아파트 분리수거,apateu-bunri,아파트 분리수거 요일과 시간,1,1
아파트 분리수거 날짜,apateu-bunri,아파트 분리수거 요일과 시간,1,1
아파트 분리수거 비닐,apateu-bunri,아파트 분리수거 요일과 시간,1,1
아파트 분리수거 비용,apateu-bunri,아파트 분리수거 요일과 시간,1,1
아파트 분리수거대,apateu-bunri,아파트 분리수거 요일과 시간,1,1
아파트 분리수거일,apateu-bunri,아파트 분리수거 요일과 시간,1,1
아파트 분리수거장,apateu-bunri,아파트 분리수거 요일과 시간,1,1
아파트 분리수거장 가격,apateu-bunri,아파트 분리수거 요일과 시간,1,1
아파트 분리수거함,apateu-bunri,아파트 분리수거 요일과 시간,1,1
클린하우스,apateu-bunri,아파트 분리수거 요일과 시간,1,1
클린하우스 가격,apateu-bunri,아파트 분리수거 요일과 시간,1,1
클린하우스 뜻,apateu-bunri,아파트 분리수거 요일과 시간,1,1
pe폼 분리배출,bunri-baechul,"분리배출 기본 규칙 (표시, 재활용 안 되는 것)",1,1
분리배출,bunri-baechul,"분리배출 기본 규칙 (표시, 재활용 안 되는 것)",1,1
분리배출 누리집,bunri-baechul,"분리배출 기본 규칙 (표시, 재활용 안 되는 것)",1,1
분리배출 방법,bunri-baechul,"분리배출 기본 규칙 (표시, 재활용 안 되는 것)",1,1
분리배출 종류,bunri-baechul,"분리배출 기본 규칙 (표시, 재활용 안 되는 것)",1,1
분리배출 표시제도,bunri-baechul,"분리배출 기본 규칙 (표시, 재활용 안 되는 것)",1,1
분리배출kr,bunri-baechul,"분리배출 기본 규칙 (표시, 재활용 안 되는 것)",1,1
쓰레기 분리배출,bunri-baechul,"분리배출 기본 규칙 (표시, 재활용 안 되는 것)",1,1
쓰레기 분리배출 방법,bunri-baechul,"분리배출 기본 규칙 (표시, 재활용 안 되는 것)",1,1
쓰레기 분리배출 종류,bunri-baechul,"분리배출 기본 규칙 (표시, 재활용 안 되는 것)",1,1
재활용 분리배출,bunri-baechul,"분리배출 기본 규칙 (표시, 재활용 안 되는 것)",1,1
재활용안되는것버리는법,bunri-baechul,"분리배출 기본 규칙 (표시, 재활용 안 되는 것)",1,1
커텐분리배출방법,bunri-baechul,"분리배출 기본 규칙 (표시, 재활용 안 되는 것)",1,1
음식물쓰레기봉투 파는곳,eumsik-bongtu,"음식물 종량제봉투 (용량, 가격, 파는곳)",3,2
음식물 종량제 가격,eumsik-bongtu,"음식물 종량제봉투 (용량, 가격, 파는곳)",2,1
음식물 종량제 봉투 가격,eumsik-bongtu,"음식물 종량제봉투 (용량, 가격, 파는곳)",2,2
음식물 종량제봉투,eumsik-bongtu,"음식물 종량제봉투 (용량, 가격, 파는곳)",2,2
음식물쓰레기봉투 가격,eumsik-bongtu,"음식물 종량제봉투 (용량, 가격, 파는곳)",2,2
음식물쓰레기봉투 규격,eumsik-bongtu,"음식물 종량제봉투 (용량, 가격, 파는곳)",2,2
음식물 쓰레기 봉투,eumsik-bongtu,"음식물 종량제봉투 (용량, 가격, 파는곳)",1,1
음식물 쓰레기봉투 환불,eumsik-bongtu,"음식물 종량제봉투 (용량, 가격, 파는곳)",1,1
음식물 종량제,eumsik-bongtu,"음식물 종량제봉투 (용량, 가격, 파는곳)",1,1
음식물 종량제 봉투 사이즈,eumsik-bongtu,"음식물 종량제봉투 (용량, 가격, 파는곳)",1,1
음식물 종량제 봉투 편의점,eumsik-bongtu,"음식물 종량제봉투 (용량, 가격, 파는곳)",1,1
음식물 종량제 사이즈,eumsik-bongtu,"음식물 종량제봉투 (용량, 가격, 파는곳)",1,1
음식물 종량제 카드,eumsik-bongtu,"음식물 종량제봉투 (용량, 가격, 파는곳)",1,1
음식물 종량제봉투 1리터,eumsik-bongtu,"음식물 종량제봉투 (용량, 가격, 파는곳)",1,1
음식물 종량제봉투 용량,eumsik-bongtu,"음식물 종량제봉투 (용량, 가격, 파는곳)",1,1
음식물쓰레기 봉투,eumsik-bongtu,"음식물 종량제봉투 (용량, 가격, 파는곳)",1,1
음식물쓰레기 봉투 구매하는 법,eumsik-bongtu,"음식물 종량제봉투 (용량, 가격, 파는곳)",1,1
음식물쓰레기 봉투 몇리터,eumsik-bongtu,"음식물 종량제봉투 (용량, 가격, 파는곳)",1,1
음식물쓰레기 봉투 묶음 갯수,eumsik-bongtu,"음식물 종량제봉투 (용량, 가격, 파는곳)",1,1
음식물쓰레기 봉투 버리는,eumsik-bongtu,"음식물 종량제봉투 (용량, 가격, 파는곳)",1,1
음식물쓰레기 봉투 벌금,eumsik-bongtu,"음식물 종량제봉투 (용량, 가격, 파는곳)",1,1
음식물쓰레기 봉투 사이즈,eumsik-bongtu,"음식물 종량제봉투 (용량, 가격, 파는곳)",1,1
음식물쓰레기 봉투 색,eumsik-bongtu,"음식물 종량제봉투 (용량, 가격, 파는곳)",1,1
음식물쓰레기 봉투채 버리기,eumsik-bongtu,"음식물 종량제봉투 (용량, 가격, 파는곳)",1,1
음식물쓰레기봉투 가격 1리터,eumsik-bongtu,"음식물 종량제봉투 (용량, 가격, 파는곳)",1,1
음식물쓰레기봉투 가격 2리터,eumsik-bongtu,"음식물 종량제봉투 (용량, 가격, 파는곳)",1,1
음식물쓰레기봉투 가격 3리터,eumsik-bongtu,"음식물 종량제봉투 (용량, 가격, 파는곳)",1,1
음식물쓰레기봉투 가격 5리터,eumsik-bongtu,"음식물 종량제봉투 (용량, 가격, 파는곳)",1,1
음식물쓰레기봉투 종류,eumsik-bongtu,"음식물 종량제봉투 (용량, 가격, 파는곳)",1,1
음식물쓰레기봉투 파는곳 검색,eumsik-bongtu,"음식물 종량제봉투 (용량, 가격, 파는곳)",1,1
음식물쓰레기봉투 파는곳 편의점,eumsik-bongtu,"음식물 종량제봉투 (용량, 가격, 파는곳)",1,1
음식물쓰레기봉투 환불받는법,eumsik-bongtu,"음식물 종량제봉투 (용량, 가격, 파는곳)",1,1
음식물쓰레기봉투 환불방법,eumsik-bongtu,"음식물 종량제봉투 (용량, 가격, 파는곳)",1,1
공사장 폐기물 배출방법,gongsa-pyegijae,"인테리어, 공사 폐자재 배출",1,1
공사장 폐기물 재활용,gongsa-pyegijae,"인테리어, 공사 폐자재 배출",1,1
인테리어 폐자재 처리 방법,gongsa-pyegijae,"인테리어, 공사 폐자재 배출",1,1
헌책 수거 가격,heonot-heonchaek,"헌옷, 헌책 방문수거 (의류수거함, 업체)",2,1
고물상,heonot-heonchaek,"헌옷, 헌책 방문수거 (의류수거함, 업체)",1,1
고물상 가격,heonot-heonchaek,"헌옷, 헌책 방문수거 (의류수거함, 업체)",1,1
고물상 비용,heonot-heonchaek,"헌옷, 헌책 방문수거 (의류수거함, 업체)",1,1
고물상 시간,heonot-heonchaek,"헌옷, 헌책 방문수거 (의류수거함, 업체)",1,1
고물상 자전거 가격,heonot-heonchaek,"헌옷, 헌책 방문수거 (의류수거함, 업체)",1,1
고물상 헌옷 가격,heonot-heonchaek,"헌옷, 헌책 방문수거 (의류수거함, 업체)",1,1
고물상수입,heonot-heonchaek,"헌옷, 헌책 방문수거 (의류수거함, 업체)",1,1
고물상자전거,heonot-heonchaek,"헌옷, 헌책 방문수거 (의류수거함, 업체)",1,1
고물상헌옷,heonot-heonchaek,"헌옷, 헌책 방문수거 (의류수거함, 업체)",1,1
고물상헌옷가격키로,heonot-heonchaek,"헌옷, 헌책 방문수거 (의류수거함, 업체)",1,1
근처 의류수거함,heonot-heonchaek,"헌옷, 헌책 방문수거 (의류수거함, 업체)",1,1
오즈의 의류수거함,heonot-heonchaek,"헌옷, 헌책 방문수거 (의류수거함, 업체)",1,1
온라인고물상,heonot-heonchaek,"헌옷, 헌책 방문수거 (의류수거함, 업체)",1,1
의류수거함,heonot-heonchaek,"헌옷, 헌책 방문수거 (의류수거함, 업체)",1,1
의류수거함 가격,heonot-heonchaek,"헌옷, 헌책 방문수거 (의류수거함, 업체)",1,1
의류수거함 가방,heonot-heonchaek,"헌옷, 헌책 방문수거 (의류수거함, 업체)",1,1
의류수거함 신발,heonot-heonchaek,"헌옷, 헌책 방문수거 (의류수거함, 업체)",1,1
의류수거함 위치,heonot-heonchaek,"헌옷, 헌책 방문수거 (의류수거함, 업체)",1,1
의류수거함 이불,heonot-heonchaek,"헌옷, 헌책 방문수거 (의류수거함, 업체)",1,1
익산 헌옷 수거,heonot-heonchaek,"헌옷, 헌책 방문수거 (의류수거함, 업체)",1,1
인터넷고물상,heonot-heonchaek,"헌옷, 헌책 방문수거 (의류수거함, 업체)",1,1
책고물상,heonot-heonchaek,"헌옷, 헌책 방문수거 (의류수거함, 업체)",1,1
헌옷방문수거,heonot-heonchaek,"헌옷, 헌책 방문수거 (의류수거함, 업체)",1,1
헌옷수거 가격,heonot-heonchaek,"헌옷, 헌책 방문수거 (의류수거함, 업체)",1,1
헌옷수거 방법,heonot-heonchaek,"헌옷, 헌책 방문수거 (의류수거함, 업체)",1,1
헌옷수거비용,heonot-heonchaek,"헌옷, 헌책 방문수거 (의류수거함, 업체)",1,1
헌옷수거종류,heonot-heonchaek,"헌옷, 헌책 방문수거 (의류수거함, 업체)",1,1
헌책 수거,heonot-heonchaek,"헌옷, 헌책 방문수거 (의류수거함, 업체)",1,1
헌책 수거 업체,heonot-heonchaek,"헌옷, 헌책 방문수거 (의류수거함, 업체)",1,1
헌책방문수거,heonot-heonchaek,"헌옷, 헌책 방문수거 (의류수거함, 업체)",1,1
헌책수거신청,heonot-heonchaek,"헌옷, 헌책 방문수거 (의류수거함, 업체)",1,1
유품정리비용,isa-sseuregi,"이사할 때 나오는 쓰레기 (한꺼번에 버리는 법, 비용)",2,1
이사 쓰레기 비용,isa-sseuregi,"이사할 때 나오는 쓰레기 (한꺼번에 버리는 법, 비용)",2,1
대청소 쓰레기버리는방법,isa-sseuregi,"이사할 때 나오는 쓰레기 (한꺼번에 버리는 법, 비용)",1,1
유품정리,isa-sseuregi,"이사할 때 나오는 쓰레기 (한꺼번에 버리는 법, 비용)",1,1
유품정리 가격,isa-sseuregi,"이사할 때 나오는 쓰레기 (한꺼번에 버리는 법, 비용)",1,1
유품정리 비용예상,isa-sseuregi,"이사할 때 나오는 쓰레기 (한꺼번에 버리는 법, 비용)",1,1
유품정리 시간,isa-sseuregi,"이사할 때 나오는 쓰레기 (한꺼번에 버리는 법, 비용)",1,1
유품정리방법,isa-sseuregi,"이사할 때 나오는 쓰레기 (한꺼번에 버리는 법, 비용)",1,1
유품정리업체,isa-sseuregi,"이사할 때 나오는 쓰레기 (한꺼번에 버리는 법, 비용)",1,1
이사 쓰레기,isa-sseuregi,"이사할 때 나오는 쓰레기 (한꺼번에 버리는 법, 비용)",1,1
이사 쓰레기 배출,isa-sseuregi,"이사할 때 나오는 쓰레기 (한꺼번에 버리는 법, 비용)",1,1
이사 쓰레기 버리기,isa-sseuregi,"이사할 때 나오는 쓰레기 (한꺼번에 버리는 법, 비용)",1,1
이사 쓰레기 버리는 법,isa-sseuregi,"이사할 때 나오는 쓰레기 (한꺼번에 버리는 법, 비용)",1,1
이사 쓰레기차,isa-sseuregi,"이사할 때 나오는 쓰레기 (한꺼번에 버리는 법, 비용)",1,1
이사할때 쓰레기,isa-sseuregi,"이사할 때 나오는 쓰레기 (한꺼번에 버리는 법, 비용)",1,1
이사할때 쓰레기 버리기,isa-sseuregi,"이사할 때 나오는 쓰레기 (한꺼번에 버리는 법, 비용)",1,1
100리터 쓰레기봉투 가격,jongryangje-bongtu,"종량제봉투 (규격, 리터, 가격, 파는곳, 환불)",2,2
20l 쓰레기봉투 가격,jongryangje-bongtu,"종량제봉투 (규격, 리터, 가격, 파는곳, 환불)",2,2
쓰레기봉투 50리터 가격,jongryangje-bongtu,"종량제봉투 (규격, 리터, 가격, 파는곳, 환불)",2,2
쓰레기봉투 가격,jongryangje-bongtu,"종량제봉투 (규격, 리터, 가격, 파는곳, 환불)",2,1
쓰레기봉투 규격 가격,jongryangje-bongtu,"종량제봉투 (규격, 리터, 가격, 파는곳, 환불)",2,2
쓰레기봉투 종류 가격,jongryangje-bongtu,"종량제봉투 (규격, 리터, 가격, 파는곳, 환불)",2,2
쓰레기봉투신청방법,jongryangje-bongtu,"종량제봉투 (규격, 리터, 가격, 파는곳, 환불)",2,1
재활용 봉투 가격,jongryangje-bongtu,"종량제봉투 (규격, 리터, 가격, 파는곳, 환불)",2,1
종량제봉투 가격,jongryangje-bongtu,"종량제봉투 (규격, 리터, 가격, 파는곳, 환불)",2,1
종량제봉투 파는곳,jongryangje-bongtu,"종량제봉투 (규격, 리터, 가격, 파는곳, 환불)",2,1
종량제봉투신청방법,jongryangje-bongtu,"종량제봉투 (규격, 리터, 가격, 파는곳, 환불)",2,1
50l 종량제 가격,jongryangje-bongtu,"종량제봉투 (규격, 리터, 가격, 파는곳, 환불)",1,1
50l 종량제 봉투 가격,jongryangje-bongtu,"종량제봉투 (규격, 리터, 가격, 파는곳, 환불)",1,1
50리터 종량제 가격,jongryangje-bongtu,"종량제봉투 (규격, 리터, 가격, 파는곳, 환불)",1,1
50리터 종량제 봉투 가격,jongryangje-bongtu,"종량제봉투 (규격, 리터, 가격, 파는곳, 환불)",1,1
PP마대,jongryangje-bongtu,"종량제봉투 (규격, 리터, 가격, 파는곳, 환불)",1,1
pp마대 가격,jongryangje-bongtu,"종량제봉투 (규격, 리터, 가격, 파는곳, 환불)",1,1
공사장 폐기물 마대자루,jongryangje-bongtu,"종량제봉투 (규격, 리터, 가격, 파는곳, 환불)",1,1
다이소 재활용 봉투,jongryangje-bongtu,"종량제봉투 (규격, 리터, 가격, 파는곳, 환불)",1,1
마대,jongryangje-bongtu,"종량제봉투 (규격, 리터, 가격, 파는곳, 환불)",1,1
마대 가격,jongryangje-bongtu,"종량제봉투 (규격, 리터, 가격, 파는곳, 환불)",1,1
마대 규격,jongryangje-bongtu,"종량제봉투 (규격, 리터, 가격, 파는곳, 환불)",1,1
마대 비용,jongryangje-bongtu,"종량제봉투 (규격, 리터, 가격, 파는곳, 환불)",1,1
마대 종류,jongryangje-bongtu,"종량제봉투 (규격, 리터, 가격, 파는곳, 환불)",1,1
마대 파는곳,jongryangje-bongtu,"종량제봉투 (규격, 리터, 가격, 파는곳, 환불)",1,1
마대걸레,jongryangje-bongtu,"종량제봉투 (규격, 리터, 가격, 파는곳, 환불)",1,1
마대자루,jongryangje-bongtu,"종량제봉투 (규격, 리터, 가격, 파는곳, 환불)",1,1
마대자루 가격,jongryangje-bongtu,"종량제봉투 (규격, 리터, 가격, 파는곳, 환불)",1,1
마대포대,jongryangje-bongtu,"종량제봉투 (규격, 리터, 가격, 파는곳, 환불)",1,1
불연성 마대자루 가격,jongryangje-bongtu,"종량제봉투 (규격, 리터, 가격, 파는곳, 환불)",1,1
불연성 쓰레기봉투,jongryangje-bongtu,"종량제봉투 (규격, 리터, 가격, 파는곳, 환불)",1,1
불연성 쓰레기봉투 가격,jongryangje-bongtu,"종량제봉투 (규격, 리터, 가격, 파는곳, 환불)",1,1
불연성마대 가격,jongryangje-bongtu,"종량제봉투 (규격, 리터, 가격, 파는곳, 환불)",1,1
쓰레기 봉투 방법,jongryangje-bongtu,"종량제봉투 (규격, 리터, 가격, 파는곳, 환불)",1,1
쓰레기 종량제 가격,jongryangje-bongtu,"종량제봉투 (규격, 리터, 가격, 파는곳, 환불)",1,1
쓰레기 종량제 봉투 가격,jongryangje-bongtu,"종량제봉투 (규격, 리터, 가격, 파는곳, 환불)",1,1
쓰레기봉투,jongryangje-bongtu,"종량제봉투 (규격, 리터, 가격, 파는곳, 환불)",1,1
쓰레기봉투 100리터,jongryangje-bongtu,"종량제봉투 (규격, 리터, 가격, 파는곳, 환불)",1,1
쓰레기봉투 100리터 가격,jongryangje-bongtu,"종량제봉투 (규격, 리터, 가격, 파는곳, 환불)",1,1
쓰레기봉투 20리터,jongryangje-bongtu,"종량제봉투 (규격, 리터, 가격, 파는곳, 환불)",1,1
쓰레기봉투 20리터 가격,jongryangje-bongtu,"종량제봉투 (규격, 리터, 가격, 파는곳, 환불)",1,1
쓰레기봉투 50리터 가격 편의점,jongryangje-bongtu,"종량제봉투 (규격, 리터, 가격, 파는곳, 환불)",1,1
쓰레기봉투 과태료,jongryangje-bongtu,"종량제봉투 (규격, 리터, 가격, 파는곳, 환불)",1,1
쓰레기봉투 규격,jongryangje-bongtu,"종량제봉투 (규격, 리터, 가격, 파는곳, 환불)",1,1
쓰레기봉투 규격 비교,jongryangje-bongtu,"종량제봉투 (규격, 리터, 가격, 파는곳, 환불)",1,1
쓰레기봉투 규격 사이즈,jongryangje-bongtu,"종량제봉투 (규격, 리터, 가격, 파는곳, 환불)",1,1
쓰레기봉투 비용,jongryangje-bongtu,"종량제봉투 (규격, 리터, 가격, 파는곳, 환불)",1,1
쓰레기봉투 사이즈,jongryangje-bongtu,"종량제봉투 (규격, 리터, 가격, 파는곳, 환불)",1,1
쓰레기봉투 사이즈 가격,jongryangje-bongtu,"종량제봉투 (규격, 리터, 가격, 파는곳, 환불)",1,1
쓰레기봉투 어디서,jongryangje-bongtu,"종량제봉투 (규격, 리터, 가격, 파는곳, 환불)",1,1
쓰레기봉투 종류,jongryangje-bongtu,"종량제봉투 (규격, 리터, 가격, 파는곳, 환불)",1,1
쓰레기봉투 종류 크기,jongryangje-bongtu,"종량제봉투 (규격, 리터, 가격, 파는곳, 환불)",1,1
쓰레기봉투 지역,jongryangje-bongtu,"종량제봉투 (규격, 리터, 가격, 파는곳, 환불)",1,1
쓰레기봉투 파는곳,jongryangje-bongtu,"종량제봉투 (규격, 리터, 가격, 파는곳, 환불)",1,1
쓰레기봉투 파는곳 편의점,jongryangje-bongtu,"종량제봉투 (규격, 리터, 가격, 파는곳, 환불)",1,1
쓰레기봉투 환불,jongryangje-bongtu,"종량제봉투 (규격, 리터, 가격, 파는곳, 환불)",1,1
쓰레기봉투 환불받는법,jongryangje-bongtu,"종량제봉투 (규격, 리터, 가격, 파는곳, 환불)",1,1
원룸 쓰레기봉투 크기,jongryangje-bongtu,"종량제봉투 (규격, 리터, 가격, 파는곳, 환불)",1,1
이사 쓰레기봉투,jongryangje-bongtu,"종량제봉투 (규격, 리터, 가격, 파는곳, 환불)",1,1
이사 쓰레기봉투 75리터,jongryangje-bongtu,"종량제봉투 (규격, 리터, 가격, 파는곳, 환불)",1,1
이사 쓰레기봉투 교환,jongryangje-bongtu,"종량제봉투 (규격, 리터, 가격, 파는곳, 환불)",1,1
이사 쓰레기봉투 환불,jongryangje-bongtu,"종량제봉투 (규격, 리터, 가격, 파는곳, 환불)",1,1
이사할때쓰레기봉투몇개,jongryangje-bongtu,"종량제봉투 (규격, 리터, 가격, 파는곳, 환불)",1,1
재사용 종량제봉투,jongryangje-bongtu,"종량제봉투 (규격, 리터, 가격, 파는곳, 환불)",1,1
재활용 봉투,jongryangje-bongtu,"종량제봉투 (규격, 리터, 가격, 파는곳, 환불)",1,1
재활용 봉투 50리터,jongryangje-bongtu,"종량제봉투 (규격, 리터, 가격, 파는곳, 환불)",1,1
재활용 봉투 분리수거,jongryangje-bongtu,"종량제봉투 (규격, 리터, 가격, 파는곳, 환불)",1,1
재활용 봉투 사이즈,jongryangje-bongtu,"종량제봉투 (규격, 리터, 가격, 파는곳, 환불)",1,1
재활용 봉투 색깔 차이,jongryangje-bongtu,"종량제봉투 (규격, 리터, 가격, 파는곳, 환불)",1,1
재활용 봉투에 버리는법,jongryangje-bongtu,"종량제봉투 (규격, 리터, 가격, 파는곳, 환불)",1,1
재활용봉투 파는곳,jongryangje-bongtu,"종량제봉투 (규격, 리터, 가격, 파는곳, 환불)",1,1
종량제 봉투 가격,jongryangje-bongtu,"종량제봉투 (규격, 리터, 가격, 파는곳, 환불)",1,1
종량제 봉투 가격 10리터,jongryangje-bongtu,"종량제봉투 (규격, 리터, 가격, 파는곳, 환불)",1,1
종량제 봉투 가격 인상,jongryangje-bongtu,"종량제봉투 (규격, 리터, 가격, 파는곳, 환불)",1,1
종량제 봉투 가격 확인,jongryangje-bongtu,"종량제봉투 (규격, 리터, 가격, 파는곳, 환불)",1,1
종량제 봉투 규격 가격,jongryangje-bongtu,"종량제봉투 (규격, 리터, 가격, 파는곳, 환불)",1,1
종량제 봉투 규격 종류,jongryangje-bongtu,"종량제봉투 (규격, 리터, 가격, 파는곳, 환불)",1,1
종량제 봉투 사이즈,jongryangje-bongtu,"종량제봉투 (규격, 리터, 가격, 파는곳, 환불)",1,1
종량제 봉투 종류 가격,jongryangje-bongtu,"종량제봉투 (규격, 리터, 가격, 파는곳, 환불)",1,1
종량제봉투,jongryangje-bongtu,"종량제봉투 (규격, 리터, 가격, 파는곳, 환불)",1,1
종량제봉투 5리터,jongryangje-bongtu,"종량제봉투 (규격, 리터, 가격, 파는곳, 환불)",1,1
종량제봉투 과태료,jongryangje-bongtu,"종량제봉투 (규격, 리터, 가격, 파는곳, 환불)",1,1
종량제봉투 과태료 대상,jongryangje-bongtu,"종량제봉투 (규격, 리터, 가격, 파는곳, 환불)",1,1
종량제봉투 구매,jongryangje-bongtu,"종량제봉투 (규격, 리터, 가격, 파는곳, 환불)",1,1
종량제봉투 규격,jongryangje-bongtu,"종량제봉투 (규격, 리터, 가격, 파는곳, 환불)",1,1
종량제봉투 규격 사이즈,jongryangje-bongtu,"종량제봉투 (규격, 리터, 가격, 파는곳, 환불)",1,1
종량제봉투 제한,jongryangje-bongtu,"종량제봉투 (규격, 리터, 가격, 파는곳, 환불)",1,1
종량제봉투 종류,jongryangje-bongtu,"종량제봉투 (규격, 리터, 가격, 파는곳, 환불)",1,1
종량제봉투 크기,jongryangje-bongtu,"종량제봉투 (규격, 리터, 가격, 파는곳, 환불)",1,1
종량제봉투 파는곳 마트,jongryangje-bongtu,"종량제봉투 (규격, 리터, 가격, 파는곳, 환불)",1,1
종량제봉투 파는곳 온라인,jongryangje-bongtu,"종량제봉투 (규격, 리터, 가격, 파는곳, 환불)",1,1
종량제봉투 파는곳 편의점,jongryangje-bongtu,"종량제봉투 (규격, 리터, 가격, 파는곳, 환불)",1,1
종량제봉투 환불,jongryangje-bongtu,"종량제봉투 (규격, 리터, 가격, 파는곳, 환불)",1,1
종량제봉투 환불 동사무소,jongryangje-bongtu,"종량제봉투 (규격, 리터, 가격, 파는곳, 환불)",1,1
특수마대 가격,jongryangje-bongtu,"종량제봉투 (규격, 리터, 가격, 파는곳, 환불)",1,1
편의점 쓰레기봉투,jongryangje-bongtu,"종량제봉투 (규격, 리터, 가격, 파는곳, 환불)",1,1
편의점 쓰레기봉투 가격,jongryangje-bongtu,"종량제봉투 (규격, 리터, 가격, 파는곳, 환불)",1,1
편의점 재활용봉투,jongryangje-bongtu,"종량제봉투 (규격, 리터, 가격, 파는곳, 환불)",1,1
폐기물 마대자루 가격,jongryangje-bongtu,"종량제봉투 (규격, 리터, 가격, 파는곳, 환불)",1,1
폐기물마대,jongryangje-bongtu,"종량제봉투 (규격, 리터, 가격, 파는곳, 환불)",1,1
포장마대,jongryangje-bongtu,"종량제봉투 (규격, 리터, 가격, 파는곳, 환불)",1,1
분리배출 과태료,mudan-tugi,"쓰레기 무단투기 과태료 (금액, 고지서, 이의신청, 신고)",1,1
불법 쓰레기 과태료,mudan-tugi,"쓰레기 무단투기 과태료 (금액, 고지서, 이의신청, 신고)",1,1
생활쓰레기 과태료,mudan-tugi,"쓰레기 무단투기 과태료 (금액, 고지서, 이의신청, 신고)",1,1
쓰레기 과태료,mudan-tugi,"쓰레기 무단투기 과태료 (금액, 고지서, 이의신청, 신고)",1,1
쓰레기 과태료 고지서,mudan-tugi,"쓰레기 무단투기 과태료 (금액, 고지서, 이의신청, 신고)",1,1
쓰레기 과태료 등기,mudan-tugi,"쓰레기 무단투기 과태료 (금액, 고지서, 이의신청, 신고)",1,1
쓰레기 과태료 안내면,mudan-tugi,"쓰레기 무단투기 과태료 (금액, 고지서, 이의신청, 신고)",1,1
쓰레기 과태료 이의신청,mudan-tugi,"쓰레기 무단투기 과태료 (금액, 고지서, 이의신청, 신고)",1,1
쓰레기 과태료 조회,mudan-tugi,"쓰레기 무단투기 과태료 (금액, 고지서, 이의신청, 신고)",1,1
쓰레기 과태료 후기,mudan-tugi,"쓰레기 무단투기 과태료 (금액, 고지서, 이의신청, 신고)",1,1
쓰레기 무단 투기 과태료,mudan-tugi,"쓰레기 무단투기 과태료 (금액, 고지서, 이의신청, 신고)",1,1
쓰레기 무단투기,mudan-tugi,"쓰레기 무단투기 과태료 (금액, 고지서, 이의신청, 신고)",1,1
쓰레기 무단투기 고발,mudan-tugi,"쓰레기 무단투기 과태료 (금액, 고지서, 이의신청, 신고)",1,1
쓰레기 무단투기 과태료 고지서,mudan-tugi,"쓰레기 무단투기 과태료 (금액, 고지서, 이의신청, 신고)",1,1
쓰레기 무단투기 과태료 납부,mudan-tugi,"쓰레기 무단투기 과태료 (금액, 고지서, 이의신청, 신고)",1,1
쓰레기 무단투기 과태료 납부 방법,mudan-tugi,"쓰레기 무단투기 과태료 (금액, 고지서, 이의신청, 신고)",1,1
쓰레기 무단투기 과태료 조회,mudan-tugi,"쓰레기 무단투기 과태료 (금액, 고지서, 이의신청, 신고)",1,1
쓰레기 무단투기 과태료 통지서,mudan-tugi,"쓰레기 무단투기 과태료 (금액, 고지서, 이의신청, 신고)",1,1
쓰레기 무단투기 단속,mudan-tugi,"쓰레기 무단투기 과태료 (금액, 고지서, 이의신청, 신고)",1,1
쓰레기 무단투기 벌금,mudan-tugi,"쓰레기 무단투기 과태료 (금액, 고지서, 이의신청, 신고)",1,1
쓰레기 무단투기 사례,mudan-tugi,"쓰레기 무단투기 과태료 (금액, 고지서, 이의신청, 신고)",1,1
쓰레기 무단투기 신고,mudan-tugi,"쓰레기 무단투기 과태료 (금액, 고지서, 이의신청, 신고)",1,1
쓰레기 무단투기 신고하기,mudan-tugi,"쓰레기 무단투기 과태료 (금액, 고지서, 이의신청, 신고)",1,1
쓰레기 무단투기 카메라,mudan-tugi,"쓰레기 무단투기 과태료 (금액, 고지서, 이의신청, 신고)",1,1
쓰레기 무단투기 포상금,mudan-tugi,"쓰레기 무단투기 과태료 (금액, 고지서, 이의신청, 신고)",1,1
아파트 분리수거 과태료,mudan-tugi,"쓰레기 무단투기 과태료 (금액, 고지서, 이의신청, 신고)",1,1
음식물쓰레기 과태료,mudan-tugi,"쓰레기 무단투기 과태료 (금액, 고지서, 이의신청, 신고)",1,1
의류수거함 과태료,mudan-tugi,"쓰레기 무단투기 과태료 (금액, 고지서, 이의신청, 신고)",1,1
원룸 쓰레기,wonrum-sseuregi,"원룸, 자취방 쓰레기 배출 (수거함 없는 집)",1,1
원룸 쓰레기 배출,wonrum-sseuregi,"원룸, 자취방 쓰레기 배출 (수거함 없는 집)",1,1
원룸 쓰레기 배출 방법,wonrum-sseuregi,"원룸, 자취방 쓰레기 배출 (수거함 없는 집)",1,1
원룸 쓰레기 분리,wonrum-sseuregi,"원룸, 자취방 쓰레기 배출 (수거함 없는 집)",1,1
원룸 쓰레기 청소 비용,wonrum-sseuregi,"원룸, 자취방 쓰레기 배출 (수거함 없는 집)",1,1
원룸 쓰레기집 청소,wonrum-sseuregi,"원룸, 자취방 쓰레기 배출 (수거함 없는 집)",1,1
원룸 쓰레기청소,wonrum-sseuregi,"원룸, 자취방 쓰레기 배출 (수거함 없는 집)",1,1
원룸 쓰레기통,wonrum-sseuregi,"원룸, 자취방 쓰레기 배출 (수거함 없는 집)",1,1
원룸 쓰레기통 배치방법,wonrum-sseuregi,"원룸, 자취방 쓰레기 배출 (수거함 없는 집)",1,1
자취방 쓰레기,wonrum-sseuregi,"원룸, 자취방 쓰레기 배출 (수거함 없는 집)",1,1
대형폐기물 스티커 파는곳,기존커버,daehyeong-pyegimul-singo,3,2
대형폐기물 스티커,기존커버,daehyeong-pyegimul-singo,2,2
대형폐기물 스티커 가격,기존커버,daehyeong-pyegimul-singo,2,1
대형폐기물 스티커 가격표,기존커버,daehyeong-pyegimul-singo,2,2
대형폐기물 스티커 편의점,기존커버,daehyeong-pyegimul-singo,2,2
폐기물 스티커 가격표,기존커버,daehyeong-pyegimul-singo,2,1
폐기물 스티커 파는곳,기존커버,daehyeong-pyegimul-singo,2,1
가전 무료수거,기존커버,pyegajeon-musang-sugeo,1,1
가전무상수거,기존커버,pyegajeon-musang-sugeo,1,1
가전제품 무료수거,기존커버,pyegajeon-musang-sugeo,1,1
가전제품 무료수거 신청,기존커버,pyegajeon-musang-sugeo,1,1
가전제품 무상수거,기존커버,pyegajeon-musang-sugeo,1,1
구미 대형폐기물 가격표,기존커버,daehyeong-pyegimul-singo,1,1
대형 폐기물 수거 신청,기존커버,daehyeong-pyegimul-singo,1,1
대형 폐기물 수수료,기존커버,daehyeong-pyegimul-singo,1,1
대형 폐기물 수수료 기준,기존커버,daehyeong-pyegimul-singo,1,1
대형 폐기물 스티커 가격,기존커버,daehyeong-pyegimul-singo,1,1
대형 폐기물 스티커 비용,기존커버,daehyeong-pyegimul-singo,1,1
대형 폐기물 스티커 어디서,기존커버,daehyeong-pyegimul-singo,1,1
대형 폐기물 스티커 종류,기존커버,daehyeong-pyegimul-singo,1,1
대형 폐기물 신청,기존커버,daehyeong-pyegimul-singo,1,1
대형가전 무상수거,기존커버,pyegajeon-musang-sugeo,1,1
대형폐기물 가격,기존커버,daehyeong-pyegimul-singo,1,1
대형폐기물 가격표,기존커버,daehyeong-pyegimul-singo,1,1
대형폐기물 수수료 결제방법,기존커버,daehyeong-pyegimul-singo,1,1
대형폐기물 스티커 가격 기준,기존커버,daehyeong-pyegimul-singo,1,1
대형폐기물 스티커 가격표 수원,기존커버,daehyeong-pyegimul-singo,1,1
대형폐기물 스티커 기준,기존커버,daehyeong-pyegimul-singo,1,1
대형폐기물 스티커 방법,기존커버,daehyeong-pyegimul-singo,1,1
대형폐기물 스티커 신청,기존커버,daehyeong-pyegimul-singo,1,1
대형폐기물 스티커 환불,기존커버,daehyeong-pyegimul-singo,1,1
대형폐기물 신고,기존커버,daehyeong-pyegimul-singo,1,1
대형폐기물 신고 가격,기존커버,daehyeong-pyegimul-singo,1,1
대형폐기물 신고 방법,기존커버,daehyeong-pyegimul-singo,1,1
부천 대형폐기물 가격표,기존커버,daehyeong-pyegimul-singo,1,1
부천 대형폐기물 신고,기존커버,daehyeong-pyegimul-singo,1,1
부천 대형폐기물 신청,기존커버,daehyeong-pyegimul-singo,1,1
부천 폐기물 신고,기존커버,daehyeong-pyegimul-singo,1,1
분리배출 스티커,기존커버,daehyeong-pyegimul-singo,1,1
분리배출 스티커 가격,기존커버,daehyeong-pyegimul-singo,1,1
생활폐기물 신고,기존커버,daehyeong-pyegimul-singo,1,1
생활폐기물 신고 방법,기존커버,daehyeong-pyegimul-singo,1,1
서귀포 대형폐기물 신청,기존커버,daehyeong-pyegimul-singo,1,1
서대문 대형폐기물 신청,기존커버,daehyeong-pyegimul-singo,1,1
소형가전 무료수거,기존커버,pyegajeon-musang-sugeo,1,1
수원 대형폐기물 가격,기존커버,daehyeong-pyegimul-singo,1,1
수원 대형폐기물 가격표,기존커버,daehyeong-pyegimul-singo,1,1
수원 대형폐기물 스티커,기존커버,daehyeong-pyegimul-singo,1,1
수원 폐기물 스티커 가격표,기존커버,daehyeong-pyegimul-singo,1,1
순천 대형폐기물 신청,기존커버,daehyeong-pyegimul-singo,1,1
전자제품 무료수거,기존커버,pyegajeon-musang-sugeo,1,1
천안 대형폐기물 스티커,기존커버,daehyeong-pyegimul-singo,1,1
천안 폐기물 스티커 가격표,기존커버,daehyeong-pyegimul-singo,1,1
청주 폐기물 신고,기존커버,daehyeong-pyegimul-singo,1,1
파주 대형폐기물 가격,기존커버,daehyeong-pyegimul-singo,1,1
편의점 대형폐기물 스티커,기존커버,daehyeong-pyegimul-singo,1,1
평택 대형폐기물 스티커,기존커버,daehyeong-pyegimul-singo,1,1
폐가전 무료수거,기존커버,pyegajeon-musang-sugeo,1,1
폐가전 무료수거 신청,기존커버,pyegajeon-musang-sugeo,1,1
폐가전 무상방문수거,기존커버,pyegajeon-musang-sugeo,1,1
폐가전 무상수거 신청,기존커버,pyegajeon-musang-sugeo,1,1
폐가전 방문수거,기존커버,pyegajeon-musang-sugeo,1,1
폐가전무상수거,기존커버,pyegajeon-musang-sugeo,1,1
폐가전제품 무상수거,기존커버,pyegajeon-musang-sugeo,1,1
폐기물 스티커,기존커버,daehyeong-pyegimul-singo,1,1
폐기물 스티커 가격,기존커버,daehyeong-pyegimul-singo,1,1
폐기물 스티커 규격 재는법,기존커버,daehyeong-pyegimul-singo,1,1
폐기물 스티커 기준,기존커버,daehyeong-pyegimul-singo,1,1
폐기물 스티커 방법,기존커버,daehyeong-pyegimul-singo,1,1
폐기물 스티커 비용,기존커버,daehyeong-pyegimul-singo,1,1
폐기물 스티커 신청,기존커버,daehyeong-pyegimul-singo,1,1
폐기물 스티커 어디서,기존커버,daehyeong-pyegimul-singo,1,1
폐기물 스티커 인터넷,기존커버,daehyeong-pyegimul-singo,1,1
폐기물 스티커 종류,기존커버,daehyeong-pyegimul-singo,1,1
폐기물 스티커 종류 가격,기존커버,daehyeong-pyegimul-singo,1,1
폐기물 스티커 파는곳 검색,기존커버,daehyeong-pyegimul-singo,1,1
폐기물 스티커 파는곳 다이소,기존커버,daehyeong-pyegimul-singo,1,1
폐기물 스티커 파는곳 부천,기존커버,daehyeong-pyegimul-singo,1,1
폐기물 스티커 파는곳 수원,기존커버,daehyeong-pyegimul-singo,1,1
폐기물 스티커 파는곳 조회,기존커버,daehyeong-pyegimul-singo,1,1
폐기물 스티커 파는곳 편의점,기존커버,daehyeong-pyegimul-singo,1,1
폐기물 스티커 편의점,기존커버,daehyeong-pyegimul-singo,1,1
폐기물 스티커 환불,기존커버,daehyeong-pyegimul-singo,1,1
폐기물 스티커 환불 절차,기존커버,daehyeong-pyegimul-singo,1,1
폐기물 신고,기존커버,daehyeong-pyegimul-singo,1,1
폐기물 신고 가격,기존커버,daehyeong-pyegimul-singo,1,1
폐기물 신고 방법,기존커버,daehyeong-pyegimul-singo,1,1
가구재활용센터,미분류,,1,1
대형폐기물 방법,미분류,,1,1
무료수거,미분류,,1,1
무상수거,미분류,,1,1
방문수거 비용,미분류,,1,1
수거 신청,미분류,,1,1
수거신청 뜻,미분류,,1,1
쓰레기 버리는 시간,미분류,,1,1
음식물쓰레기 가격,미분류,,1,1
음식물쓰레기 가격표,미분류,,1,1
음식물쓰레기 신청 방법,미분류,,1,1
인터넷 배출 신고,미분류,,1,1
재활용센터,미분류,,1,1
페가전 수거 신청,미분류,,1,1
페기물 수거 신청,미분류,,1,1
폐기물 무상수거,미분류,,1,1
우체국 방문수거 신청,범위밖,,3,3
경동택배 방문수거 신청,범위밖,,2,2
경동택배 방문수거,범위밖,,1,1
경동택배 방문수거 방법,범위밖,,1,1
고물상 창업 방법,범위밖,,1,1
고물상창업,범위밖,,1,1
쓰레기 무단투기 경고문,범위밖,,1,1
아파트 분리수거장 설치,범위밖,,1,1
우체국 방문 수거 방법,범위밖,,1,1
우체국 방문수거,범위밖,,1,1
우체국 방문수거 가격,범위밖,,1,1
재활용 봉투 거치대,범위밖,,1,1
중고재활용센터,범위밖,,1,1
택배 방문수거,범위밖,,1,1
택배 수거 신청,범위밖,,1,1
헌책 수거 판매,범위밖,,1,1
구리 고물상 가격,지역,B층 폐기 (확정 판단 1번),2,2
50l 종량제 가격 수원,지역,B층 폐기 (확정 판단 1번),1,1
50l 종량제 가격 청주,지역,B층 폐기 (확정 판단 1번),1,1
50리터 종량제 가격 창원,지역,B층 폐기 (확정 판단 1번),1,1
50리터 종량제 가격 평택,지역,B층 폐기 (확정 판단 1번),1,1
부천 폐기물 신청,지역,B층 폐기 (확정 판단 1번),1,1
수원 폐기물 가격,지역,B층 폐기 (확정 판단 1번),1,1
쓰레기봉투 20리터 가격 안양,지역,B층 폐기 (확정 판단 1번),1,1
쓰레기봉투 20리터 가격 창원,지역,B층 폐기 (확정 판단 1번),1,1
쓰레기봉투 50리터 가격 부천,지역,B층 폐기 (확정 판단 1번),1,1
쓰레기봉투 50리터 가격 용인,지역,B층 폐기 (확정 판단 1번),1,1
쓰레기봉투 50리터 가격 창원,지역,B층 폐기 (확정 판단 1번),1,1
쓰레기봉투 50리터 가격 천안,지역,B층 폐기 (확정 판단 1번),1,1
종량제봉투 종류 수원,지역,B층 폐기 (확정 판단 1번),1,1
종량제봉투 파는곳 김포,지역,B층 폐기 (확정 판단 1번),1,1
종량제봉투 파는곳 동탄,지역,B층 폐기 (확정 판단 1번),1,1
종량제봉투 파는곳 파주,지역,B층 폐기 (확정 판단 1번),1,1
청주 쓰레기봉투 가격,지역,B층 폐기 (확정 판단 1번),1,1
청주 종량제봉투 가격,지역,B층 폐기 (확정 판단 1번),1,1
포항 종량제봉투 가격,지역,B층 폐기 (확정 판단 1번),1,1
