query,head,freq,n_queries,covered_by,in_round1,seeds
아파트 분리수거장 cctv,아파트 분리수거장,1,1,,,아파트 분리수거장
아파트 분리수거장 관리,아파트 분리수거장,1,1,,,아파트 분리수거장
아파트 분리수거장 냄새,아파트 분리수거장,1,1,,,아파트 분리수거장
아파트 분리수거장 우수사례,아파트 분리수거장,1,1,,,아파트 분리수거장
아파트 분리수거장 위치,아파트 분리수거장,1,1,,,아파트 분리수거장
아파트 분리수거장 흡연,아파트 분리수거장,1,1,,,아파트 분리수거장
경동택배 방문수거 금액,경동택배 방문수거,1,1,,,경동택배 방문수거
경동택배 방문수거 박스,경동택배 방문수거,1,1,,,경동택배 방문수거
경동택배 방문수거 비용,경동택배 방문수거,1,1,,,경동택배 방문수거
경동택배 방문수거 예약,경동택배 방문수거,1,1,,,경동택배 방문수거
경동택배 방문수거 접수,경동택배 방문수거,1,1,,,경동택배 방문수거
쓰레기 분리배출 날짜,쓰레기 분리배출,1,1,,,쓰레기 분리배출
쓰레기 분리배출 시간,쓰레기 분리배출,1,1,,,쓰레기 분리배출
쓰레기 분리배출 신고,쓰레기 분리배출,1,1,,,쓰레기 분리배출
우체국 방문수거 당일,우체국 방문수거,1,1,,,우체국 방문수거
우체국 방문수거 비용,우체국 방문수거,1,1,,,우체국 방문수거
우체국 방문수거 시간,우체국 방문수거,1,1,,,우체국 방문수거
우체국 방문수거 접수,우체국 방문수거,1,1,,,우체국 방문수거
우체국 방문수거 택배,우체국 방문수거,1,1,,,우체국 방문수거
가전제품 무상수거 업체,가전제품 무상수거,2,1,,,가전제품 무상수거
가전제품 무상수거 전화번호,가전제품 무상수거,2,1,,,가전제품 무상수거
가전제품 무상수거 품목,가전제품 무상수거,1,1,,,가전제품 무상수거
소형가전 무상수거,소형가전 무상수거,1,1,,,가전무상수거
소형가전 무상수거 대상,소형가전 무상수거,1,1,,,소형가전 무상수거
Pp마대 구입방법,Pp마대 구입방법,1,1,,,PP마대
Pp마대 버리는방법,Pp마대 버리는방법,1,1,,,PP마대
pp마대 20kg,pp마대 20kg,1,1,,,PP마대
pp마대 40kg,pp마대 40kg,1,1,,,PP마대
pp마대 뜻,pp마대 뜻,1,1,,,PP마대
pp마대 사이즈,pp마대 사이즈,1,1,,,PP마대
pp마대 중고,pp마대 중고,1,1,,,PP마대
pp마대 파는곳,pp마대 파는곳,1,1,,,PP마대
가전 무상 수거 서비스,가전 무상,1,1,,,가전무상수거
가전 무상수거 업체,가전 무상수거,2,1,,,가전무상수거
가전무상수거센터,가전무상수거센터,1,1,,,가전무상수거
가전제품 무상 수거 서비스,가전제품 무상,1,1,,,가전제품 무상수거
무료 수거 업체,무료 수거,1,1,,,무료수거
방문수거 업체,방문수거 업체,1,1,,,방문수거
스토커신고,스토커신고,1,1,,,스티커
쓰레기 분리배출뜻,쓰레기 분리배출뜻,1,1,,,쓰레기 분리배출
쓰레기 분리배출통,쓰레기 분리배출통,1,1,,,쓰레기 분리배출
일본 쓰레기 분리배출,일본 쓰레기,1,1,,,쓰레기 분리배출
폐가 굳는 질환,폐가 굳는,1,1,,,폐가구
아파트 분리수거장,아파트 분리수거장,1,1,,y,아파트 분리수거장
아파트 분리수거장 가격,아파트 분리수거장,1,1,,y,아파트 분리수거장
아파트 분리수거장 설치,아파트 분리수거장,1,1,,y,아파트 분리수거장
경동택배 방문수거,경동택배 방문수거,2,2,,y,경동택배 방문수거|방문수거
경동택배 방문수거 방법,경동택배 방문수거,1,1,,y,경동택배 방문수거
경동택배 방문수거 신청,경동택배 방문수거,1,1,,y,경동택배 방문수거
쓰레기 분리배출,쓰레기 분리배출,1,1,,y,쓰레기 분리배출
쓰레기 분리배출 방법,쓰레기 분리배출,1,1,,y,쓰레기 분리배출
쓰레기 분리배출 종류,쓰레기 분리배출,1,1,,y,쓰레기 분리배출
우체국 방문수거,우체국 방문수거,2,2,,y,방문수거|우체국 방문수거
우체국 방문수거 가격,우체국 방문수거,1,1,,y,우체국 방문수거
우체국 방문수거 신청,우체국 방문수거,1,1,,y,우체국 방문수거
가전제품 무상수거,가전제품 무상수거,1,1,,y,가전제품 무상수거
가전제품 무료수거,가전제품 무료수거,2,2,,y,가전제품 무료수거|무료수거
가전제품 무료수거 신청,가전제품 무료수거,1,1,,y,가전제품 무료수거
원룸 쓰레기통,원룸 쓰레기통,1,1,,y,원룸 쓰레기통
원룸 쓰레기통 배치방법,원룸 쓰레기통,1,1,,y,원룸 쓰레기통
pe폼 분리배출,pe폼 분리배출,1,1,,y,pe폼 분리배출
pp마대,pp마대,1,1,,y,PP마대
pp마대 가격,pp마대 가격,2,2,,y,PP마대|pp마대 가격
가전무상수거,가전무상수거,1,1,,y,가전무상수거
대형가전 무상수거,대형가전 무상수거,1,1,,y,가전무상수거
무료수거,무료수거,1,1,,y,무료수거
우체국 방문 수거 방법,우체국 방문,1,1,,y,우체국 방문수거
유품정리 비용예상,유품정리 비용예상,1,1,,y,유품정리비용
유품정리비용,유품정리비용,1,1,,y,유품정리비용
전자제품 무료수거,전자제품 무료수거,1,1,,y,무료수거
클린하우스 시간,클린하우스 시간,1,1,,y,클린하우스 시간
클린하우스 요일,클린하우스 요일,1,1,,y,클린하우스 요일
택배 방문수거,택배 방문수거,1,1,,y,방문수거
헌책방문수거,헌책방문수거,1,1,,y,방문수거
불연성 쓰레기봉투 구매처,불연성 쓰레기봉투,1,1,jongryangje-bongtu,,불연성 쓰레기봉투
불연성 쓰레기봉투 버리는법,불연성 쓰레기봉투,1,1,jongryangje-bongtu,,불연성 쓰레기봉투
불연성 쓰레기봉투 용량,불연성 쓰레기봉투,1,1,jongryangje-bongtu,,불연성 쓰레기봉투
불연성 쓰레기봉투 크기,불연성 쓰레기봉투,1,1,jongryangje-bongtu,,불연성 쓰레기봉투
불연성 쓰레기봉투 파는 곳,불연성 쓰레기봉투,1,1,jongryangje-bongtu,,불연성 쓰레기봉투
불연성 쓰레기봉투 판매처,불연성 쓰레기봉투,1,1,jongryangje-bongtu,,불연성 쓰레기봉투
불연성 쓰레기봉투 판매처 조회,불연성 쓰레기봉투,1,1,jongryangje-bongtu,,불연성 쓰레기봉투
불연성 쓰레기봉투 편의점,불연성 쓰레기봉투,1,1,jongryangje-bongtu,,불연성 쓰레기봉투
음식물 종량제봉투 10리터,음식물 종량제봉투,1,1,jongryangje-bongtu,,음식물 종량제봉투
음식물 종량제봉투 1l,음식물 종량제봉투,1,1,jongryangje-bongtu,,음식물 종량제봉투
음식물 종량제봉투 2리터,음식물 종량제봉투,1,1,jongryangje-bongtu,,음식물 종량제봉투
음식물 종량제봉투 3리터,음식물 종량제봉투,1,1,jongryangje-bongtu,,음식물 종량제봉투
음식물 종량제봉투 구매방법,음식물 종량제봉투,1,1,jongryangje-bongtu,,음식물 종량제봉투
음식물 종량제봉투 규격,음식물 종량제봉투,1,1,jongryangje-bongtu,,음식물 종량제봉투
음식물 종량제봉투 버리는법,음식물 종량제봉투,1,1,jongryangje-bongtu,,음식물 종량제봉투
100리터 쓰레기봉투,100리터 쓰레기봉투,1,1,jongryangje-bongtu,,100리터 쓰레기봉투
100리터 쓰레기봉투 거치대,100리터 쓰레기봉투,1,1,jongryangje-bongtu,,100리터 쓰레기봉투
100리터 쓰레기봉투 구매처,100리터 쓰레기봉투,1,1,jongryangje-bongtu,,100리터 쓰레기봉투
100리터 쓰레기봉투 금액,100리터 쓰레기봉투,1,1,jongryangje-bongtu,,100리터 쓰레기봉투
100리터 쓰레기봉투 사이즈,100리터 쓰레기봉투,1,1,jongryangje-bongtu,,100리터 쓰레기봉투
100리터 쓰레기봉투 수거,100리터 쓰레기봉투,1,1,jongryangje-bongtu,,100리터 쓰레기봉투
100리터 쓰레기봉투 크기,100리터 쓰레기봉투,1,1,jongryangje-bongtu,,100리터 쓰레기봉투
100리터 쓰레기봉투 판매처,100리터 쓰레기봉투,1,1,jongryangje-bongtu,,100리터 쓰레기봉투
20l 쓰레기봉투 10장,20l 쓰레기봉투,1,1,jongryangje-bongtu,,20l 쓰레기봉투
20l 쓰레기봉투 거치대,20l 쓰레기봉투,1,1,jongryangje-bongtu,,20l 쓰레기봉투
20l 쓰레기봉투 규격,20l 쓰레기봉투,1,1,jongryangje-bongtu,,20l 쓰레기봉투
20l 쓰레기봉투 묶음 가격,20l 쓰레기봉투,1,1,jongryangje-bongtu,,20l 쓰레기봉투
20l 쓰레기봉투 사이즈,20l 쓰레기봉투,1,1,jongryangje-bongtu,,20l 쓰레기봉투
20l 쓰레기봉투 크기,20l 쓰레기봉투,1,1,jongryangje-bongtu,,20l 쓰레기봉투
20l 쓰레기봉투 한묶음 가격,20l 쓰레기봉투,1,1,jongryangje-bongtu,,20l 쓰레기봉투
20l 쓰레기봉투 휴지통,20l 쓰레기봉투,1,1,jongryangje-bongtu,,20l 쓰레기봉투
대형폐기물 스티커 신고,대형폐기물 스티커,1,1,daehyeong-pyegimul-singo,,대형폐기물 스티커
대형폐기물 스티커 앱,대형폐기물 스티커,1,1,daehyeong-pyegimul-singo,,대형폐기물 스티커
대형폐기물 스티커 인터넷 구매,대형폐기물 스티커,1,1,daehyeong-pyegimul-singo,,대형폐기물 스티커
대형폐기물 스티커 차이,대형폐기물 스티커,1,1,daehyeong-pyegimul-singo,,대형폐기물 스티커
쓰레기봉투 50리터,쓰레기봉투 50리터,1,1,jongryangje-bongtu,,쓰레기봉투 50리터
쓰레기봉투 50리터 1묶음,쓰레기봉투 50리터,1,1,jongryangje-bongtu,,쓰레기봉투 50리터
쓰레기봉투 50리터 사이즈,쓰레기봉투 50리터,1,1,jongryangje-bongtu,,쓰레기봉투 50리터
쓰레기봉투 50리터 크기,쓰레기봉투 50리터,1,1,jongryangje-bongtu,,쓰레기봉투 50리터
쓰레기봉투 50리터 파는곳,쓰레기봉투 50리터,1,1,jongryangje-bongtu,,쓰레기봉투 50리터
쓰레기봉투 50리터 편의점,쓰레기봉투 50리터,1,1,jongryangje-bongtu,,쓰레기봉투 50리터
쓰레기봉투 50리터 한묶음,쓰레기봉투 50리터,1,1,jongryangje-bongtu,,쓰레기봉투 50리터
편의점 쓰레기봉투 10리터,편의점 쓰레기봉투,1,1,jongryangje-bongtu,,편의점 쓰레기봉투
편의점 쓰레기봉투 20리터,편의점 쓰레기봉투,1,1,jongryangje-bongtu,,편의점 쓰레기봉투
편의점 쓰레기봉투 50l,편의점 쓰레기봉투,1,1,jongryangje-bongtu,,편의점 쓰레기봉투
편의점 쓰레기봉투 75리터,편의점 쓰레기봉투,1,1,jongryangje-bongtu,,편의점 쓰레기봉투
편의점 쓰레기봉투 낱개,편의점 쓰레기봉투,1,1,jongryangje-bongtu,,편의점 쓰레기봉투
편의점 쓰레기봉투 묶음,편의점 쓰레기봉투,1,1,jongryangje-bongtu,,편의점 쓰레기봉투
편의점 쓰레기봉투 크기,편의점 쓰레기봉투,1,1,jongryangje-bongtu,,편의점 쓰레기봉투
쓰레기 분리배출 과태료,쓰레기 분리배출,1,1,jongryangje-bongtu,,쓰레기 분리배출
쓰레기 분리배출 스티커,쓰레기 분리배출,1,1,daehyeong-pyegimul-singo,,쓰레기 분리배출
쓰레기 종량제,쓰레기 종량제,1,1,jongryangje-bongtu,,쓰레기 종량제
쓰레기 종량제 뜻,쓰레기 종량제,1,1,jongryangje-bongtu,,쓰레기 종량제
쓰레기 종량제 봉투,쓰레기 종량제,1,1,jongryangje-bongtu,,쓰레기 종량제
쓰레기 종량제 봉투 지역,쓰레기 종량제,1,1,jongryangje-bongtu,,쓰레기 종량제
쓰레기 종량제 봉투 파는곳,쓰레기 종량제,1,1,jongryangje-bongtu,,쓰레기 종량제
쓰레기 종량제 시행시기,쓰레기 종량제,1,1,jongryangje-bongtu,,쓰레기 종량제
쓰레기봉투 100리터 거치대,쓰레기봉투 100리터,1,1,jongryangje-bongtu,,쓰레기봉투 100리터
쓰레기봉투 100리터 구입처,쓰레기봉투 100리터,1,1,jongryangje-bongtu,,쓰레기봉투 100리터
쓰레기봉투 100리터 사이즈,쓰레기봉투 100리터,1,1,jongryangje-bongtu,,쓰레기봉투 100리터
쓰레기봉투 100리터 종량제,쓰레기봉투 100리터,1,1,jongryangje-bongtu,,쓰레기봉투 100리터
쓰레기봉투 100리터 크기,쓰레기봉투 100리터,1,1,jongryangje-bongtu,,쓰레기봉투 100리터
쓰레기봉투 100리터 편의점,쓰레기봉투 100리터,1,1,jongryangje-bongtu,,쓰레기봉투 100리터
쓰레기봉투 사이즈 10리터,쓰레기봉투 사이즈,1,1,jongryangje-bongtu,,쓰레기봉투 사이즈
쓰레기봉투 사이즈 30리터,쓰레기봉투 사이즈,1,1,jongryangje-bongtu,,쓰레기봉투 사이즈
쓰레기봉투 사이즈 5리터,쓰레기봉투 사이즈,1,1,jongryangje-bongtu,,쓰레기봉투 사이즈
쓰레기봉투 사이즈 75,쓰레기봉투 사이즈,1,1,jongryangje-bongtu,,쓰레기봉투 사이즈
쓰레기봉투 사이즈 비교,쓰레기봉투 사이즈,1,1,jongryangje-bongtu,,쓰레기봉투 사이즈
쓰레기봉투 사이즈 종류,쓰레기봉투 사이즈,1,1,jongryangje-bongtu,,쓰레기봉투 사이즈
쓰레기봉투 20리터 거치대,쓰레기봉투 20리터,1,1,jongryangje-bongtu,,쓰레기봉투 20리터
쓰레기봉투 20리터 묶음 가격,쓰레기봉투 20리터,1,1,jongryangje-bongtu,,쓰레기봉투 20리터
쓰레기봉투 20리터 사이즈,쓰레기봉투 20리터,1,1,jongryangje-bongtu,,쓰레기봉투 20리터
쓰레기봉투 20리터 쓰레기통,쓰레기봉투 20리터,1,1,jongryangje-bongtu,,쓰레기봉투 20리터
쓰레기봉투 20리터 크기,쓰레기봉투 20리터,1,1,jongryangje-bongtu,,쓰레기봉투 20리터
이사 쓰레기봉투 50리터,이사 쓰레기봉투,1,1,jongryangje-bongtu,,이사 쓰레기봉투
이사 쓰레기봉투 몇장,이사 쓰레기봉투,1,1,jongryangje-bongtu,,이사 쓰레기봉투
이사 쓰레기봉투 스티커,이사 쓰레기봉투,1,1,jongryangje-bongtu,,이사 쓰레기봉투
종량제 봉투 인터넷 구매,종량제 봉투,1,1,jongryangje-bongtu,,종량제봉투
종량제 봉투 인터넷 구입,종량제 봉투,1,1,jongryangje-bongtu,,종량제봉투
종량제 봉투 인터넷 주문,종량제 봉투,1,1,jongryangje-bongtu,,종량제봉투
폐가전 무상방문수거 예약,폐가전 무상방문수거,2,2,pyegajeon-musang-sugeo,,무상방문수거|폐가전 무상방문수거
폐가전 무상방문수거 서비스,폐가전 무상방문수거,1,1,pyegajeon-musang-sugeo,,폐가전 무상방문수거
폐가전 무상방문수거 세탁기,폐가전 무상방문수거,1,1,pyegajeon-musang-sugeo,,폐가전 무상방문수거
폐가전 무상방문수거 에어컨,폐가전 무상방문수거,1,1,pyegajeon-musang-sugeo,,폐가전 무상방문수거
폐가전 무상방문수거 홈페이지,폐가전 무상방문수거,1,1,pyegajeon-musang-sugeo,,폐가전 무상방문수거
폐가전 무상방문수거 후기,폐가전 무상방문수거,1,1,pyegajeon-musang-sugeo,,폐가전 무상방문수거
50l 종량제 봉투,50l 종량제,1,1,jongryangje-bongtu,,50l 종량제
50l 종량제 사이즈,50l 종량제,1,1,jongryangje-bongtu,,50l 종량제
50l 종량제 편의점,50l 종량제,1,1,jongryangje-bongtu,,50l 종량제
50l 종량제 한묶음 가격,50l 종량제,1,1,jongryangje-bongtu,,50l 종량제
고물상 자전거 판매,고물상 자전거,1,1,heonot-bangmun-sugeo,,고물상 자전거
고물상 자전거 팔기,고물상 자전거,1,1,heonot-bangmun-sugeo,,고물상 자전거
고물상 자전거 폐기 방법,고물상 자전거,1,1,heonot-bangmun-sugeo,,고물상 자전거
분리배출 스티커 발급,분리배출 스티커,1,1,daehyeong-pyegimul-singo,,분리배출 스티커
분리배출 스티커 파는 곳,분리배출 스티커,1,1,daehyeong-pyegimul-singo,,분리배출 스티커
분리배출 스티커 편의점,분리배출 스티커,1,1,daehyeong-pyegimul-singo,,분리배출 스티커
50리터 종량제,50리터 종량제,1,1,jongryangje-bongtu,,50리터 종량제
50리터 종량제 크기,50리터 종량제,1,1,jongryangje-bongtu,,50리터 종량제
50리터 종량제 편의점,50리터 종량제,1,1,jongryangje-bongtu,,50리터 종량제
고물상 창업 비용,고물상 창업,1,1,heonot-bangmun-sugeo,,고물상 창업
고물상 창업 절차,고물상 창업,1,1,heonot-bangmun-sugeo,,고물상 창업
고물상 헌옷 시세,고물상 헌옷,1,1,heonot-bangmun-sugeo,,고물상 헌옷
고물상 헌옷 팔기,고물상 헌옷,1,1,heonot-bangmun-sugeo,,고물상 헌옷
생활폐기물 신고 앱,생활폐기물 신고,2,1,daehyeong-pyegimul-singo,,생활폐기물 신고
생활폐기물 신고 사이트,생활폐기물 신고,1,1,daehyeong-pyegimul-singo,,생활폐기물 신고
폐가전 무료수거 업체,폐가전 무료수거,1,1,pyegajeon-musang-sugeo,,폐가전 무료수거
폐가전 무료수거 전화번호,폐가전 무료수거,1,1,pyegajeon-musang-sugeo,,폐가전 무료수거
스티커 업체,스티커 업체,1,1,daehyeong-pyegimul-singo,,스티커
스티커 업체 비교,스티커 업체,1,1,daehyeong-pyegimul-singo,,스티커
스티커 업체 추천,스티커 업체,1,1,daehyeong-pyegimul-singo,,스티커
폐기물 스티커 인터넷 신청,폐기물 스티커,1,1,daehyeong-pyegimul-singo,,스티커 인터넷
50리터 종량제봉투,50리터 종량제봉투,1,1,jongryangje-bongtu,,50리터 종량제
가전 무료수거 전화번호,가전 무료수거,1,1,pyegajeon-musang-sugeo,,가전 무료수거
근처 의류수거함 찾는법,근처 의류수거함,1,1,heonot-bangmun-sugeo,,근처 의류수거함
대형 폐기물 수거 업체 비용,대형 폐기물,1,1,daehyeong-pyegimul-singo,,대형폐기물 수거
대형 폐기물 스티커 인터넷 구매 방법,대형 폐기물,1,1,daehyeong-pyegimul-singo,,대형폐기물 스티커
대형폐기물 신고 앱,대형폐기물 신고,1,1,daehyeong-pyegimul-singo,,대형폐기물 신고
대형폐기물 앱,대형폐기물 앱,1,1,daehyeong-pyegimul-singo,,대형폐기물
대형폐기물 앱 신고,대형폐기물 앱,1,1,daehyeong-pyegimul-singo,,대형폐기물
소형가전 무료수거 품목,소형가전 무료수거,1,1,pyegajeon-musang-sugeo,,가전 무료수거
종량제봉투 가격 차이,종량제봉투 가격,1,1,jongryangje-bongtu,,종량제봉투 가격
종량제봉투 인터넷,종량제봉투 인터넷,1,1,jongryangje-bongtu,,종량제봉투
종량제봉투 인터넷 구매처,종량제봉투 인터넷,1,1,jongryangje-bongtu,,종량제봉투
폐가전 수거 업체,폐가전 수거,1,1,pyegajeon-musang-sugeo,,폐가전수거
폐가전 수거 업체 찾기,폐가전 수거,1,1,pyegajeon-musang-sugeo,,폐가전수거
폐가전 신고,폐가전 신고,1,1,pyegajeon-musang-sugeo,,폐가전
폐가전 신고 방법,폐가전 신고,1,1,pyegajeon-musang-sugeo,,폐가전
폐가전 판매,폐가전 판매,1,1,pyegajeon-musang-sugeo,,폐가전
폐가전 판매 업체,폐가전 판매,1,1,pyegajeon-musang-sugeo,,폐가전 판매
100리터 쓰레기봉투값,100리터 쓰레기봉투값,1,1,jongryangje-bongtu,,100리터 쓰레기봉투
20L 쓰레기봉투,20L 쓰레기봉투,1,1,jongryangje-bongtu,,20l 쓰레기봉투
50L 종량제,50L 종량제,1,1,jongryangje-bongtu,,50l 종량제
50l 종량제봉투 파는곳,50l 종량제봉투,1,1,jongryangje-bongtu,,50l 종량제
고물상 신고,고물상 신고,1,1,heonot-bangmun-sugeo,,고물상
고물상 신고방법,고물상 신고방법,1,1,heonot-bangmun-sugeo,,고물상
굿노트 스티커 무료,굿노트 스티커,1,1,daehyeong-pyegimul-singo,,스티커
근처 의류 수거함 위치,근처 의류,1,1,heonot-bangmun-sugeo,,근처 의류수거함
대형가전 무료수거,대형가전 무료수거,1,1,pyegajeon-musang-sugeo,,가전 무료수거
대형생활폐기물 신고,대형생활폐기물 신고,1,1,daehyeong-pyegimul-singo,,생활폐기물 신고
대형폐기물,대형폐기물,1,1,daehyeong-pyegimul-singo,,대형폐기물
대형폐기물 기준,대형폐기물 기준,1,1,daehyeong-pyegimul-singo,,대형폐기물
대형폐기물 무료수거,대형폐기물 무료수거,1,1,daehyeong-pyegimul-singo,,대형폐기물
대형폐기물 수거,대형폐기물 수거,1,1,daehyeong-pyegimul-singo,,대형폐기물
대형폐기물 수거업체,대형폐기물 수거업체,1,1,daehyeong-pyegimul-singo,,대형폐기물 수거
대형폐기물 신고인터넷,대형폐기물 신고인터넷,1,1,daehyeong-pyegimul-singo,,대형폐기물 신고
대형폐기물 업체,대형폐기물 업체,1,1,daehyeong-pyegimul-singo,,대형폐기물
대형폐기물 인터넷,대형폐기물 인터넷,1,1,daehyeong-pyegimul-singo,,대형폐기물
대형폐기물 인터넷신고,대형폐기물 인터넷신고,2,1,daehyeong-pyegimul-singo,,대형폐기물
대형폐기물업체처리방법,대형폐기물업체처리방법,1,1,daehyeong-pyegimul-singo,,대형폐기물
라벨스티커,라벨스티커,1,1,daehyeong-pyegimul-singo,,스티커
무료폐가전수거,무료폐가전수거,1,1,pyegajeon-musang-sugeo,,폐가전
무상방문수거,무상방문수거,1,1,pyegajeon-musang-sugeo,,무상방문수거
무상방문수거 냉장고,무상방문수거 냉장고,1,1,pyegajeon-musang-sugeo,,무상방문수거
무상방문수거 뜻,무상방문수거 뜻,1,1,pyegajeon-musang-sugeo,,무상방문수거
무상방문수거 사이트,무상방문수거 사이트,1,1,pyegajeon-musang-sugeo,,무상방문수거
무상방문수거 신청,무상방문수거 신청,2,2,pyegajeon-musang-sugeo,,무상방문수거|무상방문수거 신청
무상방문수거 후기,무상방문수거 후기,1,1,pyegajeon-musang-sugeo,,무상방문수거
방문수거 고물상,방문수거 고물상,1,1,heonot-bangmun-sugeo,,방문수거 고물상
벽스티커,벽스티커,1,1,daehyeong-pyegimul-singo,,스티커
분리배출스티커출력,분리배출스티커출력,1,1,daehyeong-pyegimul-singo,,분리배출 스티커
블로그 스티커 무료,블로그 스티커,1,1,daehyeong-pyegimul-singo,,스티커
생활가전 무료수거,생활가전 무료수거,1,1,pyegajeon-musang-sugeo,,가전 무료수거
생활폐기물 신고필증,생활폐기물 신고필증,1,1,daehyeong-pyegimul-singo,,생활폐기물 신고
소형가전 무료수거함,소형가전 무료수거함,1,1,pyegajeon-musang-sugeo,,가전 무료수거
소형폐가전 무료수거,소형폐가전 무료수거,2,2,pyegajeon-musang-sugeo,,폐가전|폐가전 무료수거
소형폐가전 수거함,소형폐가전 수거함,1,1,pyegajeon-musang-sugeo,,폐가전
스티커,스티커,1,1,daehyeong-pyegimul-singo,,스티커
스티커 무료나눔,스티커 무료나눔,1,1,daehyeong-pyegimul-singo,,스티커
스티커 주문제작 업체,스티커 주문제작,1,1,daehyeong-pyegimul-singo,,스티커주문제작
스티커만들기,스티커만들기,1,1,daehyeong-pyegimul-singo,,스티커
스티커앱사용방법,스티커앱사용방법,1,1,daehyeong-pyegimul-singo,,스티커
스티커종류,스티커종류,1,1,daehyeong-pyegimul-singo,,스티커
스티커주문제작,스티커주문제작,1,1,daehyeong-pyegimul-singo,,스티커
스티커프로그램,스티커프로그램,1,1,daehyeong-pyegimul-singo,,스티커
유아스티커,유아스티커,1,1,daehyeong-pyegimul-singo,,스티커
음식물쓰레기 종량제,음식물쓰레기 종량제,1,1,jongryangje-bongtu,,쓰레기 종량제
음식물쓰레기 종량제봉투,음식물쓰레기 종량제봉투,1,1,jongryangje-bongtu,,쓰레기 종량제
인스타 스티커 무료,인스타 스티커,1,1,daehyeong-pyegimul-singo,,스티커
장애인 스티커 기준,장애인 스티커,2,2,daehyeong-pyegimul-singo,,스티커|장애인 스티커
재활용 스티커 기준,재활용 스티커,2,2,daehyeong-pyegimul-singo,,스티커|재활용 스티커
종량제 쓰레기봉투 사이즈,종량제 쓰레기봉투,1,1,jongryangje-bongtu,,쓰레기봉투 사이즈
종량제봉투 기준,종량제봉투 기준,1,1,jongryangje-bongtu,,종량제봉투
종량제봉투 무료,종량제봉투 무료,1,1,jongryangje-bongtu,,종량제봉투
종량제봉투 차이,종량제봉투 차이,1,1,jongryangje-bongtu,,종량제봉투
중고가전 무료수거,중고가전 무료수거,1,1,pyegajeon-musang-sugeo,,가전 무료수거
편의점 쓰레기봉투값,편의점 쓰레기봉투값,1,1,jongryangje-bongtu,,편의점 쓰레기봉투
폐가구무상수거,폐가구무상수거,1,1,pyegagu-mulyo-sugeo,,폐가구
폐가구인터넷신청방법,폐가구인터넷신청방법,1,1,pyegagu-mulyo-sugeo,,폐가구
폐가전,폐가전,1,1,pyegajeon-musang-sugeo,,폐가전
폐가전 버리기,폐가전 버리기,1,1,pyegajeon-musang-sugeo,,폐가전
폐가전수거,폐가전수거,1,1,pyegajeon-musang-sugeo,,폐가전
폐가전수거함,폐가전수거함,1,1,pyegajeon-musang-sugeo,,폐가전
헌옷방문수거앱,헌옷방문수거앱,1,1,heonot-bangmun-sugeo,,헌옷 방문수거
헌옷방문수거업체,헌옷방문수거업체,3,2,heonot-bangmun-sugeo,,방문수거|헌옷 방문수거
헌옷방문수거업체 가격,헌옷방문수거업체 가격,1,1,heonot-bangmun-sugeo,,헌옷 방문수거
헌옷방문수거전화번호,헌옷방문수거전화번호,1,1,heonot-bangmun-sugeo,,헌옷 방문수거
불연성 쓰레기봉투,불연성 쓰레기봉투,1,1,jongryangje-bongtu,y,불연성 쓰레기봉투
불연성 쓰레기봉투 가격,불연성 쓰레기봉투,1,1,jongryangje-bongtu,y,불연성 쓰레기봉투
음식물 종량제봉투,음식물 종량제봉투,2,2,jongryangje-bongtu,y,음식물 종량제봉투|종량제봉투
음식물 종량제봉투 1리터,음식물 종량제봉투,1,1,jongryangje-bongtu,y,음식물 종량제봉투
음식물 종량제봉투 용량,음식물 종량제봉투,1,1,jongryangje-bongtu,y,음식물 종량제봉투
100리터 쓰레기봉투 가격,100리터 쓰레기봉투,2,2,jongryangje-bongtu,y,100리터 쓰레기봉투|쓰레기봉투 가격
20l 쓰레기봉투 가격,20l 쓰레기봉투,2,2,jongryangje-bongtu,y,20l 쓰레기봉투|쓰레기봉투 가격
대형폐기물 스티커 기준,대형폐기물 스티커,4,3,daehyeong-pyegimul-singo,y,대형폐기물 스티커|스티커|폐기물 스티커
대형폐기물 스티커,대형폐기물 스티커,2,2,daehyeong-pyegimul-singo,y,대형폐기물|대형폐기물 스티커
대형폐기물 스티커 가격,대형폐기물 스티커,1,1,daehyeong-pyegimul-singo,y,대형폐기물 스티커
대형폐기물 스티커 파는곳,대형폐기물 스티커,1,1,daehyeong-pyegimul-singo,y,대형폐기물 스티커
대형폐기물 스티커 편의점,대형폐기물 스티커,1,1,daehyeong-pyegimul-singo,y,대형폐기물 스티커
쓰레기봉투 50리터 가격,쓰레기봉투 50리터,1,1,jongryangje-bongtu,y,쓰레기봉투 50리터
쓰레기봉투 50리터 가격 편의점,쓰레기봉투 50리터,1,1,jongryangje-bongtu,y,쓰레기봉투 50리터
편의점 쓰레기봉투 가격,편의점 쓰레기봉투,2,2,jongryangje-bongtu,y,쓰레기봉투 가격|편의점 쓰레기봉투
편의점 쓰레기봉투,편의점 쓰레기봉투,1,1,jongryangje-bongtu,y,편의점 쓰레기봉투
쓰레기 종량제 가격,쓰레기 종량제,1,1,jongryangje-bongtu,y,쓰레기 종량제
쓰레기 종량제 봉투 가격,쓰레기 종량제,1,1,jongryangje-bongtu,y,쓰레기 종량제
쓰레기봉투 100리터,쓰레기봉투 100리터,1,1,jongryangje-bongtu,y,쓰레기봉투 100리터
쓰레기봉투 100리터 가격,쓰레기봉투 100리터,1,1,jongryangje-bongtu,y,쓰레기봉투 100리터
쓰레기봉투 사이즈,쓰레기봉투 사이즈,1,1,jongryangje-bongtu,y,쓰레기봉투 사이즈
쓰레기봉투 사이즈 가격,쓰레기봉투 사이즈,1,1,jongryangje-bongtu,y,쓰레기봉투 사이즈
쓰레기봉투 20리터,쓰레기봉투 20리터,1,1,jongryangje-bongtu,y,쓰레기봉투 20리터
쓰레기봉투 20리터 가격,쓰레기봉투 20리터,1,1,jongryangje-bongtu,y,쓰레기봉투 20리터
이사 쓰레기봉투,이사 쓰레기봉투,1,1,jongryangje-bongtu,y,이사 쓰레기봉투
이사 쓰레기봉투 75리터,이사 쓰레기봉투,1,1,jongryangje-bongtu,y,이사 쓰레기봉투
이사 쓰레기봉투 교환,이사 쓰레기봉투,1,1,jongryangje-bongtu,y,이사 쓰레기봉투
이사 쓰레기봉투 환불,이사 쓰레기봉투,1,1,jongryangje-bongtu,y,이사 쓰레기봉투
종량제 봉투 규격 가격,종량제 봉투,1,1,jongryangje-bongtu,y,종량제봉투 규격
종량제 봉투 규격 종류,종량제 봉투,1,1,jongryangje-bongtu,y,종량제봉투 규격
종량제 봉투 사이즈,종량제 봉투,1,1,jongryangje-bongtu,y,종량제봉투
종량제 봉투 종류 가격,종량제 봉투,1,1,jongryangje-bongtu,y,종량제봉투 종류
폐가전 무상방문수거,폐가전 무상방문수거,3,3,pyegajeon-musang-sugeo,y,무상방문수거|방문수거|폐가전 무상방문수거
50l 종량제 가격,50l 종량제,1,1,jongryangje-bongtu,y,50l 종량제
50l 종량제 봉투 가격,50l 종량제,1,1,jongryangje-bongtu,y,50l 종량제
고물상 자전거,고물상 자전거,1,1,heonot-bangmun-sugeo,y,고물상 자전거
고물상 자전거 가격,고물상 자전거,1,1,heonot-bangmun-sugeo,y,고물상 자전거
분리배출 스티커,분리배출 스티커,1,1,daehyeong-pyegimul-singo,y,분리배출 스티커
분리배출 스티커 가격,분리배출 스티커,1,1,daehyeong-pyegimul-singo,y,분리배출 스티커
음식물쓰레기봉투 가격,음식물쓰레기봉투 가격,2,2,jongryangje-bongtu,y,쓰레기봉투 가격|음식물쓰레기봉투 가격
음식물쓰레기봉투 가격 1리터,음식물쓰레기봉투 가격,1,1,jongryangje-bongtu,y,음식물쓰레기봉투 가격
음식물쓰레기봉투 가격 2리터,음식물쓰레기봉투 가격,1,1,jongryangje-bongtu,y,음식물쓰레기봉투 가격
음식물쓰레기봉투 가격 3리터,음식물쓰레기봉투 가격,1,1,jongryangje-bongtu,y,음식물쓰레기봉투 가격
음식물쓰레기봉투 가격 5리터,음식물쓰레기봉투 가격,1,1,jongryangje-bongtu,y,음식물쓰레기봉투 가격
종량제봉투 파는곳,종량제봉투 파는곳,2,2,jongryangje-bongtu,y,종량제봉투|종량제봉투 파는곳
종량제봉투 파는곳 동탄,종량제봉투 파는곳,1,1,jongryangje-bongtu,y,종량제봉투 파는곳
종량제봉투 파는곳 마트,종량제봉투 파는곳,1,1,jongryangje-bongtu,y,종량제봉투 파는곳
종량제봉투 파는곳 온라인,종량제봉투 파는곳,1,1,jongryangje-bongtu,y,종량제봉투 파는곳
종량제봉투 파는곳 편의점,종량제봉투 파는곳,1,1,jongryangje-bongtu,y,종량제봉투 파는곳
50리터 종량제 가격,50리터 종량제,1,1,jongryangje-bongtu,y,50리터 종량제
고물상 창업,고물상 창업,1,1,heonot-bangmun-sugeo,y,고물상 창업
고물상 창업 방법,고물상 창업,1,1,heonot-bangmun-sugeo,y,고물상 창업
고물상 헌옷,고물상 헌옷,1,1,heonot-bangmun-sugeo,y,고물상 헌옷
고물상 헌옷 가격,고물상 헌옷,1,1,heonot-bangmun-sugeo,y,고물상 헌옷
생활폐기물 신고,생활폐기물 신고,1,1,daehyeong-pyegimul-singo,y,생활폐기물 신고
생활폐기물 신고 방법,생활폐기물 신고,1,1,daehyeong-pyegimul-singo,y,생활폐기물 신고
쓰레기봉투 규격,쓰레기봉투 규격,1,1,jongryangje-bongtu,y,쓰레기봉투 규격
쓰레기봉투 규격 가격,쓰레기봉투 규격,1,1,jongryangje-bongtu,y,쓰레기봉투 규격
쓰레기봉투 규격 비교,쓰레기봉투 규격,1,1,jongryangje-bongtu,y,쓰레기봉투 규격
쓰레기봉투 규격 사이즈,쓰레기봉투 규격,1,1,jongryangje-bongtu,y,쓰레기봉투 규격
폐가전 무료수거,폐가전 무료수거,4,3,pyegajeon-musang-sugeo,y,무료수거|폐가전|폐가전 무료수거
폐가전 무료수거 신청,폐가전 무료수거,2,2,pyegajeon-musang-sugeo,y,폐가전|폐가전 무료수거
쓰레기봉투 종류,쓰레기봉투 종류,1,1,jongryangje-bongtu,y,쓰레기봉투 종류
쓰레기봉투 종류 가격,쓰레기봉투 종류,1,1,jongryangje-bongtu,y,쓰레기봉투 종류
쓰레기봉투 종류 크기,쓰레기봉투 종류,1,1,jongryangje-bongtu,y,쓰레기봉투 종류
음식물쓰레기봉투 파는곳,음식물쓰레기봉투 파는곳,2,2,jongryangje-bongtu,y,쓰레기봉투 파는곳|음식물쓰레기봉투 파는곳
음식물쓰레기봉투 파는곳 검색,음식물쓰레기봉투 파는곳,1,1,jongryangje-bongtu,y,음식물쓰레기봉투 파는곳
음식물쓰레기봉투 파는곳 편의점,음식물쓰레기봉투 파는곳,1,1,jongryangje-bongtu,y,음식물쓰레기봉투 파는곳
폐기물 스티커 기준,폐기물 스티커,2,2,daehyeong-pyegimul-singo,y,스티커|폐기물 스티커
폐기물 스티커 인터넷,폐기물 스티커,1,1,daehyeong-pyegimul-singo,y,스티커 인터넷
50리터 종량제봉투 가격,50리터 종량제봉투,1,1,jongryangje-bongtu,y,50리터 종량제
가전 무료수거,가전 무료수거,2,2,pyegajeon-musang-sugeo,y,가전 무료수거|무료수거
근처 의류수거함,근처 의류수거함,1,1,heonot-bangmun-sugeo,y,근처 의류수거함
대형폐기물 신고,대형폐기물 신고,2,2,daehyeong-pyegimul-singo,y,대형폐기물|대형폐기물 신고
소형가전 무료수거,소형가전 무료수거,2,2,pyegajeon-musang-sugeo,y,가전 무료수거|무료수거
쓰레기봉투 파는곳,쓰레기봉투 파는곳,1,1,jongryangje-bongtu,y,쓰레기봉투 파는곳
쓰레기봉투 파는곳 편의점,쓰레기봉투 파는곳,1,1,jongryangje-bongtu,y,쓰레기봉투 파는곳
종량제봉투 가격,종량제봉투 가격,2,2,jongryangje-bongtu,y,종량제봉투|종량제봉투 가격
종량제봉투 과태료 대상,종량제봉투 과태료,2,1,jongryangje-bongtu,y,종량제봉투 과태료
종량제봉투 과태료,종량제봉투 과태료,1,1,jongryangje-bongtu,y,종량제봉투 과태료
종량제봉투 규격,종량제봉투 규격,1,1,jongryangje-bongtu,y,종량제봉투 규격
종량제봉투 규격 사이즈,종량제봉투 규격,1,1,jongryangje-bongtu,y,종량제봉투 규격
종량제봉투 환불,종량제봉투 환불,1,1,jongryangje-bongtu,y,종량제봉투 환불
종량제봉투 환불 동사무소,종량제봉투 환불,1,1,jongryangje-bongtu,y,종량제봉투 환불
가구재활용센터,가구재활용센터,1,1,pyegagu-mulyo-sugeo,y,가구재활용센터
고물상,고물상,1,1,heonot-bangmun-sugeo,y,고물상
고물상 가격,고물상 가격,1,1,heonot-bangmun-sugeo,y,고물상 가격
고물상 비용,고물상 비용,1,1,heonot-bangmun-sugeo,y,고물상 비용
고물상 시간,고물상 시간,1,1,heonot-bangmun-sugeo,y,고물상 시간
고물상수입,고물상수입,2,2,heonot-bangmun-sugeo,y,고물상|고물상수입
고물상자전거,고물상자전거,1,1,heonot-bangmun-sugeo,y,고물상
고물상창업,고물상창업,1,1,heonot-bangmun-sugeo,y,고물상
고물상헌옷,고물상헌옷,1,1,heonot-bangmun-sugeo,y,고물상
고물상헌옷가격키로,고물상헌옷가격키로,2,2,heonot-bangmun-sugeo,y,고물상 헌옷|고물상헌옷가격키로
대형폐기물 가격,대형폐기물 가격,1,1,daehyeong-pyegimul-singo,y,대형폐기물
쓰레기봉투 가격,쓰레기봉투 가격,1,1,jongryangje-bongtu,y,쓰레기봉투 가격
쓰레기봉투신청방법,쓰레기봉투신청방법,1,1,jongryangje-bongtu,y,쓰레기봉투신청방법
온라인고물상,온라인고물상,1,1,heonot-bangmun-sugeo,y,고물상
음식물쓰레기봉투 규격,음식물쓰레기봉투 규격,2,2,jongryangje-bongtu,y,쓰레기봉투 규격|음식물쓰레기봉투 규격
음식물쓰레기봉투 사이즈,음식물쓰레기봉투 사이즈,1,1,jongryangje-bongtu,y,쓰레기봉투 사이즈
인터넷고물상,인터넷고물상,1,1,heonot-bangmun-sugeo,y,고물상
재사용 종량제봉투,재사용 종량제봉투,1,1,jongryangje-bongtu,y,종량제봉투
종량제봉투,종량제봉투,1,1,jongryangje-bongtu,y,종량제봉투
종량제봉투 5리터,종량제봉투 5리터,1,1,jongryangje-bongtu,y,종량제봉투
종량제봉투 구매,종량제봉투 구매,1,1,jongryangje-bongtu,y,종량제봉투
종량제봉투 제한,종량제봉투 제한,1,1,jongryangje-bongtu,y,종량제봉투
종량제봉투 종류,종량제봉투 종류,1,1,jongryangje-bongtu,y,종량제봉투 종류
종량제봉투 크기,종량제봉투 크기,1,1,jongryangje-bongtu,y,종량제봉투
종량제봉투신청방법,종량제봉투신청방법,1,1,jongryangje-bongtu,y,종량제봉투신청방법
책고물상,책고물상,1,1,heonot-bangmun-sugeo,y,고물상
편의점 대형폐기물 스티커,편의점 대형폐기물,1,1,daehyeong-pyegimul-singo,y,대형폐기물 스티커
폐가전 방문수거,폐가전 방문수거,2,2,pyegajeon-musang-sugeo,y,방문수거|폐가전
폐가전무상수거,폐가전무상수거,1,1,pyegajeon-musang-sugeo,y,폐가전
헌옷방문수거,헌옷방문수거,2,2,heonot-bangmun-sugeo,y,방문수거|헌옷 방문수거
