item,source,n_sigungu,in_blisgo,variants,decision,note
신발장,fees,39,0,,실측11차,39곳 등재인데 우리 어휘에 아예 없었다
장식장,fees,38,0,,실측11차,서랍장 페이지와 답이 같은지
쌀통,fees,37,0,,실측11차,"플라스틱, 철제로 갈린다"
문갑,fees,36,0,,실측11차,서랍장 페이지와 답이 같은지
항아리,fees+blisgo,33,1,항아리류,실측11차,"도자기라 유리, 그릇과 갈린다"
물탱크,fees,32,0,,실측11차,철거 폐기물
캐비닛,fees,31,0,케비닛,실측11차,철제면 고철로 갈린다
벽시계,fees,30,0,,실측11차,건전지를 먼저 뺀다
병풍,fees,30,0,,실측11차,"목재, 한지 복합재질"
탈수기,fees,30,0,,실측11차,세탁기 페이지가 탈수기를 안 답한다
오디오,fees,29,0,오디오세트,실측11차,무상수거 대상 여부
책꽂이,fees,28,0,책꽃이,실측11차,책장 페이지와 답이 같은지
난로,fees,27,0,,실측11차,석유 잔유 처리
복사기,fees,27,0,,실측11차,프린터 페이지와 답이 같은지
휠체어,fees,27,0,,실측11차,"보조기기, 지원 반납 경로가 있다"
블라인드,fees,26,0,,실측11차,커튼 페이지는 천만 답한다
싱크대,fees,26,0,씽크대,실측11차,붙박이 철거 폐기물
오락기,fees,25,0,,실측11차,업소용이지만 가정 배출 사례가 있다
탁자,fees,25,0,,실측11차,식탁 페이지와 답이 같은지
식기세척기,fees,24,0,,실측11차,무상수거 대상 여부
돗자리,fees,22,0,,실측11차,러그 페이지와 갈리는지
고무통,fees,21,0,,실측11차,고무 페이지와 갈리는지
마네킹,fees,21,0,,사업장,가정 배출자가 아니다
타이어,fees,21,0,폐타이어,실측11차,폐타이어는 대형폐기물이 아니다
파티션,fees,21,0,,사업장,가정 배출자가 아니다
가스오븐레인지,fees,20,0,,,
비디오,fees,19,0,,실측11차,테이프와 본체가 갈린다
온풍기,fees,19,0,,실측11차,난로와 경로가 갈리는지
자동판매기,fees,19,0,,사업장,가정 배출자가 아니다
다리미판,fees,18,0,,,
식기건조기,fees,18,0,,실측11차,세척기와 다른 물건이다
가스오븐렌지,fees,17,0,,,
비키니옷장,fees,17,0,,실측11차,"옷장과 달리 천, 철재다"
탁구대,fees,17,0,,실측11차,대형 운동기구
텐트,fees,17,0,텐트세트,실측11차,폴대와 천이 갈린다
스피커,fees+blisgo,16,1,,12차 표기,오디오 주제에 묶임
믹서기,fees,16,0,,실측11차,소형가전 수거 경로
비데,fees,16,0,,실측11차,변기 페이지가 비데를 안 답한다
오르간,fees,16,0,,사업장,가정 배출자가 아니다
옥매트,fees,16,0,옥매트류,,
환풍기,fees,16,0,,실측11차,붙박이라 철거가 먼저다
스키,fees,15,0,스키세트,실측11차,장비와 부츠가 갈린다
파라솔,fees,15,0,,실측11차,천과 철제 살대
배기후드,fees,14,0,,12차 표기,환풍기 주제에 묶임
시계,fees,14,0,,12차 표기,벽시계 주제에 묶임
전화기,fees,14,0,,실측11차,유선은 휴대폰 보상수거 밖이다
조명기구,fees,14,0,,,
칠판,fees,14,0,,사업장,가정 배출자가 아니다
전축,fees,13,0,,12차 표기,오디오 주제에 묶임
운동기구,fees,12,0,,,
진열장,fees,12,0,진열장류,사업장,가정 배출자가 아니다
찬장,fees,12,0,,실측11차,장식장과 갈리는지
개집,fees,11,0,,실측11차,캣타워 페이지와 갈리는지
천막,fees,11,0,,12차 표기,텐트 주제에 묶임
팩스기기,fees,11,0,,사업장,가정 배출자가 아니다
게시판,fees,10,0,,사업장,가정 배출자가 아니다
대자리,fees,10,0,,12차 표기,돗자리 주제에 묶임
쓰레기통,fees,10,0,쓰레기통류,실측11차,종량제봉투 가이드와 갈리는지
캐비넷,fees,10,0,케비넷,12차 표기,캐비닛 주제에 묶임
파렛트,fees,10,0,,,
평상,fees,10,0,,실측11차,목재 대형
당구대,fees,9,0,,사업장,가정 배출자가 아니다
목재,fees,9,0,목재류,,
보드,fees,9,0,,12차 표기,스키 주제에 묶임
세단기,fees,9,0,,사업장,가정 배출자가 아니다
스탠드,fees,9,0,스텐드,,
오디오장식장,fees,9,0,,,
전기담요,fees,9,0,,,
진열대,fees,9,0,,사업장,가정 배출자가 아니다
창문,fees,9,0,,,
칸막이,fees,9,0,,사업장,가정 배출자가 아니다
타자기,fees,9,0,,사업장,가정 배출자가 아니다
테이블,fees,9,0,,12차 표기,탁자 주제에 묶임
팩시밀리,fees,9,0,,사업장,가정 배출자가 아니다
프린터기,fees,9,0,,,
협탁,fees,9,0,,12차 표기,장식장 주제에 묶임
녹즙기,fees,8,0,,12차 표기,믹서기 주제에 묶임
런닝머신,fees,8,0,,,
바둑판,fees,8,0,,,
올겐,fees,8,0,,,
전기스토브,fees,8,0,,12차 표기,난로 주제에 묶임
화일캐비넷,fees,8,0,,,
여행용가방,fees+blisgo,7,1,,,
거실장,fees,7,0,,12차 표기,장식장 주제에 묶임
나무묶음,fees,7,0,,,
볼링공,fees,7,0,,,
수도호스,fees,7,0,,,
앰프,fees,7,0,,12차 표기,오디오 주제에 묶임
저수조,fees,7,0,,12차 표기,물탱크 주제에 묶임
페인트통,fees+blisgo,6,1,,,
기름탱크,fees,6,0,,,
드럼통,fees,6,0,,,
마대,fees,6,0,,,
변기통,fees,6,0,,,
석유난로,fees,6,0,,12차 표기,난로 주제에 묶임
응접세트,fees,6,0,,,
정화조,fees,6,0,,,
카펫트,fees,6,0,카펫트류,,
쿠션,fees,6,0,,,
파일캐비닛,fees,6,0,,12차 표기,캐비닛 주제에 묶임
합판,fees,6,0,,,
고무대야,fees+blisgo,5,1,,12차 표기,고무통 주제에 묶임
라텍스,fees+blisgo,5,1,,,
개수대,fees,5,0,,12차 표기,싱크대 주제에 묶임
게임기,fees,5,0,,,
공간박스,fees,5,0,,,
담요,fees,5,0,,,
목발,fees,5,0,,12차 표기,휠체어 주제에 묶임
분쇄기,fees,5,0,,12차 표기,믹서기 주제에 묶임
빙수기,fees,5,0,,,
식기건조대,fees,5,0,,,
악기,fees,5,0,악기류,,
안마기,fees,5,0,,,
에어컨디셔너,fees,5,0,,,
이동식화장실,fees,5,0,,,
자석요,fees,5,0,,,
전기밥통,fees,5,0,,,
체중계,fees,5,0,,실측11차,"건전지, 유리판"
커피메이트,fees,5,0,,,
헬멧,fees,5,0,헬맷,실측11차,"복합재질, 재활용 불가"
화일캐비닛,fees,5,0,,,
방석,fees+blisgo,4,1,,,
가스히터,fees,4,0,,,
가정용,fees,4,0,,,
건조대,fees,4,0,,,
다림이판,fees,4,0,,,
미끄럼틀,fees,4,0,,,
보일러통,fees,4,0,,,
복합기,fees,4,0,,,
쇼케이스,fees,4,0,,,
스타일러,fees,4,0,,,
실내운동기구,fees,4,0,,,
애완동물집,fees,4,0,,,
오디오케이스,fees,4,0,,,
유리 거울,fees,4,0,,,
유아용 미끄럼틀,fees,4,0,,,
유아용 카시트,fees,4,0,,,
유아용변기,fees,4,0,,,
유아용품,fees,4,0,,,
자판기,fees,4,0,,,
장독,fees,4,0,,,
전기난로,fees,4,0,,,
침구류,fees,4,0,,,
침대틀,fees,4,0,,,
컴퓨터본체,fees,4,0,,,
콘솔박스,fees,4,0,,,
텔레비전 받침대,fees,4,0,,,
파레트,fees,4,0,,,
팔레트,fees,4,0,,,
팬히터,fees,4,0,,,
화이트보드,fees,4,0,화이트보트,,
황토,fees,4,0,,,
가스대,fees,3,0,,,
가스레인지대,fees,3,0,,,
고양이타워,fees,3,0,,,
노래방기계,fees,3,0,,,
다림질판,fees,3,0,,,
대걸레,fees,3,0,,,
대리석,fees,3,0,,,
뜀틀,fees,3,0,,,
매트,fees,3,0,매트류,,
매트리스포함,fees,3,0,,,
문틀,fees,3,0,,,
물탱크저수조,fees,3,0,,,
밥통,fees,3,0,,,
버티컬,fees,3,0,,,
변압기,fees,3,0,,,
보일러기름탱크,fees,3,0,,,
보일러등유류통,fees,3,0,,,
복사기 복합기,fees,3,0,,,
빨래판,fees,3,0,,,
사무용칸막이,fees,3,0,,,
사물함,fees,3,0,,,
수족관받침대,fees,3,0,,,
스노보드,fees,3,0,,,
스캐너,fees,3,0,,,
스케이트보드,fees,3,0,,,
스텝퍼,fees,3,0,스탭퍼,,
식기 세척 건조기,fees,3,0,,,
씽크찬장,fees,3,0,싱크찬장,,
아령,fees,3,0,,,
에어컨 실외기,fees,3,0,,,
오디오장,fees,3,0,,,
온수기,fees,3,0,,,
유리별도,fees,3,0,,,
유리판,fees,3,0,,,
의료기기,fees,3,0,,,
의류관리기,fees,3,0,,,
이불 담요,fees,3,0,,,
이불 등,fees,3,0,,,
인덕션,fees,3,0,인덕션 류,,
인라인,fees,3,0,인라인 세트,,
인라인스케이트,fees,3,0,,,
입간판,fees,3,0,,,
전기 압력 밥솥,fees,3,0,,,
전기담요 등,fees,3,0,,,
전기판넬,fees,3,0,,,
전자 가스 렌지,fees,3,0,,,
전자복사기,fees,3,0,,,
족욕기,fees,3,0,,,
차광막,fees,3,0,폐차광막,,
차단스,fees,3,0,,,
침대 돌,fees,3,0,,,
침대 받침대,fees,3,0,,,
침대 프레임,fees,3,0,,,
칼라박스,fees,3,0,,,
컴퓨터책상,fees,3,0,,,
컴퓨터키보드,fees,3,0,,,
크리스마스트리,fees,3,0,,,
테니스라켓,fees,3,0,,,
팩스,fees,3,0,,12차 표기,전화기 주제에 묶임
폐합성수지,fees,3,0,,,
헬스기구,fees,3,0,,,
호스,fees,3,0,,,
회의용 탁자,fees,3,0,,,
라켓,fees+blisgo,2,1,,,
의류,fees+blisgo,2,1,,,
키보드,fees+blisgo,2,1,,,
TV 받침,fees,2,0,,,
TV.오디오케이스,fees,2,0,,,
TV받침 거실장,fees,2,0,,,
가스렌지후드,fees,2,0,,,
가정배출소량폐기물,fees,2,0,,,
간이화장실,fees,2,0,,,
개인용컴퓨터,fees,2,0,,,
거울·액자,fees,2,0,,,
거울별도,fees,2,0,,,
거울포함,fees,2,0,,,
광고판,fees,2,0,,,
괘종시계,fees,2,0,,,
교잣상,fees,2,0,,,
그네,fees,2,0,,,
나무류,fees,2,0,,,
나무판,fees,2,0,,,
냉방기,fees,2,0,,,
다용도수납장,fees,2,0,,,
대리석상판,fees,2,0,,,
돌문갑,fees,2,0,,,
돗 대 자리,fees,2,0,,,
돗자리 대자리,fees,2,0,,,
드라이기,fees,2,0,,,
등류,fees,2,0,,,
디지털피아노,fees,2,0,,,
라디에이터,fees,2,0,,,
라텍스 매트,fees,2,0,,,
레인지후드,fees,2,0,,,
렌지대,fees,2,0,,,
리빙박스,fees,2,0,,,
목마,fees,2,0,,,
목욕탕 수건함,fees,2,0,,,
물통,fees,2,0,,,
바비큐 그릴,fees,2,0,,,
반신욕기,fees,2,0,,,
버티칼,fees,2,0,,,
보온덮개,fees,2,0,,,
본체,fees,2,0,,,
비닐옷장,fees,2,0,,,
비디오플레이어,fees,2,0,,,
사업장용,fees,2,0,,,
사이클,fees,2,0,,,
세발자전거,fees,2,0,,,
세척기,fees,2,0,,,
스키부츠,fees,2,0,,,
싯업보드,fees,2,0,,,
싱크대 상부장,fees,2,0,,,
싱크대 하부장,fees,2,0,,,
아기침대,fees,2,0,,,
아일랜드식탁,fees,2,0,,,
안락의자,fees,2,0,,,
야전침대,fees,2,0,,,
어린이용품,fees,2,0,,,
오락기계,fees,2,0,,,
오븐렌지,fees,2,0,,,
옥돌자석매트,fees,2,0,,,
옷걸이대,fees,2,0,,,
와인셀러,fees,2,0,,,
욕실용품,fees,2,0,,,
욕실장,fees,2,0,,,
유류통,fees,2,0,,,
유아매트,fees,2,0,,,
유아변기,fees,2,0,,,
유아용 자동차,fees,2,0,,,
유아용욕조,fees,2,0,,,
유아카시트,fees,2,0,,,
음식물처리기,fees,2,0,,,
이사박스,fees,2,0,,,
이젤,fees,2,0,,,
인형+장난감류,fees,2,0,,,
일반용,fees,2,0,,,
자석매트,fees,2,0,,,
전기,fees,2,0,,,
전기오븐,fees,2,0,,,
전동,fees,2,0,,,
전자렌지,fees,2,0,,,
전자오르간,fees,2,0,,,
전자올겐,fees,2,0,,,
전자후라이팬,fees,2,0,,,
제도판,fees,2,0,,,
조명,fees,2,0,,,
주니어장,fees,2,0,,,
죽부인,fees,2,0,,,
쥬니어장,fees,2,0,,,
집수리,fees,2,0,,,
쪽당,fees,2,0,,,
책장 책꽂이,fees,2,0,,,
침대 헤드,fees,2,0,,,
침대머리,fees,2,0,,,
카세트,fees,2,0,,,
카세트라디오,fees,2,0,,,
카트,fees,2,0,,,
칸막이 판넬,fees,2,0,,,
케이스포함,fees,2,0,,,
토스터기,fees,2,0,,,
트램펄린,fees,2,0,트렘펄린,,
트램폴린,fees,2,0,,,
파쇄기,fees,2,0,,,
판넬,fees,2,0,,,
팩스기,fees,2,0,,,
팩스밀리,fees,2,0,,,
페타이어,fees,2,0,,,
폴더매트,fees,2,0,,,
풍금,fees,2,0,,,
플라스틱 서랍장,fees,2,0,,,
플라스틱류,fees,2,0,,,
헤드,fees,2,0,,,
헤어드라이기,fees,2,0,,,
헤어드라이어,fees,2,0,,실측11차,"소형가전, 수수료표에 안 실린다"
화장실장식장,fees,2,0,,,
화판,fees,2,0,,,
나무,fees+blisgo,1,1,,,
도자기,fees+blisgo,1,1,,,
마우스,fees+blisgo,1,1,,,
비디오테이프,fees+blisgo,1,1,,,
스틱,fees+blisgo,1,1,,,
2층 침대,fees,1,0,,,
3단 트레이,fees,1,0,,,
CD장,fees,1,0,,,
CD장식장,fees,1,0,,,
FRP 물탱크,fees,1,0,,,
FRP물통,fees,1,0,,,
FRP제외,fees,1,0,,,
PC 모니터,fees,1,0,,,
PVC관,fees,1,0,,,
PVC파이프,fees,1,0,,,
TV 다이,fees,1,0,,,
TV 장식장,fees,1,0,,,
TV·오디오케이스,fees,1,0,,,
TV거실장,fees,1,0,,,
TV대,fees,1,0,,,
TV받침대,fees,1,0,,,
TV안테나,fees,1,0,,,
TV케이스,fees,1,0,,,
가건물벽,fees,1,0,,,
가구용,fees,1,0,,,
가림막,fees,1,0,,,
가스,fees,1,0,,,
가스 전자 레인지,fees,1,0,,,
가스 전자 렌지,fees,1,0,,,
가스·전기·오븐레인지,fees,1,0,,,
가스레인지 받침대,fees,1,0,,,
가스오븐레이지,fees,1,0,,,
가전 및 사무용품,fees,1,0,,,
가정배출 소형폐기물,fees,1,0,,,
가정배출소량폐물,fees,1,0,,,
가정용 카펫,fees,1,0,,,
가정용변압기,fees,1,0,,,
가정용오락기,fees,1,0,,,
가정용후드,fees,1,0,,,
각종 난로,fees,1,0,,,
각종 라켓,fees,1,0,,,
각종 폴대,fees,1,0,,,
각종보드,fees,1,0,,,
각종상판,fees,1,0,,,
간이 옷장,fees,1,0,,,
간이침대,fees,1,0,,,
간판 입간판,fees,1,0,,,
감귤,fees,1,0,,,
갓포함,fees,1,0,,,
강아지 계단,fees,1,0,,,
강아지 집,fees,1,0,,,
강연대,fees,1,0,,,
강화유리문,fees,1,0,,,
개별,fees,1,0,,,
거실용 탁자,fees,1,0,,,
거실용 테이블,fees,1,0,,,
거실장 TV받침대,fees,1,0,,,
거실장 문갑,fees,1,0,,,
거실장·문갑,fees,1,0,,,
거울 액자,fees,1,0,,,
거울+액자+유리,fees,1,0,,,
거울.액자,fees,1,0,,,
거울제외,fees,1,0,,,
건강매트,fees,1,0,,,
게시판 화이트보드,fees,1,0,,,
경대,fees,1,0,,,
계산기,fees,1,0,,,
고데기,fees,1,0,,,
골프백,fees,1,0,,,
공기청정기 제습기,fees,1,0,,,
공사장 생활폐기물 등,fees,1,0,,,
광고용 풍선대야,fees,1,0,,,
교자상 등,fees,1,0,,,
교자상포함,fees,1,0,,,
교회의자,fees,1,0,,,
규격기준,fees,1,0,,,
그 밖의 가전제품 및 사무용품,fees,1,0,,,
그늘텐트,fees,1,0,,,
그릇장,fees,1,0,,,
그릴,fees,1,0,,,
기 타,fees,1,0,,,
기계식비데,fees,1,0,,,
나무돗자리,fees,1,0,,,
나무파레트,fees,1,0,,,
나무판자,fees,1,0,,,
나뭇가지 등 일반용 종량제 봉투에 담기 어려운 가연성 폐기물,fees,1,0,,,
나뭇가지 목재류,fees,1,0,,,
난방기,fees,1,0,,,
내부석고등,fees,1,0,,,
내용물 포함,fees,1,0,,,
냉 ·온풍기 단,fees,1,0,,,
냉·난방기,fees,1,0,,,
냉난방기,fees,1,0,,,
냉난방기기 *실외기별도,fees,1,0,,,
냉동고,fees,1,0,,,
노인보행보조기,fees,1,0,,,
녹즙 믹서 기,fees,1,0,,,
놀이기구,fees,1,0,,,
농업 부산물,fees,1,0,,,
다듬이판,fees,1,0,,,
다리 포함,fees,1,0,,,
다리미판 등,fees,1,0,,,
단스탠드,fees,1,0,,,
단지,fees,1,0,,,
담요 포함,fees,1,0,,,
당구장 점수판,fees,1,0,,,
대나무 돗자리,fees,1,0,,,
대나무발,fees,1,0,,,
대리석 돌 식탁,fees,1,0,,,
대리석 식탁 및 탁자,fees,1,0,,,
대리석가구,fees,1,0,,,
대야,fees,1,0,,,
대형환풍기,fees,1,0,,,
덜덜이,fees,1,0,,,
덤블링,fees,1,0,,,
데스크,fees,1,0,,,
도란스,fees,1,0,,,
독서실책상,fees,1,0,,,
돌+흑침대,fees,1,0,,,
돌ㆍ옥ㆍ황토등의침대,fees,1,0,,,
돌매트,fees,1,0,,,
돌옥흙,fees,1,0,,,
돌침대 받침,fees,1,0,,,
돌침대 흙,fees,1,0,,,
동절기,fees,1,0,,,
드럼,fees,1,0,,,
등받이,fees,1,0,,,
등산스틱,fees,1,0,,,
디스펜서,fees,1,0,,,
라디오,fees,1,0,,,
라디오+녹음기,fees,1,0,,,
라지에타,fees,1,0,,,
라텍스 베게,fees,1,0,,,
라텍스 포함,fees,1,0,,,
라텍스매트+ 메모리폼매트,fees,1,0,,,
락커,fees,1,0,,,
런닝머신 등 체육기구,fees,1,0,,,
렌지대 수납장,fees,1,0,,,
렌지후드,fees,1,0,,,
롤스크린,fees,1,0,,,
마사지베드,fees,1,0,,,
마이크,fees,1,0,,,
매트 솜형,fees,1,0,,,
매트 옥매트,fees,1,0,,,
매트리스 10cm이상 라텍스,fees,1,0,,,
매트리스 깔판,fees,1,0,,,
매트리스 받침대,fees,1,0,,,
매트리스 제외,fees,1,0,,,
머리판,fees,1,0,,,
멀티운동기구,fees,1,0,,,
메모리폼 류,fees,1,0,,,
메모리폼 매트,fees,1,0,,,
모노륨,fees,1,0,,,
모뎀,fees,1,0,,,
모든규격,fees,1,0,,,
목재류 나뭇가지 등,fees,1,0,,,
무릎담요,fees,1,0,,,
문갑 거실장 대리석,fees,1,0,,,
문갑 거실장 원목,fees,1,0,,,
문갑 등,fees,1,0,,,
문서세단기,fees,1,0,,,
문유리 포함,fees,1,0,,,
문짝.창문,fees,1,0,,,
물통포함,fees,1,0,,,
미건의료기,fees,1,0,,,
미니당구대,fees,1,0,,,
미용실 샴푸의자,fees,1,0,,,
믹서,fees,1,0,,,
바닥매트,fees,1,0,,,
바닥매트리스 토퍼,fees,1,0,,,
바닥요,fees,1,0,,,
바닥판넬,fees,1,0,,,
바디필로우,fees,1,0,,,
바려견 집,fees,1,0,,,
바운서,fees,1,0,,,
바이올린,fees,1,0,,,
바이올린 케이스,fees,1,0,,,
반려견 급식기,fees,1,0,,,
반려동물 용품,fees,1,0,,,
반려동물 집 개집,fees,1,0,,,
반려동물집,fees,1,0,,,
받침 제외,fees,1,0,,,
받침대,fees,1,0,,,
발 마사지기,fees,1,0,,,
발마사지기계,fees,1,0,,,
발안마기,fees,1,0,,,
밥상·교자상,fees,1,0,,,
밥상교자상,fees,1,0,,,
밥통 밥솥,fees,1,0,,,
방 찬 장,fees,1,0,,,
방문,fees,1,0,,,
방문짝,fees,1,0,,,
방음 부스,fees,1,0,,,
배관재,fees,1,0,,,
배기 렌지 후드,fees,1,0,,,
배기후두,fees,1,0,,,
배드민턴라켓,fees,1,0,,,
버너,fees,1,0,,,
벤치프레스,fees,1,0,,,
벽걸이 시계,fees,1,0,,,
벽시계 등,fees,1,0,,,
변기+세면기,fees,1,0,,,
변기물통,fees,1,0,,,
변기앞 발판,fees,1,0,,,
병풍 블라인드,fees,1,0,,,
보드판,fees,1,0,,,
보온텐트,fees,1,0,,,
보일러 기름통,fees,1,0,,,
보일러 등,fees,1,0,,,
보일러등 기름탱크,fees,1,0,,,
보조계단,fees,1,0,,,
보통의자,fees,1,0,,,
부산물 등 쓰레기봉투에 담기 어려운 가정배출 대형폐기물,fees,1,0,,,
분뇨제거후,fees,1,0,,,
분리기준,fees,1,0,,,
분말소화기,fees,1,0,,,
붙박이장포함,fees,1,0,,,
브라운관 기준,fees,1,0,,,
브라이드,fees,1,0,,,
비디오+DVD 플레이어,fees,1,0,,,
비키니 bikini 옷장,fees,1,0,,,
빈백,fees,1,0,,,
빈통,fees,1,0,,,
빔 프로젝트,fees,1,0,,,
빗자루,fees,1,0,,,
빨래,fees,1,0,,,
빨래 건조기,fees,1,0,,,
사다리,fees,1,0,,,
사다리 선반,fees,1,0,,,
사무용,fees,1,0,,,
사이드테이블,fees,1,0,,,
상업용,fees,1,0,,,
상패+ 감사패,fees,1,0,,,
샌드백,fees,1,0,,,
샌드위치 판넬,fees,1,0,,,
샌드위치패널,fees,1,0,,,
서랍,fees,1,0,,,
서랍 부착,fees,1,0,,,
서랍낱개,fees,1,0,,,
서랍장 1단마다,fees,1,0,,,
서핑보드,fees,1,0,,,
세라믹,fees,1,0,,,
세탁기 건조기,fees,1,0,,,
셋톱박스,fees,1,0,,,
소음방지,fees,1,0,,,
소파 스툴,fees,1,0,,,
소파용 스툴,fees,1,0,,,
소파용응접세트,fees,1,0,,,
소형 밥상,fees,1,0,,,
손소독기,fees,1,0,,,
손수레,fees,1,0,,,
쇼파테이블,fees,1,0,,,
수건장,fees,1,0,,,
수납박스,fees,1,0,,,
수납상자,fees,1,0,,,
수납장,fees,1,0,,,
수납장 1단마다,fees,1,0,,,
수도호수,fees,1,0,,,
수동,fees,1,0,,,
수조,fees,1,0,,,
수조관 받침대,fees,1,0,,,
수조만,fees,1,0,,,
수족과,fees,1,0,,,
순간온수기,fees,1,0,,,
스노우보드,fees,1,0,,,
스노우보드포함,fees,1,0,,,
스캐너 포함,fees,1,0,,,
스케이트,fees,1,0,,,
스케이트 롤러,fees,1,0,,,
스키 및 보드세트,fees,1,0,,,
스키 보드 세트,fees,1,0,,,
스키+보드+부츠,fees,1,0,,,
스키날,fees,1,0,,,
스키용구류,fees,1,0,,,
스탠드벽시계,fees,1,0,,,
스탠드옷걸이,fees,1,0,스텐드옷걸이,,
스탠드형 스팀다리미,fees,1,0,,,
스테인레스호스,fees,1,0,,,
스테퍼,fees,1,0,,,
스티로폼ㆍ목재류,fees,1,0,,,
스포츠용품,fees,1,0,,,
스피커 포함,fees,1,0,,,
승용 타이어,fees,1,0,,,
승용차,fees,1,0,,,
시스템책상,fees,1,0,,,
식기건조,fees,1,0,,,
식기건조지,fees,1,0,,,
식탁 나무 의자별도,fees,1,0,,,
식탁 다리 미포함,fees,1,0,,,
식탁 대리석,fees,1,0,,,
식탁 대리석 의자별도,fees,1,0,,,
식탁용 대리석 상판,fees,1,0,,,
신발 소형인형등 혼합,fees,1,0,,,
신발장 1단마다,fees,1,0,,,
신발장 등 문,fees,1,0,,,
신생아침대,fees,1,0,,,
실내기,fees,1,0,,,
실로폰,fees,1,0,,,
실외기 별도,fees,1,0,,,
싱크대 대리석 상판,fees,1,0,,,
싱크대 상,fees,1,0,,,
싱크대 상판,fees,1,0,,,
싱크대 음식물처리기,fees,1,0,,,
싱크대 찬장,fees,1,0,,,
싱크대. 쌀통 및 이와 유사한 물건,fees,1,0,,,
싱크대문짝,fees,1,0,,,
싱크대찬장 포함,fees,1,0,,,
씰링팬,fees,1,0,씰링펜,,
아기,fees,1,0,,,
아기매트,fees,1,0,,,
아기쇼파,fees,1,0,,,
아기옷장,fees,1,0,,,
아기용 침대,fees,1,0,,,
아기자동차,fees,1,0,,,
아기장롱,fees,1,0,,,
아이스박스. 전화기,fees,1,0,,,
아일랜드식탁 상판,fees,1,0,,,
아크릴박스,fees,1,0,,,
아파트,fees,1,0,,,
안내카운터,fees,1,0,,,
안마침대,fees,1,0,,,
애견용품,fees,1,0,,,
애완견 케이지,fees,1,0,,,
앵글,fees,1,0,,,
야전의자,fees,1,0,,,
약제기준,fees,1,0,,,
양문형냉장고,fees,1,0,,,
어린이 옷장,fees,1,0,,,
어린이 장난감,fees,1,0,,,
어린이 전동자동차,fees,1,0,,,
어린이2층 침대,fees,1,0,,,
어린이용,fees,1,0,,,
어린이용 전동자동차,fees,1,0,,,
어린이용매트,fees,1,0,,,
어학기,fees,1,0,,,
어항수납장,fees,1,0,,,
업소 사무 용 의자,fees,1,0,,,
업소용,fees,1,0,,,
에어컨 온풍기,fees,1,0,,,
에어컨+냉난방기,fees,1,0,,,
에어풍선,fees,1,0,,,
연수기,fees,1,0,,,
연탄 난로,fees,1,0,,,
영업용프린터,fees,1,0,,,
영유아용 카시트,fees,1,0,,,
오디오 스피커,fees,1,0,,,
오디오받침대,fees,1,0,,,
오락기기,fees,1,0,,,
오븐레인지,fees,1,0,,,
옥+돌+황토,fees,1,0,,,
옥돌+자석요,fees,1,0,,,
옥돌매트,fees,1,0,,,
옥매트+온수매트,fees,1,0,,,
옥상,fees,1,0,,,
옥장판,fees,1,0,,,
옥황토전기,fees,1,0,,,
온수매트+전기매트,fees,1,0,,,
옷걸이 목제,fees,1,0,,,
옷걸이 스탠드,fees,1,0,,,
옷걸이+행거,fees,1,0,,,
욕실 수건함,fees,1,0,,,
욕실발판,fees,1,0,,,
우산 비닐꽂이,fees,1,0,,,
우유상자,fees,1,0,,,
우쿨렐레,fees,1,0,,,
유리 등,fees,1,0,,,
유리 포함,fees,1,0,,,
유리문,fees,1,0,,,
유리문 포함,fees,1,0,,,
유리용품,fees,1,0,,,
유리진열장,fees,1,0,,,
유리창문,fees,1,0,,,
유모차+ 보행기,fees,1,0,,,
유아 대형 장난감류,fees,1,0,,,
유아 소형 물품,fees,1,0,,,
유아 전동차,fees,1,0,,,
유아그네,fees,1,0,,,
유아목마,fees,1,0,,,
유아미끄럼틀,fees,1,0,,,
유아용,fees,1,0,,,
유아용 및 애견 안전문,fees,1,0,,,
유아용 보행기,fees,1,0,,,
유아용 식탁의자,fees,1,0,,,
유아용 싱크대,fees,1,0,,,
유아용 전동차,fees,1,0,,,
유아용 트램플린,fees,1,0,,,
유아용 폴더매트,fees,1,0,,,
유아용 흔들말,fees,1,0,,,
유아용놀이매트,fees,1,0,,,
유아용매트,fees,1,0,,,
유아용목마,fees,1,0,,,
유아용장난감,fees,1,0,,,
유아용침대,fees,1,0,,,
유아용킥보드,fees,1,0,,,
유아용풀장,fees,1,0,,,
유아의자,fees,1,0,,,
유아자동차,fees,1,0,,,
은박지돗자리,fees,1,0,,,
음식물류통,fees,1,0,,,
음식물쓰레기통,fees,1,0,,,
응접세트탁자,fees,1,0,,,
응접셋트,fees,1,0,,,
응접탁자,fees,1,0,,,
의류 및 이불,fees,1,0,,,
이물질 없음,fees,1,0,,,
이사,fees,1,0,,,
인조나무,fees,1,0,,,
인조잔디,fees,1,0,,,
인형 및 장난감류,fees,1,0,,,
인형·장난감류,fees,1,0,,,
인형ㆍ장난감류,fees,1,0,,,
인형및침구류,fees,1,0,,,
일반,fees,1,0,,,
일반냉장고,fees,1,0,,,
일반밥솥,fees,1,0,,,
일반벽시계,fees,1,0,,,
일반침대,fees,1,0,,,
입식 옷걸이,fees,1,0,,,
자동차범퍼,fees,1,0,,,
자동차시트,fees,1,0,,,
잡쓰레기,fees,1,0,,,
잡재물류,fees,1,0,,,
잡재물류 그릇,fees,1,0,,,
장구,fees,1,0,,,
장기판,fees,1,0,,,
장난감 및 인형류,fees,1,0,,,
장난감 인형 류,fees,1,0,,,
장난감 자동차,fees,1,0,,,
장남감류,fees,1,0,,,
장롱 문짝,fees,1,0,,,
장롱 틀,fees,1,0,,,
장롱받침목,fees,1,0,,,
장스탠드,fees,1,0,,,
장시계,fees,1,0,,,
장식대,fees,1,0,,,
장식장 찬장,fees,1,0,,,
장식장 책장 ·차단스,fees,1,0,,,
장식장 추가,fees,1,0,,,
장의자,fees,1,0,,,
장판 및 카펫,fees,1,0,,,
장판묶음,fees,1,0,,,
재활용X,fees,1,0,,,
재활용불가,fees,1,0,,,
재활용품 제외,fees,1,0,,,
저울,fees,1,0,,,
전가오락기,fees,1,0,,,
전공청소기,fees,1,0,,,
전구제거,fees,1,0,,,
전기 난방기구,fees,1,0,,,
전기 온수 매트,fees,1,0,,,
전기난로 제외,fees,1,0,,,
전기방석,fees,1,0,,,
전기스토브 전기프라이팬,fees,1,0,,,
전기온풍기,fees,1,0,,,
전기장판온수매트,fees,1,0,,,
전기주전자,fees,1,0,,,
전기포트,fees,1,0,,,
전동 자전거,fees,1,0,,,
전동안마기,fees,1,0,,,
전등,fees,1,0,,,
전등 기구류,fees,1,0,,,
전등갓,fees,1,0,,,
전등유리,fees,1,0,,,
전등틀,fees,1,0,,,
전신스트레칭운동기구 거꾸리,fees,1,0,,,
전자+가스레인지,fees,1,0,,,
전자레인지 선반,fees,1,0,,,
전자레인지 수납장,fees,1,0,,,
전자레인지대,fees,1,0,,,
전자렌지대,fees,1,0,,,
전자사전,fees,1,0,,,
전자식비데,fees,1,0,,,
전자오락기,fees,1,0,,,
전자키보드,fees,1,0,,,
전축케이스,fees,1,0,,,
전화 문의 후 선택해주세요,fees,1,0,,,
절구,fees,1,0,,,
점핑운동기구,fees,1,0,,,
접이식,fees,1,0,,,
접이식 라텍스 매트,fees,1,0,,,
접이식 책상,fees,1,0,,,
접이식 침대,fees,1,0,,,
접이식쇼파,fees,1,0,,,
접이식포함,fees,1,0,,,
정원손질,fees,1,0,,,
제기세트,fees,1,0,,,
제기포함,fees,1,0,,,
제기함,fees,1,0,,,
제빙기,fees,1,0,,,
조리대,fees,1,0,,,
조립식 간이옷장 비키니,fees,1,0,,,
조명 스탠드,fees,1,0,,,
조명+스탠드,fees,1,0,,,
종량제봉투에 담기 어려운 생활폐기물을 말한다,fees,1,0,,,
종량제봉투에 담기 어려운쓰레기 이사,fees,1,0,,,
종아리용등,fees,1,0,,,
좌변기,fees,1,0,,,
좌변기포함,fees,1,0,,,
좌식 책상,fees,1,0,,,
좌식탁자,fees,1,0,,,
주방 수납장 상·하부장 1쪽당,fees,1,0,,,
주방놀이세트,fees,1,0,,,
주방수납장,fees,1,0,,,
지팡이,fees,1,0,,,
진동베개,fees,1,0,,,
진열장 장식장,fees,1,0,,,
진열장+장식장+책장,fees,1,0,,,
차량배터리,fees,1,0,,,
찬장 등,fees,1,0,,,
창문짝,fees,1,0,,,
창틀,fees,1,0,,,
책꽂이 책장,fees,1,0,,,
책꽂이.공간박스,fees,1,0,,,
책상 서랍장,fees,1,0,,,
책상상판,fees,1,0,,,
책상유리,fees,1,0,,,
책상칸막이,fees,1,0,,,
책장 1단마다,fees,1,0,,,
책장 등,fees,1,0,,,
책장 문,fees,1,0,,,
책장 및 장식장,fees,1,0,,,
책장 장식장,fees,1,0,,,
책장+장식장+신발장+찬장+렌지대+문갑+TV받침대 등,fees,1,0,,,
천막 보온덮개,fees,1,0,,,
철문,fees,1,0,,,
철봉,fees,1,0,,,
철제,fees,1,0,철제류,,
철호스,fees,1,0,,,
체육관매트,fees,1,0,,,
층간소음방지매트,fees,1,0,,,
층간소음용 매트,fees,1,0,,,
치닝디핑,fees,1,0,,,
침대 2층 침대,fees,1,0,,,
침대 돌침대,fees,1,0,,,
침대 돌침대 받침,fees,1,0,,,
침대 옥,fees,1,0,,,
침대 유아용 침대,fees,1,0,,,
침대 판,fees,1,0,,,
침대1인세트,fees,1,0,,,
침대2인세트,fees,1,0,,,
침대등받이,fees,1,0,,,
침대매트판,fees,1,0,,,
카매트,fees,1,0,,,
카세트녹음기,fees,1,0,,,
카우치쇼파,fees,1,0,,,
칼라박스. 휠체어,fees,1,0,,,
캐리어 등,fees,1,0,,,
캐비닛 철재,fees,1,0,,,
캐비닛 폭×넓이×높이 단위:㎝,fees,1,0,,,
캔음료 자판기,fees,1,0,,,
캠코더,fees,1,0,,,
캠핑용 텐트,fees,1,0,,,
캠핑침대,fees,1,0,,,
캠핑텐트,fees,1,0,,,
캣휠,fees,1,0,,,
커텐,fees,1,0,,,
커튼레일,fees,1,0,,,
커피머신,fees,1,0,,,
커피포트,fees,1,0,,,
컨테이너,fees,1,0,,,
컬러박스,fees,1,0,,,
컴포넌트,fees,1,0,,,
컴퓨터 스피커,fees,1,0,,,
컴퓨터 오락기,fees,1,0,,,
컴퓨터 주변기기,fees,1,0,,,
컴퓨터 프린터,fees,1,0,,,
컴퓨터용,fees,1,0,,,
케펫,fees,1,0,,,
코너장,fees,1,0,,,
콘솔,fees,1,0,,,
콘트라베이스,fees,1,0,,,
쿨매트,fees,1,0,,,
큰것,fees,1,0,,,
키높이 장롱서랍,fees,1,0,,,
키보드 및 마우스 포함,fees,1,0,,,
키보드포함,fees,1,0,,,
타악기류,fees,1,0,,,
타일파편류 등,fees,1,0,,,
탁상 조명,fees,1,0,,,
탁자 테이블,fees,1,0,,,
태양광 패널,fees,1,0,,,
태양광모듈,fees,1,0,,,
태양광폐패널,fees,1,0,,,
테이블 상판,fees,1,0,,,
텔레비전 TV 대,fees,1,0,,,
텔레비전 장,fees,1,0,,,
텔레비전 장식대,fees,1,0,,,
텔레비젼대,fees,1,0,,,
텔레비젼장식장,fees,1,0,,,
토스터,fees,1,0,,,
토스트기,fees,1,0,,,
트램블린,fees,1,0,트램플린,,
트레드밀,fees,1,0,,,
트리,fees,1,0,,,
틀 포함,fees,1,0,,,
티비장,fees,1,0,,,
티테이블,fees,1,0,,,
파레트 나무,fees,1,0,,,
파이프,fees,1,0,,,
파일,fees,1,0,,,
패러글라이딩,fees,1,0,,,
팩시미리,fees,1,0,,,
팬+후드,fees,1,0,,,
팬스,fees,1,0,,,
팬히트,fees,1,0,,,
팰릿 팔레트 -나무,fees,1,0,,,
폐건축자재및재활용불가품,fees,1,0,,,
폐소화기류,fees,1,0,,,
포 장 재,fees,1,0,,,
폭또는높이,fees,1,0,,,
폼블럭,fees,1,0,,,
폼형 등,fees,1,0,,,
프레임,fees,1,0,,,
프린트,fees,1,0,,,
플라스틱,fees,1,0,폐플라스틱,,
플라스틱류 용기,fees,1,0,,,
피아노 건반,fees,1,0,,,
피아노 제외,fees,1,0,,,
하이라이트,fees,1,0,,,
하절기,fees,1,0,,,
학교교탁,fees,1,0,,,
학생용의자,fees,1,0,,,
합판 책상상판,fees,1,0,,,
항아리 등 쓰레기 봉투에 담기 어려운 생활 폐기물,fees,1,0,,,
행사 매대,fees,1,0,,,
행사용,fees,1,0,,,
현관발판,fees,1,0,,,
현수막,fees,1,0,,,
현수막 등,fees,1,0,,,
현악기류,fees,1,0,,,
형광등 및 거실커버등,fees,1,0,,,
홈짐,fees,1,0,,,
화변기,fees,1,0,,,
화분 조약돌,fees,1,0,,,
화이트보드+ 자석칠판,fees,1,0,,,
화장대 거울,fees,1,0,,,
화장실,fees,1,0,,,
화장실수납장,fees,1,0,,,
화장품대,fees,1,0,,,
화한받침대,fees,1,0,,,
황토 등,fees,1,0,,,
황토매트,fees,1,0,,,
회의용,fees,1,0,,,
회의용 책상,fees,1,0,,,
회의용테이블,fees,1,0,,,
회의탁자,fees,1,0,,,
후드,fees,1,0,,,
휠 제외,fees,1,0,,,
휴대용 가스레인지,fees,1,0,,,
휴대폰충전기,fees,1,0,,,
흉관,fees,1,0,,,
흔들그네,fees,1,0,,,
흙 별도,fees,1,0,,,
흙제외,fees,1,0,,,
히터 팬,fees,1,0,,,
가방 버리는,blisgo,0,1,,기존 커버,가방
가스용기,blisgo,0,1,,12차 표기,부탄가스 주제에 묶임
개별 포장 봉지,blisgo,0,1,,,
견과류 껍질,blisgo,0,1,,,
계란판,blisgo,0,1,,실측11차,종이인지 플라스틱인지 갈린다
고철,blisgo,0,1,,,
고추,blisgo,0,1,,,
공기청정기 필터,blisgo,0,1,,,
과일 씨,blisgo,0,1,,,
과자 박스,fees+blisgo,0,1,,,
과자 봉지,blisgo,0,1,,,
과자 봉지 재활용,blisgo,0,1,,중복,과자 봉지와 중복
기름병,blisgo,0,1,,,
나무 목재,blisgo,0,1,,,
나선형 모기향,blisgo,0,1,,,
냅킨,blisgo,0,1,,,
농구공,blisgo,0,1,,기존 커버,축구공(별칭)
덕분愛 제로웨이스트샵,blisgo,0,1,,노이즈,"블로그/브랜드명, 품목 아님"
덕분애 제로웨이스트샵,blisgo,0,1,,노이즈,"블로그/브랜드명, 품목 아님"
동물 뼈,blisgo,0,1,,,
두루마리 휴지,blisgo,0,1,,,
땅콩 껍질,blisgo,0,1,,,
라면 봉지,blisgo,0,1,,,
라면 봉지 재활용,blisgo,0,1,,중복,라면 봉지와 중복
라이터,blisgo,0,1,,기존 커버,라이터
레깅스,blisgo,0,1,,,
마늘,blisgo,0,1,,,
마늘 껍질,blisgo,0,1,,,
멜론 껍질,blisgo,0,1,,,
멸균팩,blisgo,0,1,,실측11차,우유팩 페이지와 답이 갈린다
모기향,blisgo,0,1,,,
물티슈 변기,blisgo,0,1,,,
박스,blisgo,0,1,,,
반찬통,blisgo,0,1,,,
배달 용기 재활용,blisgo,0,1,,,
배달 플라스틱 용기,blisgo,0,1,,중복,배달 용기 재활용과 중복
백열등,blisgo,0,1,,,
변기 휴지,blisgo,0,1,,,
볼펜,blisgo,0,1,,실측11차,"복합재질, 재활용 불가"
부직포,blisgo,0,1,,,
부탄가스,blisgo,0,1,,실측11차,"구멍 뚫기, 위험물"
분리수거 안되는 종이,blisgo,0,1,,보류,범위가 넓어 한 페이지 답이 안 됨
분리수거 안되는 플라스틱,blisgo,0,1,,보류,범위가 넓어 한 페이지 답이 안 됨
분유통,blisgo,0,1,,,
브리타 정수기 필터,blisgo,0,1,,,
브리타 정수기 필터 재활용,blisgo,0,1,,중복,브리타 정수기 필터와 중복
비닐랩,blisgo,0,1,,,
비닐류 OTHER,fees+blisgo,0,1,,,
비닐포장재,blisgo,0,1,,,
빵 봉지,blisgo,0,1,,,
빵클립,blisgo,0,1,,,
새우 껍질,blisgo,0,1,,,
생리대 처리,blisgo,0,1,,기존 커버,기저귀(별칭)
샴푸통,blisgo,0,1,,,
석쇠,blisgo,0,1,,,
세탁기 버리는,blisgo,0,1,,기존 커버,세탁기
소금,blisgo,0,1,,,
소금 버리는,blisgo,0,1,,,
소형 난방기구,blisgo,0,1,,보류,범위가 넓어 한 페이지 답이 안 됨
쇼핑백,blisgo,0,1,,,
스타킹,blisgo,0,1,,12차 표기,양말 주제에 묶임
스테이플러,blisgo,0,1,,13차 중복,13차에 이미 있음
스테이플러 심,blisgo,0,1,,13차 중복,13차 스테이플러와 중복
스팸 캔,blisgo,0,1,,,
스피커 버리는,blisgo,0,1,,,
슬기로운생활,blisgo,0,1,,노이즈,"블로그/브랜드명, 품목 아님"
습기제거제,blisgo,0,1,,실측11차,액체와 용기가 갈린다
식물,blisgo,0,1,,,
식사 도구,blisgo,0,1,,보류,범위가 넓어 한 페이지 답이 안 됨
식칼,blisgo,0,1,,실측11차,"위험물, 신문지로 싸기"
신용카드,blisgo,0,1,,실측11차,"개인정보, 절단 후 일반쓰레기"
신용카드 재활용,blisgo,0,1,,기존 커버,신용카드
씨방,blisgo,0,1,,,
아보카도 껍질,blisgo,0,1,,,
알루미늄 캔,fees+blisgo,0,1,,,
양말,blisgo,0,1,,실측11차,속옷 선례. 헌옷 페이지가 안 답한다
양초,blisgo,0,1,,실측11차,"파라핀, 심지"
양파,blisgo,0,1,,,
오늘도 분리수고하셨습니다!,blisgo,0,1,,노이즈,"블로그/브랜드명, 품목 아님"
오렌지 껍질,blisgo,0,1,,,
요거트 용기,blisgo,0,1,,,
요구르트 병,blisgo,0,1,,,
웰스토리와 함께,blisgo,0,1,,노이즈,"블로그/브랜드명, 품목 아님"
유민얼랏,blisgo,0,1,,노이즈,"블로그/브랜드명, 품목 아님"
유색 페트병,blisgo,0,1,,,
이어폰,blisgo,0,1,,실측11차,소형가전 수거함
일반 종이,fees+blisgo,0,1,,,
일회용 플라스틱,blisgo,0,1,,보류,범위가 넓어 한 페이지 답이 안 됨
일회용컵,blisgo,0,1,,,
잉크 카트리지,blisgo,0,1,,기존 커버,잉크카트리지
자석,blisgo,0,1,,,
재활용 불가 플라스틱,blisgo,0,1,,보류,범위가 넓어 한 페이지 답이 안 됨
전구,blisgo,0,1,,,
제습제,blisgo,0,1,,12차 표기,습기제거제 주제에 묶임
조리 기구,fees+blisgo,0,1,,,
주얼리,blisgo,0,1,,,
줄기,blisgo,0,1,,,
즉석밥 용기,blisgo,0,1,,실측11차,"복합재질, 재활용 불가"
지갑,blisgo,0,1,,,
지구샵,blisgo,0,1,,노이즈,"블로그/브랜드명, 품목 아님"
참기름병,blisgo,0,1,,,
철캔,blisgo,0,1,,,
청소 솔,fees+blisgo,0,1,,,
카세트 테이프,blisgo,0,1,,,
칼 버리는,blisgo,0,1,,기존 커버,식칼(별칭)
캔 뚜껑,blisgo,0,1,,,
커피 캡슐,fees+blisgo,0,1,,,
커피믹스 봉지,blisgo,0,1,,,
코코넛 껍질,blisgo,0,1,,,
콘돔,blisgo,0,1,,,
키위 껍질,blisgo,0,1,,,
타지 않는 쓰레기,blisgo,0,1,,보류,범위가 넓어 한 페이지 답이 안 됨
탄산음료병,blisgo,0,1,,,
태블릿,blisgo,0,1,,,
테이프,blisgo,0,1,,,
토너,blisgo,0,1,,기존 커버,잉크카트리지(별칭)
통조림햄,blisgo,0,1,,,
투명 페트병,fees+blisgo,0,1,,,
튜브,blisgo,0,1,,13차 중복,13차에 이미 있음(물놀이튜브)
튜브형 화장품,blisgo,0,1,,13차 중복,"13차 튜브와 답이 다를 수 있음, 보류"
티슈,blisgo,0,1,,,
파인애플 껍질,blisgo,0,1,,,
펌프형 용기,blisgo,0,1,,,
펌프형 화장품,blisgo,0,1,,,
페트병 뚜껑,blisgo,0,1,,실측11차,페트병 페이지가 뚜껑을 안 답한다
포도 껍질,blisgo,0,1,,,
프린터 토너,blisgo,0,1,,기존 커버,잉크카트리지(별칭 토너)
프링글스,blisgo,0,1,,중복,프링글스 통과 중복(통조림 캔 답과 다름 유의)
프링글스 통,blisgo,0,1,,,
플라스틱 OTHER,fees+blisgo,0,1,,,
플라스틱 용기,blisgo,0,1,,,
플라스틱 통,blisgo,0,1,,기존 커버,쓰레기통(별칭)
필기구,blisgo,0,1,,보류,범위가 넓어 한 페이지 답이 안 됨
하드디스크,blisgo,0,1,,실측11차,개인정보 파기가 먼저다
하드디스크 폐기,blisgo,0,1,,기존 커버,하드디스크
한복,blisgo,0,1,,실측11차,의류수거함이 받는지
한복 재활용,blisgo,0,1,,기존 커버,헌옷(별칭)
핫팩,blisgo,0,1,,실측11차,"철가루, 부직포"
해산물 껍데기,blisgo,0,1,,,
핸드폰 케이스,blisgo,0,1,,,
햇반 용기 재활용,blisgo,0,1,,기존 커버,즉석밥 용기(별칭)
허그어웨일,blisgo,0,1,,노이즈,"블로그/브랜드명, 품목 아님"
현악기,blisgo,0,1,,,
혼합 종이,blisgo,0,1,,,
휴대용 부탄가스,blisgo,0,1,,12차 표기,부탄가스 주제에 묶임
