topic,axis,n,버리는법,분리수거,total,later,why
도자기,재활용,2,1060,390,1450,곰팡이 핀,그릇 첫 문단이 '도자기 접시'를 답하지만 대형폐기물 여부는 안 답한다
전등,재활용,2,730,190,920,,전구 페이지와 LED등 페이지가 갈려 있고 '전등'은 어느 쪽도 아니다
계란,음식물,2,780,55,835,"곰팡이 핀, 상한","날계란, 삶은계란. 계란껍질 페이지는 껍데기로 답한다"
돼지뼈,음식물,2,260,220,480,,"감자탕뼈, 등뼈, 족발뼈. 계란껍질 페이지 본문에만 있다"
마대자루,재활용,5,130,260,390,,종량제봉투 가이드는 PP마대 규격만 답한다. 다 쓴 마대는 안 답한다
탐폰,재활용,2,340,15,355,,기저귀 페이지 본문에만 있다
커피머신,재활용,2,300,25,325,,커피찌꺼기 페이지는 찌꺼기로 답한다. 기계는 안 답한다
메론껍질,음식물,2,45,245,290,,그물 껍질. 수박껍질 페이지와 답이 같은지
합판,재활용,2,210,60,270,,폐목재 페이지 본문에만 있다. 접착제가 든 가공 목재다
레고,재활용,2,45,190,235,,장난감 페이지가 받는데 ABS 단일 재질이라 답이 갈린다
사과심지,음식물,2,120,70,190,,과일껍질 페이지가 심을 한 글자도 안 답한다
클렌징오일,재활용,1,180,10,190,,기름 페이지는 식용유로 답한다. 화장품 기름은 안 답한다
생선 대가리,음식물,2,10,155,165,,생선뼈 페이지는 뼈로 답한다. 머리는 크고 단단하다
바나나,음식물,2,15,130,145,,바나나껍질 페이지는 껍질로 답한다. 상한 알맹이는 안 답한다
치킨,음식물,2,75,45,120,남은,치킨뼈 페이지는 뼈로만 답한다. 살과 튀김옷이 섞여 있다
손톱깎이,재활용,1,85,35,120,,작은 금속. 식칼 페이지가 날붙이로 답한다
생라면,음식물,3,85,25,110,,익히지 않은 면. 컵라면 페이지는 용기와 국물로 답한다
자몽껍질,음식물,3,95,15,110,,두꺼운 감귤류 껍질. 과일껍질 페이지는 사과껍질로 답한다
삼각대,재활용,1,70,25,95,,금속과 플라스틱. 고철 페이지가 받는지
수박씨,음식물,3,15,75,90,,복숭아씨 페이지 본문에만 있다. 수박껍질 페이지는 껍질로 답한다
마늘,음식물,2,65,25,90,곰팡이 핀,감자껍질 첫 문단은 마늘 '껍질'만 답한다. 알맹이는 안 답한다
병뚜껑,재활용,1,10,80,90,,페트병 페이지는 몸통과 라벨로 답한다. 뚜껑만 남은 경우가 없다
스노우볼,재활용,2,65,15,80,,유리에 액체가 들었다. 유리 페이지는 빈 병으로 답한다
마네킹,재활용,2,65,10,75,,대형폐기물인지. 부피가 큰 플라스틱
단호박씨,음식물,2,25,45,70,,딱딱한 씨. 복숭아씨 페이지가 분쇄시설 기준으로 답하는지
휴지,재활용,3,25,45,70,,"휴지심 페이지는 심으로, 물티슈 페이지는 물티슈로 답한다. 쓴 휴지가 없다"
케이크,음식물,2,55,10,65,,크림과 시트. 생크림 페이지는 액체로 답한다
인생네컷,재활용,2,45,10,55,,코팅종이 페이지가 그 자리인데 사진이라는 말이 없다
부채,재활용,3,25,25,50,,종이와 플라스틱살. 우산 페이지와 같은 혼합 축이다
좌욕기,재활용,2,35,15,50,,소형가전인지 플라스틱인지
다이어리,재활용,2,25,20,45,,"책 페이지는 책으로, 통장 페이지는 개인정보로 답한다"
싱크대 거름망,재활용,2,35,10,45,,망과 찌꺼기. 과일망 페이지는 EPE와 그물망을 가른다
라면사리,음식물,2,25,10,35,오래된,생라면과 같은 답인지. 컵라면 페이지에 사리라는 말이 없다
컵밥,음식물,2,10,25,35,,즉석밥 용기 페이지는 용기로 답한다. 남은 밥은 안 답한다
포스트잇,재활용,3,10,20,30,,접착 종이. 종이 페이지는 접착제를 안 답한다
임테기,재활용,1,15,15,30,,임신테스트기. 주사기 페이지가 그 자리인지
해바라기씨,음식물,1,15,10,25,,껍질째 먹는 씨. 견과류 껍질과 같은 답인지
오이껍질,음식물,2,10,15,25,,감자껍질 페이지가 '채소 껍질'로 묶는데 오이가 없다
상추,음식물,2,15,10,25,,시든 잎채소. 양파껍질 페이지는 겉껍질로 답한다
떡볶이,음식물,2,15,10,25,,국물과 건더기. 배달용기 페이지는 용기로 답한다
음료,음식물,2,15,10,25,상한,액체. 간장 페이지가 액체 축을 새로 열었다
머리빗,재활용,2,15,10,25,,칫솔 페이지가 그 자리인데 빗이라는 말이 없다
굿즈,재활용,1,15,10,25,,"아크릴, 종이, 금속이 섞인 소품"
립밤,재활용,1,10,15,25,,화장품 페이지는 병과 튜브로 답한다
보드마카,재활용,1,10,15,25,,볼펜 페이지가 그 자리인데 마카가 없다
세차용품,재활용,1,15,10,25,,"스펀지, 타월, 통이 섞인다"
풍선,재활용,1,10,15,25,,고무 페이지가 받는지
통고등어,음식물,2,10,10,20,상한,상한 생선 통째. 생선뼈 페이지는 먹고 남은 뼈다
호떡,음식물,2,10,10,20,남은,밀가루 페이지 본문에만 있다
만두,음식물,1,10,10,20,,냉동식품. 밀가루 페이지가 가루로 답한다
어묵,음식물,1,10,10,20,,가공식품
죽순,음식물,1,10,10,20,,질긴 섬유질. 옥수수대 페이지가 그 자리다
멕시코감자,음식물,2,10,10,20,,얌빈. 감자껍질 페이지가 감자로 답하는데 다른 작물이다
바둑돌,재활용,2,10,10,20,,유리인지 플라스틱인지. 장난감 페이지가 받는지
가죽옷,재활용,1,10,10,20,,헌옷 페이지는 의류수거함으로 답한다. 가죽은 수거함이 안 받는다
돋보기,재활용,1,10,10,20,,안경 페이지가 그 자리인지
부항기,재활용,1,10,10,20,,의료기기인지 플라스틱인지
세수대야,재활용,1,10,10,20,,큰 플라스틱 용기. 리빙박스 페이지와 같은 축인지
액체괴물,재활용,1,10,10,20,,슬라임. 액체도 고체도 아니다
저금통,재활용,1,10,10,20,,돼지저금통. 도자기인지 플라스틱인지
효자손,재활용,1,10,10,20,,나무 또는 플라스틱 막대
압박붕대,재활용,1,10,10,20,,깁스 페이지 옆자리인데 붕대라는 말이 없다
