keyword,volume,item,on_axis
금시세,5379400,,0
금한돈,89400,,0
폐가전무료수거,51830,,0
폐기물스티커,41560,,0
쌈밥,34830,,0
대형폐기물신고,32800,,0
대형폐기물,24790,,0
이불버리는방법,19580,이불,1
폐가전무상수거,17830,,0
소형가전무료수거,17330,,0
가전무료수거,13630,,0
가전제품무료수거,13140,,0
중고냉장고,13020,냉장고,0
선풍기버리는법,12120,선풍기,1
후라이팬버리는법,12100,후라이팬,1
동시세,10910,,0
보조배터리버리는법,9910,배터리,1
우산버리는법,9450,우산,1
폐기물처리업체,9080,,0
캐리어버리는법,8730,캐리어,1
폐기물신고,8670,,0
폐기,8580,,0
명절,8430,,0
폐가구무료수거,8140,,0
전자제품무료수거,8030,,0
헌옷수거업체,7940,헌옷,0
관악구대형폐기물,7630,,0
스프링클러,7440,,0
인형버리는법,7110,인형,1
헌옷판매,6800,헌옷,0
베개버리는법,6290,베개,1
폐가전무상방문수거,5950,,0
냄비버리는법,5910,냄비,1
그릇버리는법,5890,그릇,1
중고가구,5870,,0
부천시대형폐기물,5850,,0
신발버리는법,5810,신발,1
폐가전수거,5740,,0
분리수거,5710,,0
폐가전방문수거,5170,,0
맥된장,5110,된장,0
화분버리는방법,5070,화분,1
냉장고정리,4940,냉장고,0
소형가전폐기,4720,,0
헌책방문수거,4650,,0
무료가전수거,4270,,0
음식물쓰레기,4240,,0
대구중고가전,4100,,0
중고PC,3920,,0
무료폐가전수거,3880,,0
수박껍질버리는법,3850,수박껍질,1
은평구대형폐기물,3790,,0
건전지버리는법,3760,건전지,1
수건버리는법,3700,수건,1
유리버리는법,3640,유리,1
성남시폐기물신고,3520,,0
대형폐기물수거,3360,,0
식용유버리는법,3340,식용유,1
매트리스버리는법,3290,매트리스,1
폐지가격,3260,,0
스프링쿨러커버,3250,,0
폐지,3200,,0
중고가전판매,3190,,0
이불버리는법,3140,이불,1
나무도마버리는법,3120,도마,1
노트북중고,3040,노트북,0
중고노트북판매,2970,노트북,0
성남시폐기물,2890,,0
헌옷기부,2860,헌옷,0
솜이불버리는법,2860,솜이불,1
무료가구수거,2830,,0
쓰레기분리배출,2780,,0
노트북매입,2780,노트북,0
유리그릇버리는법,2770,유리,1
기름,2740,기름,0
바나나껍질버리는법,2710,바나나껍질,1
성북구폐기물신고,2670,,0
소방자재,2650,,0
수거,2640,,0
유리컵버리는법,2640,유리,1
의자버리는법,2630,의자,1
청소기버리는법,2600,청소기,1
중고가구매입,2510,,0
가방버리는법,2460,가방,1
폐가구방문수거,2440,,0
강동구폐기물신고,2430,,0
빨래건조대버리는법,2400,빨래건조대,1
중랑구폐기물신고,2390,,0
이불버리기,2380,이불,1
관창,2380,,0
중고가구팔기,2340,,0
중고노트북매입,2320,노트북,0
성남시대형폐기물,2320,,0
침대버리는법,2310,침대,1
가구버리는방법,2250,,0
기름버리는법,2230,기름,1
헌이불수거,2220,이불,0
청주대형폐기물,2220,,0
집정리업체,2210,,0
마스테코,2190,,0
폐가전,2170,,0
영등포구대형폐기물,2140,,0
집정리업체비용,2130,,0
스티로폼버리는법,2080,스티로폼,1
소화기폐기방법,2070,소화기,1
아이방가구배치,2030,,0
성북구청폐기물,2020,,0
쓰레기수거,2020,,0
노트북버리는법,1980,노트북,1
폐기물업체,1950,,0
주방자동확산소화기,1940,소화기,0
중고컴퓨터판매,1910,컴퓨터,0
불꽃감지기,1910,,0
명품감정,1880,,0
노트북리퍼,1860,노트북,0
폐기물수거업체,1820,,0
헌옷버리기,1730,헌옷,1
옥내소화전,1720,,0
스프링클러헤드,1710,,0
광진구대형폐기물,1690,,0
거울버리는법,1690,거울,1
옥외소화전,1660,,0
폐가구스티커,1620,,0
중고옷판매,1610,,0
스프링쿨러헤드,1590,,0
폐기물마대,1590,,0
헌책수거,1590,,0
대형가전무료수거,1570,,0
무거운가구옮기기,1560,,0
유리흡착기,1560,유리,0
폐기물처리비용,1560,,0
붙박이장철거비용,1550,,0
폐기물처리기사,1550,,0
전자레인지버리는법,1550,전자레인지,1
서대문구폐기물신고,1550,,0
가구수거,1540,,0
청주폐기물,1520,,0
도자기그릇버리는법,1520,그릇,1
쇼파버리는법,1490,쇼파,1
폐가전버리기,1490,,0
러그버리는법,1490,러그,1
상선,1450,,0
마포구청폐기물,1450,,0
소방설비,1450,,0
성북구대형폐기물,1440,,0
일반쓰레기,1420,,0
노트북중고판매,1400,노트북,0
중고책수거,1400,,0
화재수신기,1400,,0
저장강박증,1370,,0
5톤집게차,1340,,0
전기밥솥버리는법,1320,밥솥,1
가전제품버리기,1310,,0
냉장고수거,1300,냉장고,0
간이스프링클러,1300,,0
향수버리는법,1280,향수,1
소방용품,1260,,0
장난감버리는법,1250,장난감,1
폐지수거,1240,,0
폐기물신청,1240,,0
컴퓨터매입,1240,컴퓨터,0
붙박이장철거,1230,,0
의류수거업체,1220,,0
컴퓨터버리는법,1210,컴퓨터,1
자영업자폐업,1210,,0
화장품버리는법,1200,화장품,1
대형폐기물가격,1190,,0
매트리스폐기,1170,매트리스,1
버리다,1160,,0
대형폐기물봉투,1140,,0
천정텍스,1140,,0
왈가닥,1110,,0
페인트버리는법,1110,,0
가구버리기,1090,,0
중고가구매매,1090,,0
노원구폐기물,1080,,0
소파버리는법,1080,소파,1
화성시대형폐기물,1080,,0
냉장고무료수거,1080,냉장고,0
시흥폐기물,1070,,0
강동구대형폐기물,1060,,0
냉장고중고판매,1050,냉장고,0
가전수거,1050,,0
철거비용,1040,,0
김치버리는법,1040,김치,1
부천대형폐기물,1030,,0
쓰레기차,1020,,0
안마의자폐기,1010,안마의자,1
중고책매입,1010,,0
소화기유효기간,1000,소화기,0
카시트버리는법,990,카시트,1
가전제품수거,960,,0
매트리스수거,960,매트리스,0
중고컴퓨터매매,960,컴퓨터,0
치킨뼈버리는법,960,치킨뼈,1
폐토너통,960,,0
중고가구무료수거,950,,0
피아노수거,950,피아노,0
폐식용유수거함,940,식용유,0
책버리기,940,,0
헌이불버리기,930,이불,1
폐유처리,930,,0
냉장고버리는법,930,냉장고,1
서대문구대형폐기물,930,,0
동작구대형폐기물,920,,0
자동화재속보설비,920,,0
안마의자버리는법,910,안마의자,1
부산폐기물수거,890,,0
화분버리기,890,화분,1
이사폐기물수거,890,,0
성남폐기물,880,,0
폐기물처리장,880,,0
가전제품무상수거,880,,0
침대버리기,870,침대,1
소형가전수거,870,,0
복도통로유도등,870,,0
인천폐기물스티커,870,,0
책수거,860,,0
소방관진입창스티커,860,,0
광진구폐기물,850,,0
중고PC매입,850,,0
안마의자수거,840,안마의자,0
헌옷수거옷장정리,840,헌옷,0
의자버리기,840,의자,1
책상버리는법,840,책상,1
화분분갈이,840,화분,0
소화기폐기,830,소화기,1
전기선종류,830,,0
도어릴리즈,830,,0
에어컨철거방법,820,에어컨,0
소방수신기,820,,0
이불수거,810,이불,0
IT전당포,810,,0
가구수거업체,810,,0
침대수거,800,침대,0
중고가구수거,800,,0
지정폐기물,800,,0
포소화설비,800,,0
침대수거업체,790,침대,0
중고서버매입,780,,0
부천시폐기물,770,,0
신발버리기,770,신발,1
폐유,760,,0
양천구폐기물,760,,0
유품소각장,760,,0
전자제품버리기,750,,0
자개장매입,740,,0
화환수거,740,,0
매트리스버리기,740,매트리스,1
컴퓨터중고판매,740,컴퓨터,0
화분버리는법,730,화분,1
노원구재활용센터,710,,0
쇼파버리는비용,710,쇼파,1
혼합,710,,0
강남구폐기물,710,,0
동작구폐기물,710,,0
송파구대형폐기물,710,,0
대구폐가전무료수거,710,,0
화재감지기설치,710,,0
교회장의자,700,의자,0
소방공사,700,,0
금천구폐기물,690,,0
대형폐가전무상수거,690,,0
광주폐기물수거,680,,0
음식물처리,680,,0
목제,680,,0
세탁기수거,680,세탁기,0
온라인고물상,680,,0
간판철거비용,680,,0
김포폐기물,680,,0
노트북판매,670,노트북,0
음식물쓰레기수거,670,,0
충주폐기물,670,,0
이불폐기,660,이불,1
욕조철거비용,660,,0
장난감버리기,660,장난감,1
자전거폐기,660,자전거,1
대전폐가전무료수거,660,,0
장판버리는법,660,장판,1
폐전자제품수거,660,,0
R형수신기,660,,0
수원헌옷수거,650,헌옷,0
전자기기버리기,650,,0
P형1급수신기,650,,0
노트북중고매입,640,노트북,0
노트북폐기,640,노트북,1
중고서적팔기,640,,0
유리분리수거,640,유리,1
LG냉장고이전설치,630,냉장고,0
쓰레기소각장,630,,0
중고가전수거,630,,0
춘천폐기물,630,,0
유리병버리는법,630,유리,1
온수매트버리는법,630,온수매트,1
폐기물비용,620,,0
폐소화기무료수거,620,소화기,0
대형생활폐기물,610,,0
쇼파버리기,610,쇼파,1
피아노폐기,610,피아노,1
평택폐기물,610,,0
폐가구버리기,610,,0
안마의자무료수거,610,안마의자,0
창원중고가전,610,,0
소방업체,600,,0
대구중고가전매입,590,,0
냉장고폐기,590,냉장고,1
CD버리는법,590,,0
소방완비증명서,590,,0
시흥시폐기물,580,,0
원주폐기물,580,,0
화환수거업체,580,,0
컴퓨터정리,580,컴퓨터,0
TV버리는법,580,,0
쓰레기배출,570,,0
인천대형폐기물신고,570,,0
폐합성수지,570,,0
에어컨수거,570,에어컨,0
소방호수,570,,0
무상수거,560,,0
중고옷,560,,0
중고의류,560,,0
대형가구수거,560,,0
쓰레기수거업체,560,,0
송파구폐기물,560,,0
가구폐기,550,,0
고철판매,550,,0
빌트인냉장고철거,550,냉장고,0
안방가구배치,550,,0
업소용참기름,550,기름,0
파주폐기물,550,,0
폐목재,550,,0
수원중고가전매입,550,,0
완강기지지대,550,,0
전자제품수거,540,,0
영등포폐기물,540,,0
헌책버리기,540,,0
유리종류,540,유리,0
재활용수거업체,530,,0
부산중고냉장고,530,냉장고,0
의자폐기,530,의자,1
임목폐기물,530,,0
송수구,530,,0
후렉시블호스,530,,0
대구중고냉장고,520,냉장고,0
울산폐기물수거,520,,0
화분폐기방법,520,화분,1
돌침대수거,520,침대,0
유리업체,520,유리,0
성동구대형폐기물,510,,0
안마의자수거업체,510,안마의자,0
안마의자폐기비용,510,안마의자,1
중고PC판매,510,,0
치워드림,510,,0
컴퓨터중고매입,510,컴퓨터,0
분리수거업체,510,,0
전주폐기물처리업체,510,,0
소화기버리는법,510,소화기,1
대구중고가구,500,,0
익산고물상,500,,0
재활용수거,500,,0
중고물품판매,500,,0
성남대형폐기물,500,,0
거울주문제작,500,거울,0
헌옷매입,490,헌옷,0
컴퓨터부품매입,490,컴퓨터,0
방청소업체,490,,0
산업폐기물처리,490,,0
상가철거,490,,0
용인폐기물,490,,0
냉장고무상수거,490,냉장고,0
대형폐기물수거업체,480,,0
간판철거,480,,0
폐기처분,480,,0
깨진유리,480,유리,0
방수기구함,480,,0
소방필증,480,,0
생활폐기물수거,470,,0
옷버리기,470,,0
화분수거업체,470,화분,0
쇼파무료수거,470,쇼파,0
유리재활용,470,유리,1
소파버리기,460,소파,1
헌옷팔기,460,헌옷,0
나무전지,460,,0
안입는옷팔기,450,,0
폐타이어처리,450,,0
쇼파수거,450,쇼파,0
파쇄업체,450,,0
강남폐기물처리,450,,0
소파수거,450,소파,0
전주폐기물,450,,0
중고모니터매입,450,모니터,0
대구식당폐업,450,,0
강화유리가격,450,유리,0
폐소화기처리,450,소화기,0
광주헌옷수거,440,헌옷,0
욕조철거,440,,0
용인시폐기물,440,,0
인천폐기물업체,440,,0
강남구청폐기물,440,,0
폐가전판매,440,,0
김해중고가전,440,,0
모니터폐기,430,모니터,1
재활용쓰레기,430,,0
화분폐기,430,화분,1
대형폐기물빼기,430,,0
음식물수거,430,,0
침대프레임버리기,430,침대,1
폐기물무료수거,430,,0
매트리스수거업체,430,매트리스,0
파티션수납장,430,,0
고철매입,420,,0
고가구매입,420,,0
냉장고수거업체,420,냉장고,0
폐가구,420,,0
폐기물가격,420,,0
폐자재,420,,0
배터리폐기,420,배터리,1
이중접합유리,420,유리,0
냉장고설치,410,냉장고,0
고장난노트북판매,410,노트북,0
소파폐기,410,소파,1
쓰레기분리수거,410,,0
침대버리는비용,410,침대,1
침대폐기,410,침대,1
중고침대,410,침대,0
천안폐기물처리,410,,0
동사무소폐기물스티커,410,,0
대형폐기물무상수거,410,,0
불연성종량제봉투,410,,0
빈병수거,410,,0
바디프랜드안마의자수거,400,안마의자,0
서울폐기물,400,,0
유품소각,400,,0
컴퓨터폐기,400,컴퓨터,1
수원폐기물처리,400,,0
안성폐기물,400,,0
이사폐기물업체,400,,0
인천대형폐기물,400,,0
중고테이블,400,,0
하남폐기물,400,,0
김해재활용센터,400,,0
병원폐업,400,,0
고물상창업,390,,0
경기도광주폐기물,390,,0
옷걸이버리기,390,옷걸이,1
대전폐기물,390,,0
카페폐업,390,,0
폐기물처리방법,390,,0
디가우징,390,,0
깨진유리복원,390,유리,0
중고도서판매,380,,0
폐기물처리확인서,380,,0
서울폐기물처리,380,,0
세탁기무료수거,380,세탁기,0
20KG소화기,380,소화기,0
스프링쿨러설치,380,,0
서초구대형폐기물,370,,0
피아노처분,370,피아노,0
에어컨해체,370,에어컨,0
강동구폐기물처리,370,,0
창고정리,370,,0
철거견적,370,,0
폐전선,370,전선,0
그릇버리기,370,그릇,1
소형폐기물,360,,0
전주고물상,360,,0
정수기철거,360,정수기,0
침대매트리스버리기,360,침대,1
화환처리,360,,0
서초구폐기물,360,,0
안양시폐기물,360,,0
인천서구대형폐기물,360,,0
침대무료수거,360,침대,0
강동구폐기물신청,360,,0
안마의자버리기,350,안마의자,1
노트북버리기,350,노트북,1
가구매입,350,,0
강북구폐기물,350,,0
음식물쓰레기처리,350,,0
세탁기수거업체,350,세탁기,0
대전중구폐기물,340,,0
폐기물버리기,340,,0
피아노수거업체,340,피아노,0
헌옷가격,340,헌옷,0
내려드림,340,,0
안마의자처분,340,안마의자,0
침대프레임폐기,340,침대,1
가구재활용센터,340,,0
대전대형폐기물,340,,0
대형폐가전수거,340,,0
성남폐기물처리,340,,0
강화유리난간,340,유리,0
폐지수거업체,330,,0
냉장고버리기,330,냉장고,1
돌침대폐기,330,침대,1
책고물상,330,,0
산업폐기물,330,,0
안마의자버리는방법,330,안마의자,1
주택철거비용,330,,0
전기매트버리는법,330,,0
HFC-125,330,,0
소방공사업체,330,,0
벽걸이에어컨철거,320,에어컨,0
인천서구폐기물,320,,0
작은방가구배치,320,,0
폐식용유수거,320,식용유,0
모니터버리기,320,모니터,1
대형거울제작,320,거울,0
중고가전팔기,310,,0
책상버리기,310,책상,1
헌가구수거,310,,0
하남폐기물처리,310,,0
거울설치,310,거울,0
방수총,310,,0
소화약제,310,,0
지상식소화전,310,,0
화장실유리교체,310,유리,0
가구중고매입,300,,0
쇼파폐기,300,쇼파,1
자개장판매,300,장판,0
가구폐기업체,300,,0
전자제품무상수거,300,,0
나무폐기물,300,,0
동탄폐기물처리,300,,0
인천폐기물처리업체,300,,0
휴대폰폐기,300,휴대폰,1
창원폐가전무료수거,300,,0
3.3KG소화기,300,소화기,0
소방기구,300,,0
폐소화기,300,소화기,0
가구무상수거,290,,0
침대프레임수거,290,침대,0
TV수거,290,,0
방정리,290,,0
자영업폐업,290,,0
컴퓨터본체버리기,290,컴퓨터,1
이삿짐정리업체,290,,0
중고의류매입,290,,0
건설오니,290,,0
소방자재총판,290,,0
중고씽크대,290,,0
중랑구폐기물신청,290,,0
인천서구폐기물스티커,280,,0
중고소파판매,280,소파,0
스티로폼수거업체,280,스티로폼,0
옷장버리는법,280,옷장,1
큰화분버리기,280,화분,1
화성폐기물,280,,0
군포시대형폐기물,280,,0
노트북팔기,280,노트북,0
방청소,280,,0
인형수거,270,인형,0
식당폐업,270,,0
식탁버리기,270,식탁,1
죽은화분처리,270,화분,0
서울중구폐기물,270,,0
장판폐기물,270,장판,1
폐기물박스,270,,0
폐현수막,270,,0
폐가전제품무료수거,270,,0
폐기물종류,270,,0
유품정리업체비용,270,,0
소방배관자재,270,,0
화재감지기탈부착기,270,,0
대구중고세탁기,260,세탁기,0
건축폐기물,260,,0
아일랜드식탁철거,260,식탁,0
울산남구폐기물수거,260,,0
장롱버리는법,260,,0
천안시폐기물,260,,0
페인트폐기,260,,0
물건버리기,260,,0
버리기,260,,0
이사짐정리,260,,0
폐가전제품수거,260,,0
폐업철거,260,,0
폐플라스틱,260,,0
혼합폐기물,260,,0
3.3소화기,260,소화기,0
신나버리는법,260,,0
유리가격,260,유리,0
가스레인지폐기,250,가스레인지,1
김포시폐기물스티커,250,,0
대형쓰레기,250,,0
돌침대수거업체,250,침대,0
방문수거,250,,0
싱크대철거,250,,0
자개농매입,250,,0
전기자전거매입,250,자전거,0
화분수거,250,화분,0
화분처리,250,화분,0
폐목,250,,0
간이스프링클러패키지,250,,0
소방자재도매,250,,0
소화기교체,250,소화기,0
중고쇼파매입,240,쇼파,0
화분흙버리기,240,화분,1
의자폐기물,240,의자,1
편의점폐업,240,편의점,0
동탄폐기물,240,,0
사무실철거,240,,0
생활폐기물수집운반,240,,0
변기버리는법,240,변기,1
폐가전무상배출예약시스템,240,,0
폐목재무료수거,240,,0
OSY밸브,240,,0
청정소화약제,240,,0
가구폐기물수거,230,,0
솜이불수거,230,솜이불,0
아트월철거,230,,0
행거버리기,230,행거,1
돌침대버리는법,230,침대,1
아이방정리,230,,0
음식물처리업체,230,,0
재활용업체,230,,0
컴퓨터수거,230,컴퓨터,0
유리폐기물,230,유리,1
중고에어컨팔기,230,에어컨,0
폐기업체,230,,0
진주재활용센터,230,,0
침대프레임분해,230,침대,0
간이소화용구,230,,0
소방밸브,230,,0
소화기능력단위,230,소화기,0
유도등배터리,230,배터리,0
헤드왕,230,,0
오늘구리가격,225,,0
대전폐기물업체,220,,0
유리버리기,220,유리,1
중고침대매입,220,침대,0
피아노버리기,220,피아노,1
강서구청대형폐기물,220,,0
고장난노트북매입,220,노트북,0
나무쓰레기,220,,0
폐기물차,220,,0
김치냉장고수거,220,김치냉장고,0
정제유,220,,0
소화기수거,220,소화기,0
책폐기,220,,0
호스릴소화전,220,,0
대구중고가구매입,210,,0
대형폐기물방문수거,210,,0
수거업체,210,,0
쓰레기수거차,210,,0
전자피아노폐기,210,전자피아노,1
중고매매,210,,0
청주폐기물수거,210,,0
대구대형폐기물,210,,0
실내자전거폐기,210,자전거,1
전기장판버리기,210,전기장판,1
티비수거,210,,0
폐기물처리비,210,,0
세탁기무상수거,210,세탁기,0
폐기스티커,210,,0
폐기물스티커발급,210,,0
HFC-23,210,,0
강화유리선반,210,유리,0
순천시폐기물,210,,0
대구카페폐업,205,,0
대형폐기물처리,200,,0
매트리스수거비용,200,매트리스,0
자전거버리기,200,자전거,1
티비버리기,200,,0
폐가구수거업체,200,,0
폐자전거,200,자전거,0
피아노폐기비용,200,피아노,1
1톤폐기물처리비용,200,,0
가구버릴때,200,,0
나무파레트수거,200,,0
램매입,200,,0
메모리매입,200,,0
볼링공폐기,200,,0
붙박이장해체,200,,0
오래된노트북판매,200,노트북,0
장농버리기,200,장농,1
침대매트리스수거,200,침대,0
컴퓨터버리기,200,컴퓨터,1
폐컴퓨터매입,200,컴퓨터,0
가정폐기물수거업체,200,,0
강남대형폐기물,200,,0
바디프랜드수거,200,,0
이천시폐기물,200,,0
일산폐기물처리,200,,0
자전거수거,200,자전거,0
정리의달인,200,,0
집안정리,200,,0
텐트버리기,200,,0
폐컴퓨터수거,200,컴퓨터,0
고장난모니터판매,200,모니터,0
용산구폐기물신고,200,,0
이온화식감지기,200,,0
창문유리,200,유리,0
퇴실청소,200,,0
판유리,200,유리,0
폐기물집하장,200,,0
TV버리기,190,,0
가전제품폐기,190,,0
건설폐기물처리비용,190,,0
서울유품정리,190,,0
세탁기폐기,190,세탁기,1
이불수거업체,190,이불,0
이천헌옷수거,190,헌옷,0
그래픽카드매입,190,,0
돌침대폐기비용,190,침대,1
화환회수,190,,0
냉장고정리업체,190,냉장고,0
의정부폐가전무료수거,190,,0
모니터매입,190,모니터,0
의료폐기물업체,190,,0
전자폐기물,190,,0
컴퓨터팔기,190,컴퓨터,0
폐가전무료방문수거,190,,0
폐동가격,190,,0
가스레인지버리기,180,가스레인지,1
옷수거업체,180,,0
전자피아노수거,180,전자피아노,0
책장버리기,180,책장,1
헌옷시세,180,헌옷,0
가구배출,180,,0
가구버리는법,180,,0
가정폐기물처리비용,180,,0
의자수거,180,의자,0
자전거고물상,180,자전거,0
전자부품매입,180,,0
좁은공간수납,180,,0
짐옮기기,180,,0
폐노트북처리,180,노트북,0
화분정리,180,화분,0
흙버리기,180,,0
붙박이장제거,180,,0
폐가구수거비용,180,,0
폐기물처리단가,180,,0
폐식용유수거업체,180,식용유,0
의료폐기물소각장,180,,0
ESG사업소,180,,0
가전폐기,180,,0
거울교체,180,거울,0
거울집,180,거울,0
업소용중고가구,180,,0
부산카페폐업,175,,0
김치냉장고버리기,170,김치냉장고,1
전기장판폐기,170,전기장판,1
침대분리,170,침대,0
CPU매입,170,,0
TV무료수거,170,,0
가구처분,170,,0
가스렌지폐기,170,가스렌지,1
냉장고장철거비용,170,냉장고,0
모니터수거,170,모니터,0
음식물쓰레기수거업체,170,,0
폐기물버리는곳,170,,0
전자제품폐기,170,,0
중고책장,170,책장,0
천안폐기물수거,170,,0
청주가구수거,170,,0
플라스틱수거,170,,0
광주폐식용유,170,식용유,0
장농버리는비용,170,장농,1
소화기처리방법,170,소화기,0
소화전렌치,170,,0
소화전앵글밸브,170,,0
천정형유도등,170,,0
산업폐기물처리방법,160,,0
안마의자매입,160,안마의자,0
침대수거비용,160,침대,0
파지수거,160,,0
폐가전수거업체,160,,0
폐기물처리업체비용,160,,0
가구폐기물,160,,0
가사정리,160,,0
가전가구수거,160,,0
구청폐기물,160,,0
나무케이스,160,,0
돌침대버리기,160,침대,1
실내자전거버리기,160,자전거,1
책상수거,160,책상,0
컴퓨터본체폐기,160,컴퓨터,1
폐페인트처리,160,,0
화분처리방법,160,화분,0
가구철거,160,,0
폐가전제품무상방문수거,160,,0
대형폐기물업체,160,,0
무료폐기물수거,160,,0
문턱제거,160,,0
부평폐기물,160,,0
강서구청폐기물,160,,0
전자스크랩,160,,0
3.3KG분말소화기,160,소화기,0
아파트가벽철거,160,,0
유리수리,160,유리,0
측벽형헤드,160,,0
폐골재,160,,0
화장실유리문교체,160,유리,0
목재폐기물,150,,0
장난감수거,150,장난감,0
가구버리기업체,150,,0
고장난TV매입,150,,0
고장난컴퓨터매입,150,컴퓨터,0
골프채버리기,150,골프채,1
대형폐기물버리기,150,,0
돌침대수거비용,150,침대,0
세탁기버리기,150,세탁기,1
울산중구폐기물수거,150,,0
전주헌옷천사,150,헌옷,0
김포폐기물처리,150,,0
안산폐기물수거,150,,0
집정리비용,150,,0
폐비닐,150,비닐,0
피아노수거비용,150,피아노,0
김치냉장고무료수거,150,김치냉장고,0
페인트폐기방법,150,,0
인천가구수거업체,150,,0
마산중고가전,150,,0
베란다유리교체비용,150,유리,0
투명유리,150,유리,0
폐소화기처리방법,150,소화기,0
폐콘크리트,150,,0
울산쓰레기수거,145,,0
가구버려주는업체,140,,0
동해시폐기물,140,,0
박스수거,140,,0
옷장버리기,140,옷장,1
제주헌옷수거,140,헌옷,0
안마의자폐기업체,140,안마의자,1
장롱수거,140,,0
폐가전제품,140,,0
피아노옮기기,140,피아노,0
피아노팔기,140,피아노,0
화환수거비용,140,,0
가게폐업,140,,0
건축폐기물처리,140,,0
공장철거,140,,0
나무파렛트수거,140,,0
대전가구수거,140,,0
원룸정리,140,,0
이사쓰레기,140,,0
이사폐기물처리업체,140,,0
침대프레임해체,140,침대,0
폐기물수거비용,140,,0
폐기물차량,140,,0
중고엔틱가구,140,,0
호이스트카,140,,0
발신기함,140,,0
진주시폐기물,140,,0
타일철거,140,타일,0
홍천폐기물,140,,0
가구방문수거,130,,0
고장난티비매입,130,,0
광주폐가구수거,130,,0
냉장고철거,130,냉장고,0
냉장고팔기,130,냉장고,0
소형가구버리기,130,,0
옷기증,130,,0
물건정리,130,,0
쓰레기소각,130,,0
화분처리업체,130,화분,0
화분폐기물,130,화분,1
돌침대이동,130,침대,0
사업장일반폐기물,130,,0
송파폐기물,130,,0
영국앤틱가구,130,,0
인천폐기물수거,130,,0
일반폐기물,130,,0
전주폐기물수거,130,,0
청주폐기물처리,130,,0
계란껍질버리는법,130,계란껍질,1
고양시폐기물가격,130,,0
매트리스폐기물,130,매트리스,1
컴퓨터부품판매,130,컴퓨터,0
강릉시폐기물,130,,0
반사유리,130,유리,0
운동화수거,130,운동화,0
유리제단,130,유리,0
유리판매,130,유리,0
지하식소화전,130,,0
오만가지중고,125,,0
정읍고물상,125,,0
냉장고이전,120,냉장고,0
대전폐기물처리,120,,0
디지털피아노수거,120,피아노,0
솜이불버리기,120,솜이불,1
쓰레기방문수거,120,,0
지정폐기물처리업체,120,,0
페인트버리기,120,,0
골프백폐기,120,,0
나무파레트폐기,120,,0
사무용품정리,120,,0
세라젬매입,120,,0
세탁기철거,120,세탁기,0
안마의자수거비용,120,안마의자,0
중고그래픽카드매입,120,,0
플라스틱폐기물,120,,0
화장대버리기,120,화장대,1
화성폐유수거,120,,0
5톤집게차중고,120,,0
가연성폐기물,120,,0
가정용폐기물처리,120,,0
생활폐기물업체,120,,0
종로폐기물,120,,0
폐컴퓨터,120,컴퓨터,0
형광등폐기,120,형광등,1
음식물류폐기물,120,,0
정수기수거,120,정수기,0
폐노트북수거,120,노트북,0
업소용냉장고수거,120,냉장고,0
소파수거비용,115,소파,0
부산식당폐업,115,,0
가구회수,110,,0
용인폐기물처리,110,,0
장롱버리기,110,,0
창원폐기물수거,110,,0
책상폐기,110,책상,1
가구철거업체,110,,0
서랍장버리기,110,서랍장,1
중고가구매입하는곳,110,,0
짐버리기,110,,0
책상폐기물,110,책상,1
침대폐기물,110,침대,1
화환버리는법,110,,0
폐유시세,110,,0
폐유처리업체,110,,0
1톤집게차,110,,0
고물수거,110,,0
대전집정리,110,,0
산업폐기물처리업체,110,,0
쇼파중고,110,쇼파,0
인천폐기물수거업체,110,,0
일반쓰레기수거,110,,0
잡동사니정리,110,,0
전주폐기물처리,110,,0
중고책상매입,110,책상,0
청주쓰레기수거,110,,0
고물상자전거,110,자전거,0
노트북처분,110,노트북,0
책수거업체,110,,0
컴퓨터중고부품매입,110,컴퓨터,0
화장품폐기,110,화장품,1
LG전자폐가전수거,110,,0
고장난컴퓨터판매,110,컴퓨터,0
대구소방업체,110,,0
살수헤드,110,,0
유리창교체비용,110,유리,0
전기차전용소화기,110,소화기,0
폐유리,110,유리,0
포소화전,110,,0
장난감수거업체,105,장난감,0
가스레인지수거,100,가스레인지,0
강남헌옷수거,100,헌옷,0
부산폐가구수거,100,,0
소파처분,100,소파,0
이불처리,100,이불,0
이사가구수거,100,,0
흙침대폐기,100,흙침대,1
골프가방버리기,100,골프가방,1
런닝머신수거,100,,0
삼성빌트인냉장고철거,100,냉장고,0
스티로폼수거,100,스티로폼,0
쓰레기업체,100,,0
쓰레기집하장,100,,0
옛날가구,100,,0
옷장수거,100,옷장,0
욕조제거,100,,0
죽은화분버리기,100,화분,1
중고컴퓨터매입하는곳,100,컴퓨터,0
침대매트리스폐기,100,침대,1
페인트폐기물처리,100,,0
현수막철거,100,,0
가정집폐기물,100,,0
가구처리,100,,0
가전폐기물수거,100,,0
강남폐기물처리업체,100,,0
대전폐기물수거업체,100,,0
분당폐기물,100,,0
빈집철거,100,,0
수원폐기물수거,100,,0
안산폐기물업체,100,,0
폐비닐수거,100,비닐,0
폐콘크리트처리,100,,0
흙침대수거,100,흙침대,0
종이컵버리는법,100,종이컵,1
서류폐기,100,,0
쓰레기수거앱,100,,0
소형가전제품무료수거,100,,0
서스가격,100,,0
파지값,100,,0
방폭형유도등,100,,0
소방용품전문,100,,0
소형폐기물버리기,100,,0
소화기처리,100,소화기,0
인천폐가전무상수거,100,,0
자동소화설비,100,,0
주택철거,100,,0
폐소화기수거,100,소화기,0
쓰레기버려주는,95,,0
중고세라젬,95,,0
창원중고,95,,0
항아리버리는방법,95,,0
공장폐업,90,,0
광주폐가전수거,90,,0
라텍스매트리스버리기,90,매트리스,1
모니터중고판매,90,모니터,0
빌트인냉장고이전설치,90,냉장고,0
신발장철거,90,신발,0
인천폐가전수거,90,,0
장롱폐기,90,,0
종이수거,90,종이,0
침대버리는방법,90,침대,1
침대철거,90,침대,0
가구버리는비용,90,,0
가구수거비용,90,,0
가구정리,90,,0
강릉시재활용센터,90,,0
소파수거업체,90,소파,0
쇼파수거업체,90,쇼파,0
안양중고가구매입,90,,0
운동기구수거,90,,0
중고에어컨매입업체,90,에어컨,0
피아노처리,90,피아노,0
헬륨가스통폐기,90,,0
화환폐기,90,,0
폐식용유재활용,90,식용유,1
가구폐기비용,90,,0
사업장생활계폐기물,90,,0
서울폐기물업체,90,,0
쇼파버릴때,90,쇼파,0
안마기수거,90,,0
안마의자철거,90,안마의자,0
안산폐기물처리업체,90,,0
인천가구수거,90,,0
인천폐가구수거,90,,0
중고가구처분,90,,0
집폐기물처리,90,,0
침대처분,90,침대,0
폐토사,90,,0
화성시폐기물수거,90,,0
전자레인지무상수거,90,전자레인지,0
컴퓨터버릴때,90,컴퓨터,0
목재폐기물처리,90,,0
철거폐기물,90,,0
전기동가격,90,,0
거울업체,90,거울,0
금간유리보수,90,유리,0
대구유리교체,90,유리,0
벽거울시공,90,거울,0
소방헤드,90,,0
소화기무료수거,90,소화기,0
소화기분말,90,소화기,0
유리제품,90,유리,0
중구폐기물,90,,0
폐기물재활용,90,,0
폐목재재활용,90,,0
혼합폐기물단가,90,,0
고물상냉장고,85,냉장고,0
쇼파처분,85,쇼파,0
엔틱가구매입,85,,0
천안가구수거,85,,0
침대팔기,85,침대,0
테이블버리기,85,,0
중고책방문매입,85,,0
가구팔기,80,,0
대전폐가구수거,80,,0
대형가전제품수거,80,,0
빔프로젝터매입,80,,0
식탁수거,80,식탁,0
안마의자폐기물,80,안마의자,1
안산가구수거업체,80,,0
전자제품수거업체,80,,0
중고프린터매입,80,프린터,0
창원폐가구수거,80,,0
항아리버리기,80,,0
고장난노트북,80,노트북,0
금고폐기,80,금고,1
나무폐기,80,,0
대전폐기물처리업체,80,,0
대형가구버리기,80,,0
대형가전제품무료수거,80,,0
대형화분버리기,80,화분,1
부산진구폐기물업체,80,,0
분뇨처리업체,80,,0
소파중고판매,80,소파,0
음식물쓰레기처리업체,80,,0
의류폐기물,80,,0
장롱수거비용,80,,0
정수기매입,80,정수기,0
책장수거,80,책장,0
침대해체,80,침대,0
폐기물트럭,80,,0
폐노트북,80,노트북,0
한샘가구수거,80,,0
데크철거,80,,0
가구철거비용,80,,0
가전수거업체,80,,0
쇼파폐기물,80,쇼파,1
안산폐기물처리,80,,0
안양폐기물처리,80,,0
약국폐업,80,,0
중고물품수거,80,,0
집비우기,80,,0
청주폐기물수거업체,80,,0
침대철거비용,80,침대,0
파주폐기물업체,80,,0
폐기물집게차,80,,0
리싸이클시티강동,80,,0
종이버리는법,80,종이,1
폐컴퓨터처리,80,컴퓨터,0
거제중고,80,,0
김해중고가전매입,80,,0
밀양중고가전,80,,0
P형1급복합수신기,80,,0
대동소화기,80,소화기,0
대형폐기물버리는곳,80,,0
씽크대철거비용,80,,0
페어유리가격,80,유리,0
혼합건설폐기물,80,,0
거제목재,75,,0
고장난티비,75,,0
플라스틱폐기,75,,0
울산옷수거,75,,0
청주폐가구수거,75,,0
운동기구버리기,75,,0
부산중고매입,75,,0
베란다유리가격,75,유리,0
강동구헌옷수거,70,헌옷,0
건축폐기물처리방법,70,,0
대구중고사무용가구,70,,0
전주가구수거,70,,0
천안폐기물처리업체,70,,0
폐지매입,70,,0
PC부품매입,70,,0
가구빼기,70,,0
드론매입,70,,0
쇼파중고판매,70,쇼파,0
실리콘폐기,70,,0
아파트화단철거,70,,0
연제구폐기물수거,70,,0
옷장철거,70,옷장,0
옷폐기,70,,0
이삿짐버리기,70,,0
인조잔디철거,70,,0
장농수거,70,장농,0
통영폐기물,70,,0
폐업처리,70,,0
폐업철거비용,70,,0
폐콘크리트처리비용,70,,0
피시방폐업,70,,0
폐식용유처리업체,70,식용유,0
가구내림서비스,70,,0
건축폐기물수거,70,,0
대전폐기물수거,70,,0
생활폐기물처리업체,70,,0
서울중고가구,70,,0
성북구폐기물수거,70,,0
성수동폐기물,70,,0
지정폐기물수거업체,70,,0
폐기물단가,70,,0
폐기물방문수거,70,,0
폐기비용,70,,0
폐플라스틱수거,70,,0
폐형광등수거,70,형광등,0
페트병버리는법,70,페트병,1
동대문구청폐기물,70,,0
에어컨중고매입가격,70,에어컨,0
대형가구무료수거,70,,0
전자레인지무료수거,70,전자레인지,0
정수기무료수거,70,정수기,0
중랑구가전제품수거,70,,0
의료기기폐기,70,,0
사무실집기처분,70,,0
불용물품,70,,0
비닐하우스철거비용,70,비닐,0
소방후렉시블,70,,0
소화기무상수거,70,소화기,0
소화기의종류,70,소화기,0
소화기폐기물처리,70,소화기,1
유리제작업체,70,유리,0
전선업체,70,전선,0
이불솜버리기,65,이불,1
자개농수거,65,,0
빈집정리비용,65,,0
봉담고물상,65,,0
양파껍질버리는법,65,양파껍질,1
컴퓨터분리수거,65,컴퓨터,1
가스렌지수거,65,가스렌지,0
고장난컴퓨터처리,65,컴퓨터,0
마산중고가구,65,,0
베란다유리깨짐,65,유리,0
건축폐기물비용,60,,0
고물상플라스틱,60,,0
고철버리기,60,,0
공사폐기물,60,,0
극세사이불버리기,60,이불,1
냉장고처분,60,냉장고,0
대구중고의자,60,의자,0
벽걸이에어컨매입,60,에어컨,0
석고보드폐기,60,,0
쇼파수거비용,60,쇼파,0
쓰레기버려주는업체,60,,0
춘천폐가전수거,60,,0
폐시약처리업체,60,,0
폐지방문수거,60,,0
프린터수거,60,프린터,0
헌이불,60,이불,0
가전제품중고매입,60,,0
대구남구대형폐기물,60,,0
대형화분폐기,60,화분,1
매트리스처리,60,매트리스,0
박스수거업체,60,,0
버리고,60,,0
붙박이철거,60,,0
서울강서구폐기물,60,,0
안마의자처리,60,안마의자,0
욕실욕조제거,60,,0
운동기구폐기,60,,0
장롱옮기기,60,,0
중고노트북시세,60,노트북,0
책상버리는방법,60,책상,1
침대버릴때,60,침대,0
컴퓨터처분,60,컴퓨터,0
폐기물중간처리업,60,,0
폐오일처리,60,,0
에어컨실외기철거,60,에어컨,0
폐유업체,60,,0
가정폐기물수거비용,60,,0
가정폐기물업체,60,,0
대형폐기물처리업체,60,,0
매장철거,60,,0
목재폐기,60,,0
산업폐기물업체,60,,0
산업폐기물처리비용,60,,0
생활폐기물수거업체,60,,0
쇼파분해,60,쇼파,0
어항폐기,60,어항,1
영종도폐기물,60,,0
일산폐기물업체,60,,0
집철거,60,,0
청주집정리,60,,0
청주폐기물업체,60,,0
폐기물업체비용,60,,0
폐기물철거,60,,0
폐업철거업체,60,,0
폐형광등,60,형광등,0
음식물폐기물처리,60,,0
골프채폐기,60,골프채,1
독일가구,60,,0
컴퓨터무료수거,60,컴퓨터,0
공연장의자,60,의자,0
런닝머신폐기,60,,0
산업용폐기물,60,,0
페인트폐기물,60,,0
고장난모니터매입,60,모니터,0
부산중고냉난방기,60,,0
정보통신기기,60,,0
폐서버매입,60,,0
강화유리판,60,유리,0
구미시폐기물,60,,0
노원구폐기물수거,60,,0
소방기기,60,,0
소화기수거업체,60,소화기,0
스프링클러헤드보호망,60,,0
유리수거,60,유리,0
인조대리석업체,60,,0
중고가전처분,60,,0
창문유리가격,60,유리,0
창호유리교체,60,유리,0
폐유수거비용,60,,0
사하구고물상,55,,0
장난감버리는방법,55,장난감,1
집치워주는곳,55,,0
춘천가구수거,55,,0
침대중고매입,55,침대,0
폐품수거,55,,0
돌침대처분,55,침대,0
의류버리기,55,,0
대전침대수거,55,침대,0
방화동폐기물,55,,0
부천폐기물수거,55,,0
생활용품수거,55,,0
짐정리업체,55,,0
청주파출부,55,,0
피아노버리는방법,55,피아노,1
산업폐기물처리장,55,,0
우유팩버리는법,55,우유팩,1
식탁버리는법,55,식탁,1
소형가구수거,55,,0
수성페인트버리는법,55,,0
유리병수거,55,유리,0
포항소화기,55,소화기,0
가구버리는업체,50,,0
경주폐기물수거,50,,0
밀양폐기물업체,50,,0
신주단가,50,,0
원주폐기물업체,50,,0
집가구버리기,50,,0
책상버릴때,50,책상,0
침대방문수거,50,침대,0
SSD매입,50,,0
가구내림,50,,0
가전폐기물,50,,0
대전전자제품무료수거,50,,0
대형가구폐기,50,,0
미개봉노트북,50,노트북,0
부산이사폐기물,50,,0
비닐하우스철거,50,비닐,0
업소용냉장고폐기,50,냉장고,1
에어컨처분,50,에어컨,0
이사짐버리기,50,,0
장롱수거업체,50,,0
중고침대수거,50,침대,0
천안헌책수거,50,,0
침대판매,50,침대,0
하드디스크매입,50,,0
화단철거,50,,0
화분폐기업체,50,화분,1
수원폐유,50,,0
중고에어컨철거,50,에어컨,0
2.5톤집게차,50,,0
2.5톤폐기물,50,,0
강남구폐기물처리,50,,0
고철폐기,50,,0
관악구폐기물수거,50,,0
대전집청소,50,,0
돌침대철거,50,침대,0
디지털피아노폐기,50,피아노,1
마트폐업,50,,0
붙박이장철거업체,50,,0
아파트폐기물,50,,0
유품관리사,50,,0
이사폐기물처리비용,50,,0
인천시폐기물,50,,0
책상수거업체,50,책상,0
폐기물견적,50,,0
폐기물운반,50,,0
폐기물재활용업체,50,,0
프린터기폐기,50,프린터,1
현수막제거,50,,0
화성시폐기물업체,50,,0
1층간판철거비용,50,,0
광주폐가전무상수거,50,,0
도서수거,50,,0
모니터무료수거,50,모니터,0
중고컴퓨터팔기,50,컴퓨터,0
컴퓨터무상수거,50,컴퓨터,0
컴퓨터고물상,50,컴퓨터,0
폐콘처리비용,50,,0
감지기시험기,50,,0
김천가구수거,50,,0
남양주시폐기물수거,50,,0
드라이펜던트헤드,50,,0
무허가건물철거,50,,0
소방전기공사,50,,0
소화기재활용,50,소화기,1
소화기폐기물,50,소화기,1
시골집철거,50,,0
유통기한지난소화기,50,소화기,0
철거용역,50,,0
타이어폐기,50,,0
타일폐기물,50,타일,1
폐기물수집,50,,0
폐벽돌,50,,0
폐유리처리,50,유리,0
가구수거업체비용,45,,0
강동구가구수거,45,,0
김해가구수거,45,,0
냉장고재설치,45,냉장고,0
대구이불수거,45,이불,0
대구중고TV,45,,0
목포폐기물업체,45,,0
병풍버리기,45,,0
중고운동기구매입,45,,0
책방문수거,45,,0
흙침대버리기,45,흙침대,1
개업화환수거,45,,0
고장난에어컨,45,에어컨,0
대리석식탁버리기,45,식탁,1
런닝머신버리기,45,,0
부산북구폐기물수거,45,,0
사무실폐기물처리업체,45,,0
쇼파방문수거,45,쇼파,0
쇼파철거,45,쇼파,0
식탁폐기,45,식탁,1
에어컨중고팔기,45,에어컨,0
에이스침대수거,45,침대,0
유리그릇버리기,45,유리,1
장농폐기,45,장농,1
장롱철거,45,,0
전자피아노버리기,45,전자피아노,1
중고제품매입,45,,0
천안의류수거,45,,0
타일버리기,45,타일,1
폐가전수거비용,45,,0
폐업가구,45,,0
포항헌책수거,45,,0
가구가전수거,45,,0
강남구폐가구수거,45,,0
냉장고처리,45,냉장고,0
당구장폐업,45,,0
대전피아노수거,45,피아노,0
무거운가구버리기,45,,0
세종중고가구,45,,0
소파처리,45,소파,0
쇼파처리비용,45,쇼파,0
안마의자처리비용,45,안마의자,0
정왕동폐기물,45,,0
충주가구수거,45,,0
가스렌지철거,45,가스렌지,0
러닝머신수거,45,러닝머신,0
식기세척기수거,45,,0
폐자재수거,45,,0
폐에어컨,45,에어컨,0
댄스거울,45,거울,0
연수구폐기물봉투,45,,0
오래된소화기,45,소화기,0
진천유리,45,유리,0
광주폐기물수거업체,40,,0
광주폐지수거,40,,0
대구북구재활용센터,40,,0
도시광산업체,40,,0
부산폐가전,40,,0
옷장폐기,40,옷장,1
장롱철거비용,40,,0
천안폐가구수거,40,,0
흙폐기물,40,,0
가구폐기물처리,40,,0
가구해체,40,,0
노트북가격비교사이트,40,노트북,0
대전폐가전,40,,0
대형화분수거,40,화분,0
목재파렛트수거,40,,0
부천폐가전,40,,0
소량폐기물처리,40,,0
쇼파처리,40,쇼파,0
스티로폼폐기물,40,스티로폼,1
옥상청소,40,,0
음식물쓰레기업체,40,,0
자전거수거업체,40,자전거,0
제주가전제품무료수거,40,,0
중고매트리스판매,40,매트리스,0
집수거,40,,0
책장폐기,40,책장,1
타이어수거,40,,0
테이블폐기,40,,0
화단정리,40,,0
화학폐기물,40,,0
가정용폐기물,40,,0
이삿짐폐기물,40,,0
전자제품폐기물,40,,0
짐정리,40,,0
현수막폐기,40,,0
나무철거비용,40,,0
보일러철거,40,보일러,0
부산폐지수거,40,,0
사무실붙박이장,40,,0
시멘트폐기물,40,,0
쓰레기폐기,40,,0
용인시폐기물처리,40,,0
인조잔디폐기,40,,0
인천대형폐기물수거,40,,0
임목폐기물단가,40,,0
전지목,40,,0
창고정리업체,40,,0
침대배출,40,침대,1
특수폐기물처리업체,40,,0
파레트수거,40,,0
폐가구배출,40,,0
폐가전처리,40,,0
폐기물1톤,40,,0
폐기물처리가격,40,,0
폐장판,40,장판,0
현수막수거,40,,0
화성폐기물처리업체,40,,0
PC폐기,40,,0
인제폐기물,40,,0
종이박스수거,40,종이,0
중고노트북팔기,40,노트북,0
컴퓨터매각,40,컴퓨터,0
구형컴퓨터,40,컴퓨터,0
노트북매각,40,노트북,0
노트북매입업체,40,노트북,0
종이수거업체,40,종이,0
중고가구가전매입,40,,0
파지업체,40,,0
강서구폐기물처리업체,40,,0
강화유리5T,40,유리,0
강화유리벽,40,유리,0
거울시공업체,40,거울,0
대리석업체,40,,0
소화기배출,40,소화기,1
소화기폐기업체,40,소화기,1
엘리베이터철거,40,,0
유리회사,40,유리,0
재활용유리,40,유리,1
천장스프링클러,40,,0
판유리버리는법,40,유리,1
폐소화기무상수거,40,소화기,0
하남시폐기물수거,40,,0
혼합폐기물처리단가,40,,0
가정용폐기물수거,35,,0
대구매트리스수거,35,매트리스,0
대구중고티비,35,,0
분당가구수거,35,,0
이불방문수거,35,이불,0
중고가전수거업체,35,,0
중고쇼파팔기,35,쇼파,0
침대프레임철거,35,침대,0
피아노철거,35,피아노,0
헌옷폐기,35,헌옷,1
2층침대버리기,35,침대,1
거실장버리기,35,,0
교습소폐업,35,,0
논산중고가구,35,,0
대구동구폐기물수거,35,,0
대전가구매입,35,,0
돌침대처리,35,침대,0
무주고물상,35,,0
문짝폐기물,35,문짝,1
물건수거,35,,0
붙박이장수거,35,,0
붙박이장폐기,35,,0
붙박이책상철거,35,책상,0
생활폐기물가격,35,,0
석면폐기물처리,35,,0
소파팔기,35,소파,0
자개장수거,35,,0
전동킥보드매입,35,킥보드,0
전자피아노무료수거,35,전자피아노,0
중고가전가구수거,35,,0
카페트수거,35,,0
폐흡착제,35,,0
강남폐유수거,35,,0
동물성기름수거,35,기름,0
물품수거,35,,0
방앗간기름,35,기름,0
인천가전매입,35,,0
인천중고가전수거,35,,0
폐업물품,35,,0
가구분해,35,,0
가스렌지버리기,35,가스렌지,1
가정쓰레기수거,35,,0
김포가구수거,35,,0
냉장고수거비용,35,냉장고,0
대전안마의자수거,35,안마의자,0
부여폐기물처리,35,,0
비닐수거,35,비닐,0
실외기수거,35,,0
원단수거,35,,0
이사수거,35,,0
이사쓰레기수거,35,,0
이사철거,35,,0
익산가구수거,35,,0
장롱분해,35,,0
중고쇼파수거,35,쇼파,0
천안피아노수거,35,피아노,0
테이블수거,35,,0
폐기물회사,35,,0
폐유리수거,35,유리,0
창원폐가구무료수거,35,,0
고양시폐가전,35,,0
공기청정기수거,35,공기청정기,0
샴푸폐기,35,,0
옷걸이수거,35,옷걸이,0
청주가구매입,35,,0
컴퓨터본체매입,35,컴퓨터,0
과일껍질버리는법,35,과일껍질,1
김해중고가구매입,35,,0
창원중고주방,35,,0
화분무료수거,35,화분,0
강화유리수리,35,유리,0
김포유리교체,35,유리,0
대구폐가구수거업체,35,,0
유리값,35,유리,0
유리타공비용,35,유리,0
일산폐가전수거,35,,0
중고식당가구,35,,0
통유리교체비용,35,유리,0
특수마대봉투,35,,0
가스오븐렌지철거,30,오븐,0
강호자원,30,,0
관악구폐가전수거,30,,0
논산폐기물처리,30,,0
대구중고쇼파,30,쇼파,0
석고보드폐기물,30,,0
소각폐기물,30,,0
유리철거,30,유리,0
침대프레임처리,30,침대,0
폐기물용달,30,,0
화분배출,30,화분,1
LG그램중고판매,30,,0
가정집폐기물수거,30,,0
간판제거,30,,0
고장난모니터,30,모니터,0
램중고매입,30,,0
사무실의자폐기,30,의자,1
쓰레기처리비용,30,,0
아크릴폐기,30,,0
안양시폐기물수거,30,,0
오래된노트북처분,30,노트북,0
음식물폐기업체,30,,0
이사짐폐기,30,,0
인천침대수거,30,침대,0
장농철거,30,장농,0
전주폐가전,30,,0
종이소각,30,종이,0
중고드론매입,30,,0
컴퓨터폐기업체,30,컴퓨터,1
페인트처리,30,,0
폐냉장고,30,냉장고,0
혼합폐기물가격,30,,0
화환버리기,30,,0
금고수거,30,금고,0
서울폐유,30,,0
중고가구처리,30,,0
형광등폐기물,30,형광등,1
강북구폐기물수거,30,,0
대전소각장,30,,0
목재수거,30,,0
빈집만들기,30,,0
서울폐기물수거,30,,0
송파구가구수거,30,,0
원룸폐기물,30,,0
인천생활폐기물,30,,0
집폐기물,30,,0
파렛트수거,30,,0
폐기판,30,,0
폐토너처리,30,,0
컴퓨터본체수거,30,컴퓨터,0
폐기물분석기관,30,,0
PC부품판매,30,,0
고장난컴퓨터,30,컴퓨터,0
시흥시폐가전수거,30,,0
컴퓨터기부,30,컴퓨터,0
컴퓨터매매,30,컴퓨터,0
폐가전무료수거서비스,30,,0
폐페인트,30,,0
대형폐가전무료수거,30,,0
동단가,30,,0
중고배터리매입,30,배터리,0
중고컴퓨터매입업체,30,컴퓨터,0
폐컨테이너,30,,0
감지기가격,30,,0
구월동유리,30,유리,0
나무정리,30,,0
부산소방용품,30,,0
소화기폐기비용,30,소화기,1
식물성잔재물,30,,0
원형식탁유리,30,유리,0
유리단가,30,유리,0
유리폐기물처리,30,유리,1
정화조철거,30,,0
페인트수거업체,30,,0
폐아스콘처리비용,30,,0
폐의자수거,30,의자,0
폐파레트,30,,0
강서구이불버리기,25,이불,1
광주폐가구,25,,0
금천구헌옷수거,25,헌옷,0
김치냉장고무상수거,25,김치냉장고,0
대구욕조철거,25,,0
대구중고가구수거,25,,0
대전쇼파수거,25,쇼파,0
벙커침대철거,25,침대,0
성동구폐가전,25,,0
안산폐가구무료수거,25,,0
안산폐가구수거,25,,0
울산화환수거,25,,0
이사가구처분,25,,0
인천책수거,25,,0
장수돌침대수거,25,침대,0
전주폐가구수거,25,,0
중고노트북매입가격,25,노트북,0
진주폐가구수거,25,,0
집물건정리,25,,0
침대처리,25,침대,0
토퍼수거,25,토퍼,0
폐가구처리비용,25,,0
화분수거비용,25,화분,0
3인용쇼파버리기,25,쇼파,1
가구쓰레기,25,,0
가정용쓰레기,25,,0
간이화장실철거,25,,0
개업화분처리,25,화분,0
고장노트북판매,25,노트북,0
고프로매입,25,,0
노트북무료수거,25,노트북,0
대리석식탁폐기,25,식탁,1
대전고철수거,25,,0
디지털피아노버리기,25,피아노,1
러닝머신버리기,25,러닝머신,1
로봇청소기매입,25,로봇청소기,0
리클라이너쇼파버리기,25,쇼파,1
벙커침대버리기,25,침대,1
생활폐기물버리기,25,,0
세탁기방문수거,25,세탁기,0
소파분리수거,25,소파,1
쇼파배출,25,쇼파,1
쇼파버리기비용,25,쇼파,1
에어컨회수,25,에어컨,0
엘지폐가전수거,25,,0
완주고물상,25,,0
용인시재활용,25,,0
원목가구수거,25,,0
임목폐기물수량산출,25,,0
장농폐기물,25,장농,1
장롱버리는비용,25,,0
장롱해체,25,,0
전주시재활용센터,25,,0
중고가전제품수거,25,,0
책상무상수거,25,책상,0
카페트철거,25,,0
폐기물허가,25,,0
폐화분처리,25,화분,0
화분처분,25,화분,0
화환처분,25,,0
화환철거,25,,0
매장정리,25,,0
부평중고가전매입,25,,0
식용유수거,25,식용유,0
영등포폐유수거,25,,0
폐식용유업체,25,식용유,0
MDF폐기,25,,0
가구내려드림,25,,0
가구버리는곳,25,,0
가전가구버리기,25,,0
군산가구수거,25,,0
나무수거,25,,0
나무파렛트폐기,25,,0
내림서비스,25,,0
대전돌침대수거,25,침대,0
대전폐업,25,,0
문구폐업,25,,0
부천시폐기물수거,25,,0
부천폐가구,25,,0
비닐버리는법,25,비닐,1
빨래방폐업,25,,0
생활폐기물수거비용,25,,0
서랍장수거,25,서랍장,0
성북구가구수거,25,,0
소스폐기,25,,0
쇼파해체,25,쇼파,0
스티로폼처리,25,스티로폼,0
유품태우기,25,,0
이삿짐수거,25,,0
일산폐가구수거,25,,0
임목폐기물처리비용,25,,0
철제선반폐기,25,선반,1
청주가구폐기,25,,0
청주집정리업체,25,,0
청주폐가구,25,,0
폐기이사,25,,0
폐에어컨매입,25,에어컨,0
하남폐기물업체,25,,0
PC폐기업체,25,,0
군산중고가구매입,25,,0
침대매트리스무료수거,25,침대,0
폐기물가구,25,,0
군포재활용센터,25,,0
노원재활용,25,,0
노트북고물상,25,노트북,0
대구쓰레기,25,,0
도봉구폐가전,25,,0
안산가구무료수거,25,,0
오래된컴퓨터,25,컴퓨터,0
의왕재활용센터,25,,0
장판수거,25,장판,0
중고가전폐기,25,,0
중고본체매입,25,,0
컴퓨터모니터수거,25,컴퓨터,0
컴퓨터출장매입,25,컴퓨터,0
포장이사쓰레기,25,,0
옷폐기물,25,,0
행거수거,25,행거,0
결혼액자버리기,25,액자,1
경남중고가전,25,,0
고장난모니터수거,25,모니터,0
남양주폐가구,25,,0
독산동고물상,25,,0
부산강서구재활용센터,25,,0
서버폐기업체,25,,0
스위치매입,25,,0
스위치판매,25,,0
신림동고물상,25,,0
의료기기폐기업체,25,,0
전선케이블가격,25,전선,0
파지매입,25,,0
폐가구무료수거업체,25,,0
폐전자제품무료수거,25,,0
강화유리구매,25,유리,0
거울설치비용,25,거울,0
건축폐기물업체,25,,0
경기광주폐기물수거,25,,0
금천구폐기물처리,25,,0
냉동식품폐기,25,,0
대구가구수거업체,25,,0
매장유리문,25,유리,0
부산소화기,25,소화기,0
부산소화기수거,25,소화기,0
부천시폐기물봉투,25,,0
생철가격,25,,0
소화기10KG,25,소화기,0
소화기제조회사,25,소화기,0
순천가구수거,25,,0
신발장거울시공,25,신발,0
쓰레기수거대행,25,,0
여수폐가구수거,25,,0
유리문견적,25,유리,0
유리수선,25,유리,0
유리창문가격,25,유리,0
현관거울교체,25,거울,0
고장난그래픽카드매입,20,,0
대형화분처리,20,화분,0
복합기수거,20,,0
폐기로,20,,0
HDD매입,20,,0
PC중고매입,20,,0
가구처리업체,20,,0
수원시폐가전,20,,0
안쓰는노트북,20,노트북,0
인조잔디폐기물,20,,0
인천화환수거,20,,0
중고부품매입,20,,0
중고하드디스크매입,20,,0
특정폐기물,20,,0
파티션폐기,20,,0
화학물질폐기,20,,0
물품폐기,20,,0
식당집기,20,,0
고장난세탁기,20,세탁기,0
고철폐기물,20,,0
낙엽수거,20,낙엽,0
사무실책상수거,20,책상,0
창고철거,20,,0
폐목재처리비용,20,,0
폐파렛트수거,20,,0
화성시폐기물처리,20,,0
컴퓨터모니터폐기,20,컴퓨터,1
컴퓨터의자수거,20,의자,0
목동폐기물,20,,0
식품폐기물,20,,0
UPS폐기,20,,0
모니터처분,20,모니터,0
알루미늄업체,20,,0
중고인버터매입,20,,0
나무파레트처리,20,,0
대구소화기,20,소화기,0
라운드유리,20,유리,0
소방나라,20,,0
소화기처분,20,소화기,0
쇼케이스업체,20,,0
암롤폐기물,20,,0
이동식화장실업체,20,,0
파렛트업체,20,,0
파유리,20,유리,0
폐소화기수거업체,20,소화기,0
폐소화기처리업체,20,소화기,0
폐콘크리트처리업체,20,,0
헬스장유리,20,유리,0
가구버려주는,15,,0
가구버려주는곳,15,,0
강서구폐가구수거,15,,0
거울철거,15,거울,0
곤지암폐기물,15,,0
광주광역시폐기물수거,15,,0
대가자원,15,,0
대구가구철거,15,,0
대형화분처분,15,화분,0
돌침대무료수거,15,침대,0
런닝머신처분,15,,0
목포폐기물처리,15,,0
묵은짐정리,15,,0
벙커침대수거,15,침대,0
벙커침대폐기,15,침대,1
부모님유품정리,15,,0
생활폐기물처리비용,15,,0
성동구가구수거,15,,0
수성구재활용,15,,0
수원가구버리기,15,,0
수입가구매입,15,,0
시흥시폐기물처리,15,,0
식품폐기,15,,0
식품폐기업체,15,,0
아산폐가구수거,15,,0
아스콘폐기물,15,,0
오산폐가구수거,15,,0
인천돌침대수거,15,침대,0
인천폐지수거,15,,0
중고가구폐기,15,,0
중고수거,15,,0
집안물건정리,15,,0
천안화환수거,15,,0
청주화환수거,15,,0
춘천폐가구수거,15,,0
침구류버리기,15,,0
캐리어냉장고이전설치,15,캐리어,0
폐가구철거,15,,0
폐기물대행,15,,0
폐잉크수거,15,,0
피아노정리,15,피아노,0
항아리수거,15,,0
혼합폐기물처리비,15,,0
화학폐기물처리,15,,0
화환폐기물,15,,0
LG노트북판매,15,노트북,0
PC버리기,15,,0
가구가전매입,15,,0
가구절단,15,,0
가구폐기물가격,15,,0
가구폐기물업체,15,,0
가정중고가구매입,15,,0
개업화분수거,15,화분,0
경기도중고가전,15,,0
고장노트북매입,15,노트북,0
구형노트북매입,15,노트북,0
금고버리기,15,금고,1
노트북교환,15,노트북,0
노트북중고매매,15,노트북,0
노트북중고보상,15,노트북,0
노트북출장매입,15,노트북,0
대형폐기물수거가격,15,,0
대형폐기물폐기,15,,0
대형화분폐기물,15,화분,1
디지털피아노처분,15,피아노,0
메인보드매입,15,,0
무엇이든치워드립니다,15,,0
방구조바꾸기,15,,0
배터리폐기업체,15,배터리,1
베란다마루철거,15,,0
부산가구버리기,15,,0
붙박이장버리기,15,,0
사무실집기정리,15,,0
서울가구수거,15,,0
서울시가전제품무료수거,15,,0
서울화환수거,15,,0
선반철거,15,선반,0
스펀지폐기,15,,0
신발장버리기,15,신발,1
아파트가구버리기,15,,0
안양시가구수거,15,,0
오디오중고매입,15,,0
오래된노트북팔기,15,노트북,0
옷버리는,15,,0
용산구폐가전,15,,0
운동기구처분,15,,0
의자수거업체,15,의자,0
이사가구폐기,15,,0
이층침대수거,15,침대,0
인천가구버리기,15,,0
인천서구폐가전수거,15,,0
인천서구폐기물수거,15,,0
자동차시트폐기,15,,0
장농폐기비용,15,장농,1
장농해체,15,장농,0
장롱폐기비용,15,,0
전자제품중고매입,15,,0
전주고철,15,,0
종이폐기물,15,종이,1
중고가구무상수거,15,,0
중고세탁기팔기,15,세탁기,0
집안폐기물처리,15,,0
책상폐기비용,15,책상,1
침대폐기업체,15,침대,1
큰가구버리기,15,,0
파렛트폐기,15,,0
파티션수거,15,,0
페업,15,,0
폐TV,15,,0
폐모니터,15,모니터,0
폐화분수거,15,화분,0
프린터수거업체,15,프린터,0
플라스틱재생업체,15,,0
항아리폐기물,15,,0
헌책폐기,15,,0
헬스기구처분,15,,0
헬스기구폐기,15,,0
화분회수,15,화분,0
화학약품폐기,15,,0
서울폐유수거,15,,0
인천서구중고가전매입,15,,0
인천폐유,15,,0
집안물건버리기,15,,0
청주폐식용유,15,식용유,0
폐식용유단가,15,식용유,0
폐식용유판매,15,식용유,0
폐업폐기물,15,,0
폐유판매,15,,0
2층침대수거,15,침대,0
가전가구폐기,15,,0
가전쓰레기,15,,0
가정집철거,15,,0
가정집폐기물처리업체,15,,0
간판폐기,15,,0
공장원상복구,15,,0
낙엽처리,15,낙엽,0
노원구가구수거,15,,0
대구화분수거,15,화분,0
대량폐기물,15,,0
대리석식탁수거,15,식탁,0
대전폐가구,15,,0
독서실폐업,15,,0
사무실이사폐기물,15,,0
생활폐기물비용,15,,0
세종시폐가구수거,15,,0
세종폐기물처리,15,,0
소파철거,15,소파,0
소파회수,15,소파,0
송파구폐가구,15,,0
원단버리기,15,,0
음식물폐기물업체,15,,0
음식물폐기물처리업체,15,,0
이불폐기물처리,15,이불,1
이사시폐기물,15,,0
이사짐처분,15,,0
이사폐기,15,,0
이삿짐쓰레기,15,,0
이삿짐폐기,15,,0
장롱폐기물,15,,0
재고폐기,15,,0
주택폐기물,15,,0
중고생활용품,15,,0
집게차탕바리,15,,0
집물건버리기,15,,0
집안폐기물,15,,0
처인구폐기물,15,,0
천막철거,15,,0
침대내림서비스,15,침대,0
침대매트리스처리,15,침대,0
침대폐기물처리,15,침대,1
침대회수,15,침대,0
페기물,15,,0
폐가구내려드림,15,,0
폐가구내림서비스,15,,0
폐가구업체,15,,0
폐가철거,15,,0
폐기물운반업체,15,,0
폐기물전문업체,15,,0
폐기물철거비용,15,,0
폐기물철거업체,15,,0
폐목처리,15,,0
폐비닐처리,15,비닐,0
폐인조잔디,15,,0
폐잉크처리,15,,0
폐형광등수거업체,15,형광등,0
빌트인가전철거,15,,0
수원가전제품무료수거,15,,0
수원시폐가구,15,,0
5톤폐기물,15,,0
PC수거,15,,0
김포폐목재,15,,0
노트북중고팔기,15,노트북,0
서울가구버리기,15,,0
성남폐가구무료수거,15,,0
쓰레기폐기장,15,,0
안마의자회수,15,안마의자,0
장위동폐기물,15,,0
재활용품무료수거,15,,0
페가전무료수거,15,,0
폐가구가전수거,15,,0
폐가전무료배출,15,,0
폐나무,15,,0
폐모니터수거,15,모니터,0
헌책처분,15,,0
휠체어수거,15,,0
사무실가구수거,15,,0
사업장폐기물수거,15,,0
커피숍폐업,15,,0
큰화분처리,15,화분,0
가구옮겨주는업체,15,,0
가산고물상,15,,0
김포시폐가전수거,15,,0
납판가격,15,,0
노트북고가매입,15,노트북,0
대구중고업소용냉장고,15,냉장고,0
대전쇼케이스,15,,0
부산냉난방기중고,15,,0
소각비용,15,,0
수원시가구수거,15,,0
안양시고물상,15,,0
여의도고물상,15,,0
온수매트버릴때,15,온수매트,0
용원재활용센터,15,,0
워크스테이션매입,15,,0
의왕시폐가전수거,15,,0
전산장비폐기업체,15,,0
종이파쇄비용,15,종이,0
중고메인보드매입,15,,0
중고서버판매,15,,0
진해중고,15,,0
천안무료가구수거,15,,0
파동단가,15,,0
플라스틱처리,15,,0
PVC폐기,15,,0
가구폐기물수거업체,15,,0
강서구고철,15,,0
공주시폐기물처리,15,,0
광주소화기,15,소화기,0
광주소화기폐기,15,소화기,1
군포가구수거,15,,0
깨진유리수거,15,유리,0
남동공단폐기물,15,,0
대구가구버리기,15,,0
대구폐가구,15,,0
대전소화기,15,소화기,0
대전유리시공,15,유리,0
동작구폐가구,15,,0
로이복층유리단가,15,유리,0
목포소화기,15,소화기,0
부산폐소화기수거,15,소화기,0
빠레트수거,15,,0
사무용의자수거,15,의자,0
사천시폐기물,15,,0
서면유리,15,유리,0
석고보드처리,15,,0
소화기수리,15,소화기,0
소화기처리업체,15,소화기,0
소화기축광판,15,소화기,0
쇼케이스폐기,15,,0
순천폐가구,15,,0
시흥폐가구수거,15,,0
신나폐기방법,15,,0
신림폐기물,15,,0
아산소방자재,15,,0
아파트유리창교체,15,유리,0
안양유리교체,15,유리,0
옥상화단철거,15,,0
울산소화기,15,소화기,0
유리3T,15,유리,0
유리분말,15,유리,0
유리수거업체,15,유리,0
유리제조공장,15,유리,0
유리창보수,15,유리,0
이동식화장실철거,15,,0
이동식화장실폐기,15,,0
인천소화기,15,소화기,0
인천유리업체,15,유리,0
전주폐가구,15,,0
제주도안전용품,15,,0
주식회사성인,15,,0
중고냉장고처분,15,냉장고,0
중구폐기물신고,15,,0
중국산소화기,15,소화기,0
진주거울,15,거울,0
집안쓰레기,15,,0
타이어버리기,15,,0
통유리견적,15,유리,0
페인트수거,15,,0
폐기물운송,15,,0
폐유수거가격,15,,0
폐필름,15,,0
플라스틱스크랩,15,,0
화성폐가구수거,15,,0
FRP폐기물처리,10,,0
가스레인지처리,10,가스레인지,0
강동구이불버리기,10,이불,1
광주폐기물차,10,,0
광진구이불버리기,10,이불,1
김해가구버리기,10,,0
남양주가구폐기,10,,0
노원구이불버리기,10,이불,1
대구나무파레트,10,,0
대구북구폐가구수거,10,,0
대형폐가구,10,,0
돌침대회수,10,침대,0
돌폐기물,10,,0
매트리스팔기,10,매트리스,0
부산쇼파버리기,10,쇼파,1
불용자산폐기,10,,0
사무실중고매입,10,,0
사무실집기수거,10,,0
사무실폐지,10,,0
사무실폐지수거,10,,0
사설소각장,10,,0
사업장폐기물소각장,10,,0
산업용폐기물처리,10,,0
서산폐가전수거,10,,0
서울책수거,10,,0
서초구이불버리기,10,이불,1
석면폐기,10,,0
소파베드폐기,10,소파,1
송파구가구폐기,10,,0
수은폐기물처리업체,10,,0
순천폐지수거,10,,0
스티로폼회수,10,스티로폼,0
은평구이불버리기,10,이불,1
일반폐기물처리업체,10,,0
일산폐지수거,10,,0
잉여자재매입,10,,0
장난감처리,10,장난감,0
장롱처분,10,,0
전주시폐기물수거,10,,0
전주시폐기물처리,10,,0
제주도폐기물처리업체,10,,0
제주의료폐기물,10,,0
제주폐지수거,10,,0
주방용품폐기,10,,0
책장철거,10,책장,0
파주폐지,10,,0
평택화환수거,10,,0
폐고무처리,10,,0
폐기물처리전문업체,10,,0
폐목재수거업체,10,,0
폐액처리업체,10,,0
폐유처리가격,10,,0
폐종이수거,10,종이,0
프린트수거,10,,0
흙폐기물처리,10,,0
PVC폐기물,10,,0
UBR철거비용,10,,0
가구폐기물처리업체,10,,0
가구폐기처리,10,,0
고장노트북,10,노트북,0
고장맥북매입,10,,0
구형노트북판매,10,노트북,0
기계폐기,10,,0
노트북매입사이트,10,노트북,0
노트북매입시세,10,노트북,0
노트북부품매입,10,노트북,0
목재파렛트폐기,10,,0
보안파쇄업체,10,,0
복사기폐기,10,,0
부품매입,10,,0
비닐수거업체,10,비닐,0
비닐폐기물,10,비닐,1
사무실수거,10,,0
사무실인테리어원상복구,10,,0
사무실책상폐기,10,책상,1
사무실화분처리,10,화분,0
사무실화분폐기,10,화분,1
삼성중고노트북매입,10,노트북,0
생활폐기물대행,10,,0
석재폐기물,10,,0
소파방문수거,10,소파,0
송파구가구버리기,10,,0
수도권폐기물,10,,0
실험장비폐기,10,,0
싱크대폐기,10,,0
쓰레기철거,10,,0
안양폐가구,10,,0
영등포중고가구매입,10,,0
오래된컴퓨터매입,10,컴퓨터,0
완주군폐기물,10,,0
원룸침대버리기,10,침대,1
원룸폐기물처리,10,,0
의료기기폐기물,10,,0
의료장비폐기,10,,0
이삿짐처분,10,,0
이층침대폐기,10,침대,1
인조잔디폐기물처리,10,,0
인천서구가전제품수거,10,,0
잔반수거업체,10,,0
장농분해,10,장농,0
장롱처리,10,,0
장식장버리기,10,,0
전북폐기물처리업체,10,,0
좁은집가구배치,10,,0
중고가구버리기,10,,0
중고노트북처리,10,노트북,0
중고침대매매,10,침대,0
중고컴퓨터처리,10,컴퓨터,0
중랑구폐기물처리업체,10,,0
집기폐기,10,,0
책걸상폐기,10,,0
책상중고매입,10,책상,0
치우고,10,,0
컴퓨터부품중고매입,10,컴퓨터,0
태양광폐기물처리,10,,0
파티션버리기,10,,0
판넬해체,10,,0
페가전수거,10,,0
페기물수거,10,,0
폐가구수거가격,10,,0
폐기물처리금액,10,,0
폐수처리대행,10,,0
폐전선처리,10,전선,0
하드디스크폐기비용,10,,0
현장파쇄업체,10,,0
형광등수거업체,10,형광등,0
혼합폐기물비용,10,,0
회사음식물쓰레기,10,,0
회사음식물처리,10,,0
강동구폐유,10,,0
관악구폐유,10,,0
금고처리,10,금고,0
낙엽폐기물처리,10,낙엽,1
마포폐유,10,,0
사무실가구처리,10,,0
사무실가구처분,10,,0
식품폐기물업체,10,,0
안양폐유,10,,0
일산폐유,10,,0
2.5톤폐기물처리비용,10,,0
FRP폐기물,10,,0
가구중고매매,10,,0
가정쓰레기처리,10,,0
가정폐기물정리,10,,0
가평폐기물처리,10,,0
건설폐기물비용,10,,0
건설폐기물수거,10,,0
나무철거업체,10,,0
냉장고음식물처리,10,냉장고,1
대전가구수거업체,10,,0
대전임목폐기물,10,,0
대전화분수거,10,화분,0
대형폐기물내려드림,10,,0
복사기수거,10,,0
사무실의자수거,10,의자,0
사무실폐기물정리,10,,0
산업폐기물수거,10,,0
산업폐기물수거업체,10,,0
생활폐기물소각장,10,,0
소각폐기,10,,0
쓰레기폐기비용,10,,0
안산폐가구,10,,0
연수구폐가구수거,10,,0
운동기구버릴때,10,,0
원단폐기물,10,,0
의자처리,10,의자,0
이동식화장실수거,10,,0
이민집정리,10,,0
이사짐처리,10,,0
이삿짐철거,10,,0
인천서구가구수거,10,,0
잉크폐기물,10,,0
전광판철거,10,,0
창고폐기물,10,,0
책상처분,10,책상,0
칸막이철거,10,,0
특수폐기물처리비용,10,,0
폐복사기,10,,0
플라스틱파렛트수거,10,,0
플라스틱파렛트폐기,10,,0
하남폐가구수거,10,,0
가구판매사이트,10,,0
강동구폐가구무료수거,10,,0
나무파렛트무상수거,10,,0
다이소버리는법,10,다이소,1
산업폐기물처리단가,10,,0
성남시폐기물업체,10,,0
폐기가구,10,,0
폐전주,10,,0
2층침대철거,10,침대,0
PC매각,10,,0
PC무료수거,10,,0
PC보상판매,10,,0
PC수거업체,10,,0
금고폐기물,10,금고,1
모니터수거업체,10,모니터,0
밧데리폐기,10,,0
보일러폐기,10,보일러,1
복사기폐기물,10,,0
본체수거,10,,0
사무용가구처분,10,,0
성남가구버리기,10,,0
오래된PC,10,,0
오래된컴퓨터판매,10,컴퓨터,0
운동기구처리,10,,0
의료기기수거,10,,0
의료용침대폐기,10,침대,1
인천서구폐가구수거,10,,0
자동차부품폐기,10,,0
자판기수거,10,,0
종이매입,10,종이,0
중고PC매각,10,,0
중고컴퓨터출장매입,10,컴퓨터,0
책처리,10,,0
침대프레임중고판매,10,침대,0
컴퓨터고철,10,컴퓨터,0
컴퓨터중고팔기,10,컴퓨터,0
페인트처리업체,10,,0
폐PC,10,,0
폐기차량,10,,0
폐침목처리,10,,0
건축폐기물처리비,10,,0
아크릴폐기물,10,,0
에폭시폐기물,10,,0
일반폐기물처리,10,,0
토너카트리지폐기,10,,0
폐낙엽,10,낙엽,0
폐도자기,10,,0
폐업사무실정리,10,,0
폐토너폐기,10,,0
형광등폐기물처리,10,형광등,1
PC처분,10,,0
SSD디가우징,10,,0
UPS매입,10,,0
가스렌지무료수거,10,가스렌지,0
강동구가구버리기,10,,0
고장난메인보드,10,,0
고철회사,10,,0
네트워크장비매입,10,,0
네트워크장비폐기,10,,0
디가우징업체,10,,0
몰드변압기교체,10,,0
변압기매각,10,,0
부천시가전제품수거,10,,0
불용PC,10,,0
불용장비매입,10,,0
붙박이장대형폐기물,10,,0
사무실집기매입,10,,0
사무집기매입,10,,0
서버수거,10,,0
송파폐기물처리업체,10,,0
수원폐가구,10,,0
의류소각업체,10,,0
인천동구폐기물,10,,0
인코넬종류,10,,0
자동구간개폐기,10,,0
장비매각,10,,0
장비매매,10,,0
장비매입,10,,0
장비폐기,10,,0
주물단가,10,,0
중고스토리지,10,,0
중고전기자재,10,,0
창원중고사무용품,10,,0
철거자재,10,,0
케이블수거,10,케이블,0
파쇄가격,10,,0
파쇄견적,10,,0
폐PC수거,10,,0
폐모니터매입,10,모니터,0
호이스트정기검사,10,,0
화성시가전제품수거,10,,0
갈비뼈버리는법,10,갈비뼈,1
5KG소화기,10,소화기,0
GLASSPOWDER,10,,0
SUNGIN,10,,0
가연성폐기물처리비,10,,0
거울시공가격,10,거울,0
경기도광주폐기물처리,10,,0
고무폐기물,10,,0
공장폐기물수거,10,,0
광주유리시공,10,유리,0
구미폐가구,10,,0
노후소화기,10,소화기,0
노후소화기폐기,10,소화기,1
다쓴소화기,10,소화기,0
단열재폐기물,10,,0
대구가전제품수거,10,,0
대구소화기폐기,10,소화기,1
대구폐소화기,10,소화기,0
대구폐소화기수거,10,소화기,0
대형강화유리,10,유리,0
발코니유리,10,유리,0
부산소방관리업체,10,,0
부산소화기충전,10,소화기,0
부산소화기판매,10,소화기,0
부산소화기폐기,10,소화기,1
부산완강기,10,,0
부산폐소화기,10,소화기,0
분말소화기수거,10,소화기,0
비닐재활용업체,10,비닐,1
사무실유리교체,10,유리,0
사무실집기철거,10,,0
사무용품수거,10,,0
서울가구수거업체,10,,0
서초구폐가구,10,,0
소각폐기물처리,10,,0
소형가전처리,10,,0
소화기2.3KG,10,소화기,0
소화기4KG,10,소화기,0
소화기무료폐기,10,소화기,1
소화기폐기처리,10,소화기,1
식자재폐기,10,,0
아산소방용품,10,,0
아산소화기,10,소화기,0
양평폐기물수거,10,,0
연감지기,10,,0
울산소방용품,10,,0
울산소화기수거,10,소화기,0
울산소화기폐기,10,소화기,1
울산안마의자수거,10,안마의자,0
울산폐소화기,10,소화기,0
유리골재,10,유리,0
유해폐기물처리,10,,0
의료기기수거업체,10,,0
의정부가구버리기,10,,0
이사폐가구,10,,0
인천소화기폐기,10,소화기,1
인천폐소화기수거,10,소화기,0
전주소화기,10,소화기,0
정읍시폐기물,10,,0
제주소화기,10,소화기,0
조경산업소화기,10,소화기,0
중고강화유리문,10,유리,0
차량화재소화기,10,소화기,0
책상처리,10,책상,0
철거폐기물처리비용,10,,0
청주소화기,10,소화기,0
콘크리트폐기물처리,10,,0
파레트업체,10,,0
파레트처리,10,,0
폐광케이블,10,케이블,0
폐기물중간처리업체,10,,0
폐기물처리차,10,,0
폐기소화기,10,소화기,1
폐목처리업체,10,,0
폐부직포,10,,0
폐소화기재활용,10,소화기,1
폐유리수거업체,10,유리,0
폐파레트처리,10,,0
한국소화기,10,소화기,0
현수막수거업체,10,,0
회사유리문,10,유리,0
