topic,label,n_queries,freq_sum,samples
jongryangje-bongtu,"종량제봉투 (규격, 리터, 가격, 파는곳, 환불)",101,112,100리터 쓰레기봉투 가격 / 20l 쓰레기봉투 가격 / 쓰레기봉투 50리터 가격 / 쓰레기봉투 가격 / 쓰레기봉투 규격 가격 / 쓰레기봉투 종류 가격 / 쓰레기봉투신청방법 / 재활용 봉투 가격
eumsik-bongtu,"음식물 종량제봉투 (용량, 가격, 파는곳)",33,40,음식물쓰레기봉투 파는곳 / 음식물 종량제 가격 / 음식물 종량제 봉투 가격 / 음식물 종량제봉투 / 음식물쓰레기봉투 가격 / 음식물쓰레기봉투 규격 / 음식물 쓰레기 봉투 / 음식물 쓰레기봉투 환불
heonot-heonchaek,"헌옷, 헌책 방문수거 (의류수거함, 업체)",32,33,헌책 수거 가격 / 고물상 / 고물상 가격 / 고물상 비용 / 고물상 시간 / 고물상 자전거 가격 / 고물상 헌옷 가격 / 고물상수입
mudan-tugi,"쓰레기 무단투기 과태료 (금액, 고지서, 이의신청, 신고)",28,28,분리배출 과태료 / 불법 쓰레기 과태료 / 생활쓰레기 과태료 / 쓰레기 과태료 / 쓰레기 과태료 고지서 / 쓰레기 과태료 등기 / 쓰레기 과태료 안내면 / 쓰레기 과태료 이의신청
apateu-bunri,아파트 분리수거 요일과 시간,19,23,아파트 분리수거 방법 / 아파트 분리수거 시간 / 클린하우스 시간 / 클린하우스 요일 / 분리배출 요일 / 분리수거 요일 / 분리수거 요일제 / 아파트 분리수거
isa-sseuregi,"이사할 때 나오는 쓰레기 (한꺼번에 버리는 법, 비용)",16,18,유품정리비용 / 이사 쓰레기 비용 / 대청소 쓰레기버리는방법 / 유품정리 / 유품정리 가격 / 유품정리 비용예상 / 유품정리 시간 / 유품정리방법
bunri-baechul,"분리배출 기본 규칙 (표시, 재활용 안 되는 것)",13,13,pe폼 분리배출 / 분리배출 / 분리배출 누리집 / 분리배출 방법 / 분리배출 종류 / 분리배출 표시제도 / 분리배출kr / 쓰레기 분리배출
wonrum-sseuregi,"원룸, 자취방 쓰레기 배출 (수거함 없는 집)",10,10,원룸 쓰레기 / 원룸 쓰레기 배출 / 원룸 쓰레기 배출 방법 / 원룸 쓰레기 분리 / 원룸 쓰레기 청소 비용 / 원룸 쓰레기집 청소 / 원룸 쓰레기청소 / 원룸 쓰레기통
gongsa-pyegijae,"인테리어, 공사 폐자재 배출",3,3,공사장 폐기물 배출방법 / 공사장 폐기물 재활용 / 인테리어 폐자재 처리 방법
