item,freq,n_queries,has_region_modifier,patterns,top_modifiers,regions,variants,sample_suggestion
수박껍질,33,6,1,분리수거|음식물|음식물쓰레기|버리는 법|분리수거 방법|버리는방법,경기도|일반|분쇄기,대구|제주|인천|안양|울산|부천,수박 껍질,수박껍질 버리는방법
바나나 껍질,28,6,1,분리수거|음식물|버리는법|분리수거 방법|버리는방법,경기도|처리기|일반,부산|서울|대구|전주|고양시|화성시,바나나껍질,바나나껍질 버리는법
베개,27,4,1,버리는법|버리는 방법|버리는|버리는 곳|분리수거|분리수거 방법,,관악구|강남구|구로구|세종|대구|부산,,베개 버리는법
우산,27,8,1,버리는법|분리수거|버리는 방법|분리수거 방법|버리는|분리배출|버리는 곳,아파트|폐기물|종량제|하는 법,수원|서울|인천|관악구,,우산 버리는법
전기장판,24,6,1,버리는법|버리는 방법|분리수거|버리는|버리는 비용|버리는 가격|분리수거 방법,스티커|종량제|비용,김포|수원|고양시|창원,,전기장판 버리는법
후라이팬,24,4,1,버리는법|분리수거|분리수거 방법|버리는 방법|버리는 곳,아파트|종량제|고철|되나요,서울|부산|대전|관악구|성남|강남구,,후라이팬 분리수거 방법
캐리어,23,6,1,버리는법|분리수거|버리는 비용|음식물|버리는 방법|버리는 곳|버리는|버리는 가격|분리수거 방법,아파트|종량제|.방법|비용|함|스티커,부산|부천,,캐리어 버리는법
빨래건조대,22,6,0,버리는법|분리수거|분리수거 방법|버리는 방법|버리는 비용,아파트|스티커|비용,,빨래 건조대,빨래건조대 분리수거 방법
이불,22,8,0,버리는법|분리수거|버리는 방법|분리수거 방법|버리는|음식물,봉투|함|스티커|비용|가격|얼룩,,,이불 버리는 방법
보조배터리,21,8,0,버리는법|버리는 방법|분리수거|버리는|분리배출|분리수거 방법,아파트|곳|주민센터|단자절연,,,보조배터리 버리는 방법
매트리스,20,4,0,버리는법|분리수거|버리는 비용|버리는|버리는 방법|분리수거 방법,스티커|무료|가격|비용|어플|아파트,,,매트리스 버리는 비용
건전지,19,3,1,버리는법|버리는|분리수거|버리는 곳|버리는 방법|분리수거 방법,주민센터|일반|동사무소|곳|찾기|이유,울산|송파구,,건전지 버리는법
선풍기,19,4,1,버리는법|분리수거|버리는 방법|버리는|버리는 곳|분리수거 방법,아파트|무료|스티커|스티커 가격|주민센터|고물상,부산,,선풍기 버리는법
신발,17,4,0,버리는법|버리는|버리는 방법|버리는 법|분리수거|버리는 곳,방법|종량제|함|의류수거함,,,신발 버리는 방법
식용유,16,4,0,버리는법|버리는 방법|버리는 곳|분리수거 방법|음식물쓰레기,유통기한|밀가루|종량제|페트병|음식물,,,식용유 버리는법
노트북,15,3,0,버리는법|버리는 방법|버리는 곳|분리수거|분리수거 방법,아파트|개인정보|주민센터|하드,,,노트북 버리는법
화분,15,4,0,버리는법|버리는 방법|분리수거|버리는 비용|버리는|분리수거 방법,아파트|종량제|봉투|스티커|빼기,,,화분 버리는 방법
솜이불,14,4,1,버리는법|버리는 방법|분리수거,종량제|스티커,전주|제주|부산|대전|성남|서울,,솜이불 버리는법
쇼파,14,4,0,버리는|버리는법|버리는 비용|버리는 방법|버리는 가격|분리수거,어플|업체|금액|스티커 가격|스티커,,,쇼파 버리는 비용
스티로폼,14,3,0,분리수거|버리는법|버리는 방법|버리는 곳|버리는|분리수거 방법,날|플라스틱|종류|배출|비닐|재활용,,,스티로폼 버리는법
침대,14,4,0,버리는법|분리수거|버리는 비용|버리는|버리는 방법,가격|스티커|비용|하는방법|아파트,,,침대 버리는 비용
냉장고,13,4,0,버리는법|음식물|버리는 비용|버리는 방법|버리는|버리는 가격|버리는 곳|분리수거,가격|폐기 방법|버리기|처리 방법,,,냉장고 버리는법
비닐,13,4,1,분리수거|버리는법|버리는 방법|버리는|분리수거 방법|음식물,요일|함|봉투|통|딱지|거치대,표시,,비닐 버리는 방법
유리병,13,3,0,분리수거|버리는법|버리는|버리는 방법|버리는 곳,종량제|봉투|요일|뚜껑|함|배출,,,유리병 버리는법
인형,13,3,0,버리는법|버리는|분리수거|버리는 방법|분리수거 방법,폐기물|봉투|함|의류수거함,,,인형 버리는법
종이컵,13,3,1,분리수거|버리는|버리는법|분리수거 방법,수납|케이스|대|홀더|통|가능,기구,,종이컵 버리는법
청소기,13,3,0,버리는법|분리수거|버리는 방법|버리는 비용|버리는|분리수거 방법,스티커|아파트|가격,,,청소기 버리는법
페트병,13,3,0,분리수거|버리는법|버리는|분리수거 방법,곳|돈|함|포인트|봉투|뚜껑,,,페트병 버리는법
가방,12,3,0,분리수거|버리는법|버리는|버리는 방법|버리는 곳|분리수거 방법,기준|함|하는방법|가능|의류수거함,,,가방 버리는법
계란껍질,12,6,0,음식물|버리는법|분리수거|분리수거 방법|음식물쓰레기,분쇄기|처리기|일반,,계란 껍질,계란껍질 버리는법
김치,12,4,0,음식물|버리는법|음식물쓰레기|버리는 방법|버리는|분리수거|분리수거 방법,처리|처리방법|처리기|종량제|배출,,,김치 버리는법
냄비,12,3,1,버리는법|분리수거|버리는 방법,종량제|아파트|법|고철|하는 법,부산,,냄비 버리는법
다이소,12,3,0,분리수거|음식물쓰레기|버리는법,통|함|봉투|백|스티커|가방,,,다이소 음식물쓰레기통
도자기 그릇,12,7,0,버리는법|분리수거|버리는 방법,아파트,,도자기그릇,도자기그릇 버리는법
변기,12,4,0,음식물|버리는법|버리는 비용|버리는 방법|분리수거|음식물 쓰레기,방법|막힘|버리기|막혔을때|냄새|뚫는법,,,변기 버리는법
양파껍질,12,6,0,음식물|버리는법|분리수거|분리수거 방법|음식물 쓰레기,처리기|일반|인가요|인가,,양파 껍질,양파껍질 버리는법
종이,12,3,0,분리수거|버리는 법|버리는 방법|버리는|버리는 곳|분리수거 방법,날|함|봉투|기준|가방|박스,,,종이 버리는 방법
컴퓨터,12,3,0,버리는법|버리는 방법|분리수거|분리수거 방법|버리는 법,포맷|스티커|하드|하드디스크,,,컴퓨터 버리는법
cd,11,5,0,분리수거|분리수거 방법|버리는법|버리는 방법|버리는 곳,하는법,,,cd 분리수거 방법
수건,11,4,0,버리는법|버리는|분리수거|버리는 방법|버리는 곳,시기|함,,,수건 버리는법
온수매트,11,3,0,버리는법|버리는 방법|버리는 비용|버리는 가격|분리수거|분리수거 방법,스티커|종량제,,,온수매트 버리는법
우유팩,11,3,0,분리수거|버리는법|버리는 방법|분리수거 방법,함|종이|동사무소|의무화|포인트|이유,,,우유팩 버리는법
의자,11,3,0,분리수거|버리는법|버리는 방법|버리는 가격,스티커|비용|스티커 가격|가격|아파트,,,의자 버리는법
전자레인지,11,3,0,버리는법|버리는 방법|버리는 비용|버리는|분리수거|분리수거 방법,아파트|동사무소|스티커,,,전자레인지 버리는법
책상,11,3,0,버리는법|버리는 비용|버리는 법|분리수거|버리는 방법|버리는 가격|버리는,스티커|비용,,,책상 버리는법
치킨뼈,11,4,0,음식물|분리수거|분리수거 방법|버리는 방법|음식물 쓰레기,처리기|일반|과태료|분쇄기,,치킨 뼈,치킨 뼈 버리는 방법
향수,11,3,0,버리는법|버리는 방법|버리는|분리수거|분리수거 방법,변기|뚜껑|뚜껑여는법,,,향수 버리는법
거울,10,3,0,버리는법|버리는|버리는 방법|버리는 곳|분리수거,아파트|스티커,,,거울 버리는법
과일 껍질,10,6,0,버리는 법|분리수거|분리수거 방법|음식물|음식물 쓰레기,처리기,,과일껍질,과일 껍질 버리는 법
그릇,10,4,1,버리는법|분리수거|버리는 방법|분리수거 방법,아파트|종량제,인천,,그릇 버리는법
러그,10,3,0,버리는법|버리는 방법|버리는 비용|분리수거|분리수거 방법,아파트|스티커,,,러그 버리는법
소파,10,4,0,버리는 비용|버리는|버리는법|버리는 방법|분리수거,업체|아파트|어플|스티커,,,소파 버리는 비용
소화기,10,4,0,버리는 방법|버리는법|버리는 법|버리는 곳|버리는 비용|분리수거,아파트,,,소화기 버리는 방법
옷장,10,3,0,버리는법|버리는|버리는 비용|버리는 방법|버리는 가격|분리수거 방법,스티커|업체,,,옷장 버리는법
유리,10,3,0,분리수거|버리는법|분리수거 방법,재활용|고물상|배출|봉투|통|마대,,,유리 버리는법
전기밥솥,10,5,0,버리는법|분리수거|버리는 방법|분리수거 방법,아파트|하는 방법,,,전기밥솥 버리는법
화장품,10,3,0,버리는법|분리수거|버리는 방법|버리는 곳|버리는|분리수거 방법,종량제|업체,,,화장품 버리는법
갈비뼈,9,6,0,버리는법|분리수거 방법|분리수거|버리는 방법|음식물,처리방법,,갈비 뼈,갈비뼈 버리는 방법
기름,9,4,0,버리는법|버리는 방법|버리는 곳|버리는|분리수거|음식물 쓰레기,밀가루|통,,,기름 버리는법
식탁,9,3,0,버리는 법|버리는|분리수거|버리는 방법|버리는 비용|버리는 가격,스티커,,,식탁 버리는 방법
유리그릇,9,5,0,버리는법|분리수거|분리수거 방법,아파트|마대|방법,,유리 그릇,유리그릇 버리는법
유리컵,9,3,0,버리는법|버리는 방법|분리수거|분리수거 방법,분리수거|마대,,,유리컵 버리는법
카시트,9,3,0,분리수거|버리는법|버리는 비용|버리는 방법|버리는 가격|분리수거 방법,스티커|비용,,,카시트 버리는법
tv,8,4,0,버리는법|분리수거|버리는 방법|버리는 비용,아파트,,,tv 버리는법
나무도마,8,7,0,버리는법|분리수거|버리는 방법,,,나무 도마,나무도마 버리는법
된장,8,4,0,버리는법|분리수거|음식물|버리는 방법|음식물쓰레기,방법|처리|처리방법,,,된장 버리는법
멀티탭,8,3,0,버리는법|버리는 방법|버리는 곳|분리수거|분리수거 방법,아파트,,,멀티탭 버리는법
모니터,8,3,0,버리는법|버리는 방법|버리는 비용|분리수거|분리수거 방법,아파트,,,모니터 버리는법
사진,8,2,0,버리는 방법|버리는법|버리는 법|버리는,,,,사진 버리는법
세면대,8,4,0,음식물|버리는법|버리는방법|분리수거,막힘|뚫는법|막힘 뚫는법,,,세면대 버리는법
수저,8,3,0,버리는법|버리는 방법|버리는|분리수거|분리수거 방법,,,,수저 버리는법
안경,8,3,0,버리는법|버리는 방법|버리는 곳|분리수거|분리수거 방법,,,,안경 버리는법
액자,8,3,0,버리는법|분리수거|버리는 방법|분리수거 방법,종량제|스티커,,,액자 버리는법
양산,8,4,0,음식물|버리는 법|버리는 방법|분리수거 방법,배출 방법|수거방법|스티커가격|전용통,,,양산 버리는 방법
옷걸이,8,3,0,버리는법|버리는 방법|버리는 곳|분리수거|분리수거 방법,캔,,,옷걸이 버리는법
장난감,8,3,0,버리는법|분리수거|버리는 방법|버리는 곳|버리는|분리수거 방법,봉투|플라스틱,,,장난감 버리는법
조개껍질,8,4,0,음식물|버리는 법|버리는 방법|분리수거|분리수거 방법,처리기|처리,,,조개껍질 버리는 방법
충전케이블,8,7,0,버리는법|분리수거|버리는 방법,,,충전 케이블,충전케이블 버리는법
토퍼,8,4,0,버리는법|버리는 방법|버리는 비용|버리는|분리수거|분리수거 방법,스티커,,,토퍼 버리는법
피아노,8,4,0,버리는 비용|버리는법|버리는 방법|버리는 가격|분리수거|분리수거 방법,,,,피아노 버리는 비용
행거,8,3,0,버리는법|분리수거|버리는 방법|버리는 비용,폐기물|스티커,,,행거 버리는법
휴대폰,8,3,0,버리는법|분리수거|버리는 방법|버리는 곳,주민센터|하는법,,,휴대폰 버리는법
결혼액자,7,4,0,버리는법|버리는 방법,,,결혼 액자,결혼 액자 버리는 방법
골프채,7,3,0,분리수거|버리는법|버리는 방법|버리는 비용,방법|스티커 가격,,,골프채 버리는법
김치냉장고,7,5,0,버리는법|버리는 비용|버리는 방법|분리수거,방법,,,김치냉장고 버리는법
도마,7,3,0,버리는법|버리는 방법|분리수거|분리수거 방법,플라스틱,,,도마 버리는법
모자,7,3,0,버리는 방법|버리는 법|버리는 곳|버리는|분리수거|분리수거 방법|버리는법,,,,모자 버리는 방법
부푼 보조배터리,7,6,0,버리는법|분리수거,아파트,,,부푼 보조배터리 버리는법
빨대,7,3,0,분리수거|버리는법|버리는방법|분리수거 방법,비닐|플라스틱,,,빨대버리는법
생선뼈,7,4,0,음식물|버리는법|분리수거|음식물쓰레기,처리기|일반,,,생선뼈 버리는법
세탁기,7,3,0,버리는법|버리는 비용|버리는 방법|버리는|분리수거|분리수거 방법,.방법,,,세탁기 버리는법
안마의자,7,4,0,버리는법|버리는 방법|분리수거,무료|가격,,,안마의자 버리는법
에어프라이어,7,3,0,버리는법|버리는 방법|버리는 비용|분리수거,아파트,,,에어프라이어 버리는법
영양제,7,4,0,버리는법|분리수거|버리는 방법|버리는 곳|음식물쓰레기,방법,,,영양제 버리는법
운동화,7,3,0,버리는법|버리는 방법|분리수거|분리수거 방법,종량제,,,운동화 버리는법
장판,7,3,0,버리는법|분리수거|버리는 방법|버리는 비용|분리수거 방법,되나,,,장판 버리는법
전선,7,4,0,분리수거 방법|버리는법|버리는 방법|버리는 곳|분리수거,,,,전선 분리수거 방법
정수기,7,3,0,버리는법|버리는 방법|버리는 비용|분리수거,아파트,,,정수기 버리는법
충전기,7,3,0,버리는법|분리수거|버리는 방법|버리는 곳|분리수거 방법,플라스틱,,,충전기 버리는법
칫솔,7,4,0,버리는법|분리수거|버리는 방법|버리는|음식물,플라스틱|빼는법,,,칫솔 버리는 방법
컵라면,7,4,0,분리수거 방법|버리는법|분리수거|버리는 방법,종이,,,컵라면 분리수거 방법
코팅종이,7,7,0,버리는법|분리수거,,,코팅 종이,코팅종이 버리는법
형광등,7,3,0,버리는법|분리수거|버리는 방법|버리는 곳|분리수거 방법,함 위치,,,형광등 버리는법
led,6,4,0,버리는법|분리수거|분리수거 방법,,,,led 버리는법
공기청정기,6,3,0,버리는법|분리수거|버리는 방법|버리는 가격,방법,,,공기청정기 버리는법
무선청소기,6,5,0,버리는법|분리수거,아파트,,,무선청소기 버리는법
밥솥,6,3,0,버리는법|버리는 법|버리는 방법|분리수거,,,,밥솥 버리는법
벽지,6,4,0,버리는법|버리는 방법|분리수거|분리수거 방법|음식물,방지,,,벽지 버리는법
보냉가방,6,5,0,버리는법|분리수거|분리수거 방법,,,,보냉가방 버리는법
보냉백,6,3,0,버리는법|분리수거|버리는 방법|분리수거 방법,비닐,,,보냉백 버리는법
사기그릇,6,3,1,버리는법,아파트|종량제,마포구,,사기그릇 버리는법
서랍장,6,3,0,버리는법|버리는 비용|버리는|버리는 방법|분리수거,가격,,,서랍장 버리는법
세탁소 옷걸이,6,5,0,버리는법|분리수거|분리수거 방법,,,,세탁소 옷걸이 버리는법
아이스팩,6,3,0,버리는법|버리는 방법|버리는 곳|분리수거|분리수거 방법,,,,아이스팩 버리는법
옥수수대,6,3,0,음식물|버리는 방법|분리수거|분리수거 방법|음식물쓰레기,처리기,,,옥수수대 버리는 방법
유모차,6,3,0,버리는법|분리수거|버리는 방법|버리는 비용,방법,,,유모차 버리는법
제습기,6,3,0,버리는법|분리수거|버리는 방법|버리는 비용,방법,,,제습기 버리는법
조화,6,3,0,버리는법|분리수거|버리는|버리는 방법,방법,,,조화 버리는법
커피찌꺼기,6,4,0,음식물|분리수거|버리는 방법,인가요|처리기,,커피 찌꺼기,커피 찌꺼기 버리는 방법
타일,6,3,0,버리는법|버리는 방법|버리는|분리수거|분리수거 방법,봉투,,,타일 버리는법
프라이팬,6,3,0,버리는법|분리수거|버리는 방법|분리수거 방법,아파트,,,프라이팬 버리는법
헌옷,6,3,0,버리는법|분리수거|분리수거 방법,종량제|비닐,,,헌옷 버리는법
화분 흙,6,3,1,버리는법|버리는 방법|분리수거,,인천|파주,,화분 흙 버리는법
화장대,6,3,0,버리는 법|버리는 비용|버리는 가격|버리는|분리수거,스티커|방법,,,화장대 버리는 법
dvd,5,4,0,버리는법|분리수거|버리는 방법,방법,,,dvd 버리는법
가스레인지,5,4,0,버리는법|버리는 방법|분리수거|음식물,방지,,,가스레인지 버리는법
가습기,5,3,0,버리는법|버리는 방법|버리는 비용|분리수거,,,,가습기 버리는법
건조기,5,4,0,버리는 법|버리는방법|분리수거|음식물,처리기,,,건조기 버리는 법
기저귀,5,3,0,버리는법|버리는 곳|버리는|분리수거,봉투|방법,,,기저귀 버리는법
깨진 유리컵,5,4,0,버리는법|버리는 방법|분리수거,,,,깨진 유리컵 버리는법
깨진그릇,5,4,0,버리는법|분리수거 방법|분리수거,,,깨진 그릇,깨진그릇 버리는법
나무젓가락,5,3,0,분리수거|버리는 법|분리수거 방법,종이,,,나무젓가락 분리수거
달걀 껍질,5,4,0,분리수거|버리는 방법|음식물|음식물쓰레기,,,달걀껍질,달걀 껍질 버리는 방법
도자기 화분,5,4,0,버리는법|분리수거 방법,아파트,,도자기화분,도자기 화분 버리는법
돌침대,5,4,0,버리는법|버리는 방법|분리수거,,,,돌침대 버리는법
로봇청소기,5,4,0,버리는법|분리수거,아파트,,,로봇청소기 버리는법
머그컵,5,3,0,버리는법|버리는 방법|분리수거|분리수거 방법,,,,머그컵 버리는법
면도기,5,3,0,버리는법|버리는방법|분리수거|분리수거 방법,,,,면도기 버리는법
문짝,5,3,0,버리는법|버리는 방법|버리는|분리수거,비용,,,문짝 버리는법
배터리,5,3,0,버리는법|버리는 방법|분리수거|분리수거 방법,,,,배터리 버리는법
뽁뽁이,5,3,0,분리수거|버리는법,비닐|일반,,,뽁뽁이 분리수거
손선풍기,5,5,0,버리는법|분리수거,,,,손선풍기 버리는법
솜베개,5,5,0,버리는법|분리수거,,,,솜베개 버리는법
스텐냄비,5,4,0,버리는법|분리수거 방법|분리수거,,,스텐 냄비,스텐냄비 버리는법
식탁의자,5,4,0,버리는법|분리수거|분리수거 방법,비,,,식탁의자 버리는법
실내자전거,5,4,0,버리는법|분리수거,방법,,,실내자전거 버리는법
압력밥솥,5,4,0,버리는법|분리수거 방법|분리수거,,,,압력밥솥 버리는법
앨범,5,3,0,버리는법|버리는 방법|분리수거|분리수거 방법,,,,앨범 버리는법
양은냄비,5,5,0,버리는법|분리수거,,,,양은냄비 버리는법
어항,5,3,0,버리는법|분리수거|버리는 방법,하는법,,,어항 버리는법
여행가방,5,4,0,버리는법|분리수거,방법,,,여행가방 버리는법
은박지,5,3,0,버리는법|버리는 방법|분리수거|분리수거 방법,,,,은박지 버리는법
일회용 보조배터리,5,5,0,버리는 법|분리수거,,,,일회용 보조배터리 버리는 법
자전거,5,3,0,버리는법|버리는 방법|버리는 비용|분리수거,,,,자전거 버리는법
졸업앨범,5,4,0,버리는법|버리는 방법|분리수거 방법,,,,졸업앨범 버리는법
차렵이불,5,4,0,버리는법|분리수거,방법,,,차렵이불 버리는법
천가방,5,4,0,버리는법|분리수거,방법,,,천가방 버리는법
철제선반,5,4,0,버리는법|분리수거|분리수거 방법,,,,철제선반 버리는법
치약,5,3,0,버리는법|버리는 방법|분리수거|분리수거 방법,,,,치약 버리는법
침대 매트리스,5,4,0,버리는법|분리수거|분리수거 방법,,,침대매트리스,침대 매트리스 버리는법
카펫,5,3,0,버리는법|버리는 방법|버리는 비용|음식물,청소방법,,,카펫 버리는법
커터칼,5,4,0,버리는법|버리는 방법|분리수거,,,,커터칼 버리는법
커튼,5,3,0,버리는법|버리는 방법|분리수거|분리수거 방법,,,,커튼 버리는법
케이블,5,3,0,버리는법|버리는 방법|분리수거|분리수거 방법,,,,케이블 버리는법
콘센트,5,3,0,버리는법|버리는 방법|분리수거|분리수거 방법,,,,콘센트 버리는법
킥보드,5,3,0,버리는법|버리는방법|분리수거|분리수거 방법,,,,킥보드 버리는법
티백,5,4,0,버리는법|버리는 방법|분리수거 방법|음식물,처리방법,,,티백 버리는법
파쇄종이,5,5,0,버리는법|분리수거,,,,파쇄종이 버리는법
플라스틱 옷걸이,5,5,0,버리는 법|분리수거,,,,플라스틱 옷걸이 버리는 법
호일,5,3,0,버리는 법|버리는 방법|분리수거|분리수거 방법,,,,호일 버리는 방법
led 전구,4,3,0,버리는 방법|버리는 법|분리수거|분리수거 방법,,,LED전구|led전구,led 전구 버리는 방법
pcm 아이스팩,4,4,0,버리는법|분리수거,,,,pcm 아이스팩 버리는법
가죽가방,4,4,0,버리는법|분리수거,,,,가죽가방 버리는법
고추씨,4,4,0,버리는법|분리수거|음식물쓰레기,방법,,,고추씨버리는법
골프가방,4,4,0,버리는법|분리수거,,,,골프가방 버리는법
과일 스티로폼,4,3,0,분리수거|버리는 법|분리수거 방법,,,,과일 스티로폼 분리수거
금고,4,3,0,버리는 법|버리는 방법|분리수거,,,,금고 버리는 법
깨진 접시,4,4,0,버리는법|분리수거,,,,깨진 접시 버리는법
나무그릇,4,4,0,버리는법|분리수거,,,,나무그릇 버리는법
나무액자,4,4,0,버리는법|분리수거,,,,나무액자 버리는법
나무장난감,4,4,0,버리는법|분리수거,,,나무 장난감,나무장난감 버리는법
나뭇가지,4,3,0,버리는법|버리는 방법|분리수거,,,,나뭇가지 버리는법
낙엽,4,3,0,버리는 법|버리는 방법|분리수거,,,,낙엽 버리는 법
남은 화장품,4,4,0,버리는 법|분리수거,,,,남은 화장품 버리는 법
노트,4,3,0,버리는 법|분리수거|분리수거 방법,,,,노트 버리는 법
노트북 배터리,4,4,0,버리는법|분리수거,,,,노트북 배터리 버리는법
다리미,4,3,0,버리는법|버리는 방법|분리수거,,,,다리미 버리는법
대형인형,4,4,0,버리는법|분리수거,,,,대형인형 버리는법
데코타일,4,4,0,버리는법|분리수거,,,,데코타일 버리는법
러닝머신,4,3,0,버리는법|버리는 방법|분리수거,,,,러닝머신 버리는 방법
리튬배터리,4,4,0,버리는법|분리수거,방법,,,리튬배터리 버리는법
마스크,4,3,0,버리는법|버리는 방법|분리수거,,,,마스크 버리는법
매니큐어,4,3,0,버리는법|버리는 방법|분리수거,,,,매니큐어 버리는법
명함,4,3,0,버리는법|버리는|분리수거,방법,,,명함 버리는법
무선충전기,4,4,0,버리는법|분리수거,,,,무선충전기 버리는법
물티슈,4,3,0,버리는 법|분리수거|분리수거 방법,,,,물티슈 버리는 법
미니선풍기,4,4,0,버리는법|분리수거,,,,미니선풍기 버리는법
방충망,4,3,0,버리는법|버리는 방법|분리수거,,,,방충망 버리는법
범퍼침대,4,4,0,버리는법|분리수거,,,,범퍼침대 버리는법
법랑냄비,4,4,0,버리는법|분리수거,,,,법랑냄비 버리는법
벨트,4,3,0,버리는 법|버리는 방법|분리수거,,,,벨트 버리는 법
보온병,4,3,0,버리는법|버리는 방법|분리수거,,,,보온병 버리는법
봉제인형,4,4,0,버리는법|분리수거,,,,봉제인형 버리는법
솜인형,4,4,0,버리는법|분리수거,,,,솜인형 버리는법
스팀다리미,4,4,0,버리는법|분리수거,,,,스팀다리미 버리는법
스프링노트,4,3,0,분리수거|버리는법|분리수거 방법,,,스프링 노트,스프링노트 분리수거
시스템행거,4,4,0,버리는법|분리수거,,,시스템 행거,시스템행거 버리는법
아크릴액자,4,4,0,버리는법|분리수거,,,,아크릴액자 버리는법
아파트 냄비,4,4,0,버리는법|분리수거,방법,,,아파트 냄비 버리는법
아파트 선풍기,4,4,0,버리는법|분리수거,,,,아파트 선풍기 버리는법
알루미늄 호일,4,3,0,분리수거|버리는법|분리수거 방법,,,알루미늄호일,알루미늄 호일 분리수거
에어컨,4,3,0,버리는 법|버리는 비용|분리수거,,,,에어컨 버리는 법
여행용 캐리어,4,4,0,버리는법|분리수거,,,,여행용 캐리어 버리는법
옥수수,4,3,0,음식물쓰레기|버리는법|분리수거|분리수거 방법,,,,옥수수 음식물쓰레기
왕자행거,4,4,0,버리는법|분리수거,방법,,,왕자행거 버리는법
유리냄비,4,4,0,버리는법|분리수거,,,,유리냄비 버리는법
전기면도기,4,4,0,버리는법|분리수거,,,,전기면도기 버리는법
전신거울,4,4,0,버리는법|분리수거 방법,,,,전신거울 버리는법
전자피아노,4,4,0,버리는법|분리수거,방법,,,전자피아노 버리는법
접이식 매트리스,4,4,0,버리는법|분리수거,,,,접이식 매트리스 버리는법
젤아이스팩,4,4,0,버리는법|분리수거,,,젤 아이스팩,젤아이스팩 버리는법
좌식의자,4,4,0,버리는법|분리수거,방법,,,좌식의자 버리는법
진공청소기,4,4,0,버리는법|분리수거,,,,진공청소기 버리는법
참치캔,4,4,0,버리는법|분리수거,,,,참치캔 버리는법
책상의자,4,4,0,버리는법|분리수거,,,,책상의자 버리는법
캠핑의자,4,4,0,버리는법|분리수거,,,,캠핑의자 버리는법
컴퓨터 모니터,4,4,0,버리는법|분리수거,,,컴퓨터모니터,컴퓨터 모니터 버리는법
컴퓨터의자,4,4,0,버리는법|분리수거,,,,컴퓨터의자 버리는법
쿠킹호일,4,3,0,분리수거|버리는법|분리수거 방법,,,,쿠킹호일 분리수거
크록스 신발,4,4,0,버리는법|분리수거,,,,크록스 신발 버리는법
토퍼 매트리스,4,4,0,버리는법|분리수거,,,토퍼매트리스,토퍼 매트리스 버리는법
프린터,4,3,0,버리는법|버리는 방법|분리수거,방법,,,프린터 버리는법
헌신발,4,4,0,버리는법|분리수거,,,,헌신발 버리는법
휴대폰 배터리,4,4,0,버리는법|분리수거,,,,휴대폰 배터리 버리는법
휴지심,4,3,0,분리수거|재활용|버리는법,종이,,,휴지심 재활용
겨울이불,3,3,0,버리는법,,,,겨울이불 버리는법
결혼앨범,3,3,0,버리는법,,,,결혼앨범 버리는법
고장난 우산,3,3,0,버리는 방법|버리는 법|분리수거,,,,고장난 우산 버리는 방법
고추장 된장,3,3,0,버리는법,,,,고추장 된장 버리는법
곡물 아이스팩,3,3,0,버리는법,,,,곡물 아이스팩 버리는법
극세사 이불,3,3,0,버리는 방법|버리는 법|분리수거,,,극세사이불,극세사 이불 버리는 방법
깨진 유리병,3,2,0,분리수거|분리수거 방법,,,,깨진 유리병 분리수거
깨진 화분,3,3,0,버리는 방법|버리는 법|분리수거,,,,깨진 화분 버리는 방법
깨진거울,3,3,0,버리는법,,,,깨진거울 버리는법
나무 옷걸이,3,3,0,분리수거|버리는 법,,,,나무 옷걸이 분리수거
남은 식용유,3,3,0,버리는법,,,,남은 식용유 버리는법
냄비 후라이팬,3,3,0,버리는 방법|버리는법|분리수거,,,,냄비 후라이팬 버리는 방법
대리석 식탁,3,3,0,버리는법,,,,대리석 식탁 버리는법
대형 액자,3,3,0,버리는법,,,,대형 액자 버리는법
도기 그릇,3,3,0,버리는법,,,,도기 그릇 버리는법
돼지기름,3,3,0,버리는 법,,,,돼지기름 버리는 법
렌즈,3,3,0,버리는법|분리수거,,,,렌즈 버리는법
멸균우유팩,3,3,0,분리수거|버리는법,,,,멸균우유팩 분리수거
부직포가방,3,3,0,분리수거|버리는법,,,부직포 가방,부직포가방 분리수거
상장,3,2,0,버리는 법|버리는,,,,상장 버리는 법
실리콘도마,3,3,0,분리수거|버리는법,,,실리콘 도마,실리콘도마 분리수거
쓰던수건,3,3,0,버리는법,,,,쓰던수건 버리는법
아이 장난감,3,3,0,분리수거|버리는 방법,,,,아이 장난감 버리는 방법
아파트 책,3,3,0,버리는법|분리수거,,,,아파트 책 버리는법
양파망,3,2,0,분리배출|분리수거|분리수거 방법,,,,양파망 분리배출
염색약,3,3,0,버리는법|분리수거 방법,,,,염색약 버리는법
오리기름,3,3,0,버리는법,,,,오리기름 버리는법
유선청소기,3,3,0,버리는법,,,,유선청소기 버리는법
일회용 면도기,3,3,0,분리수거|버리는법,,,,일회용 면도기 분리수거
잡지,3,3,0,버리는법|분리수거,,,,잡지 버리는법
전기콘센트,3,3,0,버리는법,,,,전기콘센트 버리는법
전동칫솔,3,3,0,버리는 방법|버리는법|분리수거,,,,전동칫솔 버리는 방법
주방칼,3,3,0,버리는 방법|버리는법|분리수거,,,,주방칼 버리는 방법
책장,3,3,0,버리는 비용|버리는 법|분리수거,,,,책장 버리는 비용
철사 옷걸이,3,3,0,분리수거|버리는 법,,,,철사 옷걸이 분리수거
코팅냄비,3,3,0,버리는법,,,,코팅냄비 버리는법
코팅된 종이,3,3,0,분리수거|버리는 법,,,,코팅된 종이 분리수거
쿠팡 비닐,3,2,0,분리수거,함,,,쿠팡 비닐 분리수거
큰 액자,3,3,0,버리는 법,,,,큰 액자 버리는 법
큰 인형,3,3,0,버리는 법,,,,큰 인형 버리는 법
탄 냄비,3,3,0,버리는 방법|버리는 법|분리수거 방법,,,탄냄비,탄 냄비 버리는 방법
텀블러,3,3,0,버리는법|분리수거,,,,텀블러 버리는법
톱밥,3,3,0,버리는 방법|버리는법|분리수거,,,,톱밥 버리는 방법
튀김 기름,3,3,0,버리는법,,,,튀김 기름 버리는법
편의점,3,2,0,종량제봉투|분리수거|분리수거 방법,봉투,,,편의점 종량제봉투
플라스틱 장난감,3,2,0,분리수거,배출,,,플라스틱 장난감 분리수거
핸드폰 배터리,3,3,0,버리는 방법|버리는 법|분리수거,,,,핸드폰 배터리 버리는 방법
햇반 그릇,3,3,0,분리수거|버리는 법,,,,햇반 그릇 분리수거
화병,3,3,0,버리는법|분리수거,방법,,,화병 버리는법
휴대용 선풍기,3,3,0,버리는 방법|버리는 법|분리수거,,,,휴대용 선풍기 버리는 방법
흙침대,3,3,0,버리는법,,,,흙침대 버리는법
pe폼,2,2,0,분리배출|분리수거,,,,pe폼 분리배출
가위 칼,2,2,0,버리는 방법|버리는 법,,,,가위 칼 버리는 방법
고기 기름,2,2,0,버리는 방법|버리는 법,,,,고기 기름 버리는 방법
깨진유리,2,2,0,버리는법|분리수거,,,,깨진유리 버리는법
배게,2,2,0,버리는 방법|분리수거 방법,,,,배게 버리는 방법
보일러,2,2,0,버리는법,,,,보일러 버리는법
뽁뽁이 비닐,2,2,0,분리수거,,,,뽁뽁이 비닐 분리수거
사진액자,2,2,0,버리는 방법|버리는법,,,사진 액자,사진액자 버리는 방법
선반,2,2,0,버리는법,,,,선반 버리는법
신문,2,2,0,버리는 방법|분리수거,,,,신문 버리는 방법
아이돌앨범,2,2,0,분리수거,,,,아이돌앨범 분리수거
안쓰는 그릇,2,2,0,버리는 법,,,,안쓰는 그릇 버리는 법
오븐,2,2,0,버리는법,,,,오븐 버리는법
은박 보냉백,2,2,0,분리수거,,,,은박 보냉백 분리수거
이불 베개,2,2,0,버리는 방법|버리는 법,,,,이불 베개 버리는 방법
작은 화분,2,2,0,버리는 방법|버리는 법,,,,작은 화분 버리는 방법
장농,2,2,0,버리는 비용|버리는법,,,,장농 버리는 비용
재봉틀,2,2,0,버리는법,,,,재봉틀 버리는법
철제 옷걸이,2,2,0,분리수거,,,,철제 옷걸이 분리수거
쿠쿠,2,2,0,음식물|버리는법,처리기,,,쿠쿠 음식물처리기
탈색약,2,2,0,버리는법,,,,탈색약 버리는법
폐약,2,2,0,버리는 법,,,,폐약 버리는 법
플라스틱 빨대,2,2,0,분리수거,,,,플라스틱 빨대 분리수거
플라스틱 캔,2,2,0,분리수거,,,,플라스틱 캔 분리수거
히터,2,2,0,버리는 법,,,,히터 버리는 법
가스렌지,1,1,0,버리는 비용,,,,가스렌지 버리는 비용
강화유리,1,1,0,버리는법,,,,강화유리 버리는법
게 톱밥,1,1,0,버리는법,,,,게 톱밥 버리는법
꽃게 톱밥,1,1,0,버리는법,,,,꽃게 톱밥 버리는법
다 쓴 치약,1,1,0,분리수거,,,,다 쓴 치약 분리수거
베개 이불,1,1,0,버리는법,,,,베개 이불 버리는법
삶은옥수수,1,1,0,버리는법,,,,삶은옥수수 버리는법
식탁유리,1,1,0,버리는법,,,,식탁유리 버리는법
여름이불,1,1,0,버리는법,,,,여름이불 버리는법
유리 접시,1,1,0,분리수거,,,,유리 접시 분리수거
젓가락,1,1,0,분리수거,,,,젓가락 분리수거
조제약,1,1,0,버리는 방법,,,,조제약 버리는 방법
찐옥수수,1,1,0,버리는법,,,,찐옥수수 버리는법
큰 베개,1,1,0,버리는 방법,,,,큰 베개 버리는 방법
