keyword,volume,axis
삼성서비스센터,616800,설치-AS
구리시세,73910,시세
폐가전무료수거,51810,무상수거-가전
폐가전무상수거,17830,무상수거-가전
소형가전무료수거,17230,무상수거-가전
대형폐기물스티커,16790,대형폐기물-신고
가전무료수거,13730,무상수거-가전
가전제품무료수거,13130,무상수거-가전
중고서점,12990,중고-판매
대형폐기물인터넷신고,11180,대형폐기물-신고
동시세,10900,시세
에어컨실외기,10510,설치-AS
중고책,9820,중고-판매
폐기,8670,기타
폐가구무료수거,8110,무상수거-가구
전자제품무료수거,7990,무상수거-가전
주방후드세척,7410,설치-AS
에어컨이전설치비용,6400,설치-AS
에어컨설치비용,6070,설치-AS
폐가전무상방문수거,5950,무상수거-가전
중고가구,5850,중고-판매
고철시세,5840,시세
폐가전수거,5750,기타
폐가전방문수거,5170,기타
책버리는법,4690,버리는법
무료가전수거,4260,무상수거-가전
에어컨배관,4250,설치-AS
무료폐가전수거,3850,무상수거-가전
중고에어컨판매,3530,중고-판매
성남시폐기물신고,3520,대형폐기물-신고
매트리스버리는법,3280,버리는법
중고가전판매,3160,중고-판매
헌책방,3100,기타
엘지전자AS,2920,설치-AS
무료가구수거,2830,무상수거-가구
성북구폐기물신고,2660,대형폐기물-신고
수거,2660,기타
3IN1에어컨,2610,기타
에어컨중고,2570,중고-판매
에어컨중고판매,2540,중고-판매
중랑구폐기물신고,2380,대형폐기물-신고
중고도서,2380,중고-판매
중고가구팔기,2310,중고-판매
청주철거,2260,기타
헌이불수거,2210,기타
폐가전,2160,기타
가구무료수거,2110,무상수거-가구
평택가구단지,2090,기타
에어컨철거비용,1920,기타
중고책판매,1870,중고-판매
에어컨중고매입,1670,중고-판매
천안가구단지,1660,기타
에어컨매입,1610,중고-판매
대형가전무료수거,1530,무상수거-가전
가구수거,1530,기타
폐가전버리기,1510,버리는법
중고책기부,1490,중고-판매
시스템에어컨실외기,1410,설치-AS
중고책수거,1360,중고-판매
가전제품버리기,1310,버리는법
냉장고수거,1300,기타
천안가구,1280,기타
컴퓨터매입,1250,중고-판매
컴퓨터버리는법,1230,버리는법
중고세탁기판매,1190,중고-판매
창문형에어컨설치,1100,설치-AS
소형가전수거함,1090,기타
냉장고무료수거,1070,기타
책기부,1070,기타
철거비용,1050,기타
서울철거,1040,기타
중고스탠드에어컨,1010,중고-판매
중고책매입,990,중고-판매
점포매매,980,기타
가전제품수거,970,기타
자원순환,970,기타
에어컨설치기사,960,설치-AS
냉난방기가격,960,기타
매트리스수거,950,기타
중고가구무료수거,940,무상수거-가구
천장형에어컨물떨어짐,920,기타
안마의자버리는법,910,버리는법
스펀지분리수거,900,분리수거
가전제품무상수거,890,무상수거-가전
수원철거업체,880,기타
소형가전수거,860,기타
삼성천정형에어컨,860,기타
책수거,850,기타
중고PC매입,840,중고-판매
식탁유리버리는법,840,버리는법
폐가전제품무상수거,830,무상수거-가전
부산폐가전무료수거,830,무상수거-가전
재활용품,830,기타
가전무상수거,820,무상수거-가전
에어컨철거방법,820,기타
시스템에어컨배관누수,810,설치-AS
중고가전제품,810,중고-판매
침대수거,800,기타
중고가구수거,800,중고-판매
가구수거업체,790,기타
에어컨실외기중고,770,중고-판매
삼성중고에어컨,760,중고-판매
전자제품버리기,760,버리는법
석면철거,750,기타
중고시스템에어컨,730,중고-판매
엘지에어컨CH38,730,기타
학장무학아파트,720,기타
중고에어컨매입가격,710,중고-판매
대구폐가전무료수거,710,무상수거-가전
마루철거,710,기타
송파구대형폐기물,710,기타
대구철거업체,700,기타
대형폐가전무상수거,690,무상수거-가전
무료폐가구수거,690,무상수거-가구
천안가구거리,690,기타
에어컨판매,680,중고-판매
평택중고가전,660,중고-판매
폐전자제품수거,660,기타
세탁기수거,660,기타
대전폐가전무료수거,660,무상수거-가전
쓰레기소각장,640,기타
중고에어콘,640,중고-판매
선풍기폐기,640,기타
중고서적팔기,630,중고-판매
천안중고가전,600,중고-판매
냉장고폐기,600,기타
콘크리트치핑,590,기타
생활쓰레기수거,570,기타
중고TV파는곳,570,중고-판매
폐기물쓰레기봉투,570,기타
에어컨수거,560,기타
책정리,560,기타
이불재활용,560,기타
상가철거비용,550,기타
파주에어컨철거,540,기타
전자제품수거,530,기타
돌침대수거,530,기타
재활용수거업체,530,기타
냉장고중고매입,530,중고-판매
고장난티비판매,520,중고-판매
재활용수거,520,기타
아산가구단지,510,기타
시골집철거비용,500,기타
상가철거,500,기타
소상공인폐업지원,490,기타
냉장고무상수거,490,기타
삼성에어컨중고,490,중고-판매
쇼파무료수거,480,기타
중고세탁기매입,480,중고-판매
천안중고에어컨,470,중고-판매
화장실욕조철거,470,기타
중고에어컨가격,470,중고-판매
소파수거,470,기타
안양시스템에어컨,460,기타
중고명품가구,460,중고-판매
쇼파수거,450,기타
벽걸이에어컨철거비용,440,기타
소형가전무상수거,440,무상수거-가전
책팔기,430,기타
폐기물무료수거,430,기타
무상가전수거,420,무상수거-가전
냉난방기중고,420,중고-판매
매트리스수거업체,420,기타
생활가전폐기물,410,기타
배터리폐기,400,기타
아산가구,400,기타
세탁기무료수거,390,기타
매트리스무료수거,390,기타
에어컨무료수거,380,기타
에어컨해체,380,기타
그릇버리기,380,버리는법
고철수거,370,기타
철거견적,370,기타
강릉대형폐기물,370,기타
서울시폐가전무상수거,360,무상수거-가전
피아노처분,360,기타
중고가전제품매입,360,중고-판매
오래된노트북폐기,360,기타
노트북버리기,350,버리는법
냉장고매입,350,중고-판매
내력벽철거,340,기타
에어컨해체비용,340,기타
대전철거업체,340,기타
냉장고버리기,340,버리는법
가구재활용센터,340,기타
책고물상,340,기타
안마의자버리는방법,340,버리는법
시스템에어컨중고,330,중고-판매
천안캐리어에어컨,330,기타
무료수거,330,기타
브라운스트릿,330,기타
벽걸이에어컨철거,320,기타
붙박이장수리,320,설치-AS
바닥철거,320,기타
처분이사,320,기타
통돌이세탁기중고,320,중고-판매
모니터버리기,310,버리는법
전자제품무상수거,310,무상수거-가전
책기증,310,기타
도서기부,310,기타
에어컨무상수거,300,기타
중고가전가구매입,300,중고-판매
천안중고가전매입,300,중고-판매
업소용에어컨중고,300,중고-판매
울산중고에어컨,300,중고-판매
가구중고매입,300,중고-판매
TV수거,290,기타
부산진구폐기물,290,기타
가구무상수거,290,무상수거-가구
천안폐가전무료수거,290,무상수거-가전
에어컨수거업체,280,기타
큰화분버리기,280,버리는법
인테리어철거비용,280,기타
김포철거,280,기타
대구폐가구무료수거,280,무상수거-가구
가전매입,280,중고-판매
폐가전제품무료수거,270,무상수거-가전
마루철거기계,270,기타
폐업철거,270,기타
폐기물종류,270,기타
중고책방문수거,270,중고-판매
에어컨무료철거,260,기타
폐가전제품수거,260,기타
건축폐기물,260,기타
대구가구수거,260,기타
중고냉장고직거래,260,중고-판매
소파무료수거,260,기타
에어컨폐기,250,기타
건물철거,250,기타
싱크대철거,250,기타
의자폐기물,250,기타
폐냉장고수거,240,기타
사무실철거,240,기타
카페의자중고,240,중고-판매
중고TV매입,240,중고-판매
이불무료수거,240,기타
냉난방기설치,240,설치-AS
천안침대,240,기타
재활용센타,240,기타
가전중고매입,230,중고-판매
아산중고가전,230,중고-판매
중고에어컨팔기,230,중고-판매
천장형에어컨중고,230,중고-판매
에어컨중고가격,230,중고-판매
중고서적매입,230,중고-판매
컴퓨터수거,230,기타
중고물품기부,230,중고-판매
고장난에어컨매입,220,중고-판매
에어컨팔기,220,기타
음식물처리업체,220,기타
세탁기무상수거,220,기타
책폐기,220,기타
중고침대매입,220,중고-판매
재활용업체,220,기타
템피아에어컨,220,기타
침대프레임분해,220,기타
김치냉장고수거,210,기타
티비버리기,210,버리는법
전기장판버리기,210,버리는법
에어컨실외기크기,210,설치-AS
여기로어플,210,기타
중고냉난방기매입,200,중고-판매
불법건축물철거,200,기타
황학동주방,200,기타
인테리어철거업체,200,기타
수거업체,200,기타
폐컴퓨터매입,200,중고-판매
천안사무용가구,200,기타
중고가전매입업체,200,중고-판매
광주헌책수거,200,기타
헌신발수거,200,기타
천안중고가구,190,중고-판매
세탁기폐기,190,기타
에어컨분리,190,기타
건설폐기물처리비용,190,대형폐기물-신고
침대매트리스수거,190,기타
가전폐기,190,기타
울산중고가전매입,190,중고-판매
폐가전가구무료수거,190,무상수거-가전
시스템에어컨철거,180,기타
세탁기중고매입,180,중고-판매
벽걸이에어컨이전설치,180,설치-AS
튀김기청소,180,설치-AS
TV무료수거,180,기타
부산진구폐기물수거,180,기타
모니터매입,180,중고-판매
의자수거,180,기타
가스렌지폐기,180,기타
에어컨무상철거,170,기타
에어컨버리기,170,버리는법
주방후드분해청소,170,설치-AS
김치냉장고버리기,170,버리는법
폐가전매입,170,중고-판매
천안알뜰매장,170,기타
오늘의고철시세,170,시세
고장난세탁기수거,170,기타
모니터수거,170,기타
바닥평탄화,160,기타
중고가전무료수거,160,무상수거-가전
삼성에어컨철거,160,기타
업소용중고에어컨,160,중고-판매
캐리어에어컨중고,160,중고-판매
중고천장형에어컨,160,중고-판매
도서기증,160,기타
김치냉장고무료수거,160,기타
아파트에어컨설치,160,설치-AS
서울헌책수거,160,기타
평택중고가구,160,중고-판매
가전가구수거,160,기타
PC방폐업,150,기타
폐가전수거업체,150,기타
금정구폐기물,150,기타
수영구폐기물,150,기타
해운대구폐기물,150,기타
침대중고판매,150,중고-판매
고장난냉장고매입,150,중고-판매
울산폐가구무료수거,150,무상수거-가구
헌옷전담,150,기타
천안쇼파,150,기타
폐가전제품무상방문수거,140,무상수거-가전
에어컨중고매입업체,140,중고-판매
폐가전제품,140,기타
냉장고팔기,140,기타
시스템에어컨철거비용,140,기타
중고가전매매,140,중고-판매
동래구폐기물,140,기타
헌책기부,140,기타
광주폐가구무료수거,140,무상수거-가구
욕실샤워부스철거,140,기타
냉난방기매입,130,중고-판매
에어컨매입업체,130,중고-판매
폐가전배출,130,기타
TV무상수거,130,기타
매트리스폐기물,130,기타
중고업소용에어컨,130,중고-판매
냉장고철거,130,기타
세탁기매입,130,중고-판매
컴퓨터폐기방법,130,기타
천안가구할인매장,130,기타
영주고물상,130,기타
욕실욕조철거,130,기타
장판재활용,125,기타
시스템에어컨매입,120,중고-판매
시스템에어컨중고판매,120,중고-판매
천안중고냉장고,120,중고-판매
페인트버리기,120,버리는법
장판버리기,120,버리는법
업소용중고테이블,120,중고-판매
업소용냉장고수거,120,기타
중고업체,120,중고-판매
가연성폐기물,120,기타
해운대폐기물,120,기타
삼성에어컨철거비용,120,기타
안입는옷수거,115,기타
에어컨설치가격,110,설치-AS
대형폐가전,110,기타
폐가전무료수거전화번호,110,무상수거-가전
런닝머신수거,110,기타
가전제품팔기,110,기타
PC방중고컴퓨터,110,중고-판매
일산중고가전매입,110,중고-판매
중고그라인더,110,중고-판매
세탁기철거,110,기타
피아노삽니다,110,기타
책나눔,110,기타
아산폐가전무료수거,110,무상수거-가전
세종시가구,110,기타
1톤집게차,110,기타
인천남동구대형폐기물,110,기타
에어컨이동,110,기타
책상무료수거,110,기타
중고가전제품팔기,110,중고-판매
인천에어컨이전설치,110,설치-AS
천장에어컨설치,110,설치-AS
평택중고가구매입,110,중고-판매
중고제품,110,중고-판매
김포에어컨철거,105,기타
에어컨철거매입,100,중고-판매
시스템에어컨중고매입,100,중고-판매
운동기구수거,100,기타
컨테이너철거,100,기타
천정형에어컨설치,100,설치-AS
중고가전구매,100,중고-판매
부산폐가구수거,100,기타
대구폐기물수거업체,100,기타
가전버리기,100,버리는법
리사이클센터,100,기타
무상가구수거,100,무상수거-가구
수원폐가구무료수거,100,무상수거-가구
천안중고가구매입,100,중고-판매
평택가구거리,100,기타
잔토처리,90,기타
고구려주방,90,기타
런닝머신무료수거,90,기타
전자레인지무상수거,90,기타
오래된노트북,90,기타
키오스크매입,90,중고-판매
TW0400U2S,90,기타
식당중고의자,90,중고-판매
중고물품수거,90,중고-판매
대구폐가전수거,90,기타
진주시스템에어컨,90,기타
아산시폐가전수거,90,기타
아산중고가구,90,중고-판매
천안중고가전매장,90,중고-판매
접시버리기,90,버리는법
에어컨탈거,90,기타
여수폐가전수거,90,기타
엘지중고에어컨,85,중고-판매
전집팔기,85,기타
중고에어컨매입업체,80,중고-판매
에어컨철거업체,80,기타
태양광철거,80,기타
철거원상복구,80,기타
철거인력,80,기타
중고에어컨수거,80,중고-판매
대구폐가전무상수거,80,무상수거-가전
인천에어컨철거,80,기타
LG에어컨철거,80,기타
중고시스템냉난방기,80,중고-판매
업소용냉장고중고판매,80,중고-판매
중고업소용싱크대,80,중고-판매
카페테이블중고,80,중고-판매
중고대형에어컨,80,중고-판매
데크철거,80,기타
캐리어중고에어컨,80,중고-판매
대형화분버리기,80,버리는법
금고폐기,80,기타
책처분,80,기타
강남구재활용수거,80,기타
중고냉장고수거,80,중고-판매
아산중고가전매입,80,중고-판매
가전수거업체,80,기타
성남가구수거,80,기타
금고버리는법,80,버리는법
안산폐가전무료수거,80,무상수거-가전
아산주방용품,80,기타
실외기PCB수리,80,설치-AS
중고프린터매입,80,중고-판매
빔프로젝터매입,80,중고-판매
욕실욕조철거비용,80,기타
고장난티비,75,기타
천안중고매장,75,중고-판매
중고시스템에어컨매입,70,중고-판매
에어컨중고매입가격,70,중고-판매
아파트화단철거,70,기타
드라이아이스청소,70,설치-AS
부분철거,70,기타
동탄중고가구,70,중고-판매
전자레인지무료수거,70,기타
폐전자제품,70,기타
천안중고에어컨매입,70,중고-판매
에어컨중고매매,70,중고-판매
가전가구매입,70,중고-판매
전자제품매입,70,중고-판매
카페중고물품,70,중고-판매
카페중고의자,70,중고-판매
인조잔디철거,70,기타
폐업철거비용,70,기타
피시방폐업,70,기타
의류폐기,70,기타
기장폐기물,70,기타
부산남구폐기물,70,기타
영종도에어컨설치,70,설치-AS
인천중고에어컨매입,70,중고-판매
세종시중고가전,70,중고-판매
산업용쓰레기통,70,기타
에어컨위치변경,70,기타
에어컨철거수거,70,기타
이사갈때에어컨,70,기타
캐리어벽걸이에어컨AS,70,설치-AS
노트북수거,70,기타
청소기수거,70,설치-AS
헌책고물상,70,기타
운동기구매입,70,중고-판매
당진중고가전매입,70,중고-판매
평택재활용센터,70,기타
평택가구할인매장,70,기타
평택사무용가구,70,기타
중고그릇매입,65,중고-판매
헌책파는곳,65,기타
벽걸이에어컨매입,60,중고-판매
폐에어컨수거,60,기타
폐가전회수,60,기타
방음부스철거,60,기타
컨테이너철거비용,60,기타
학원철거,60,기타
가전폐기물,60,기타
천안에어컨매입,60,중고-판매
폐가전고물상,60,기타
에어컨실외기철거,60,설치-AS
대형에어컨중고,60,중고-판매
가전제품중고매입,60,중고-판매
서울중고에어컨매입,60,중고-판매
실외기철거,60,설치-AS
CPV-Q2906KX,60,기타
대구희망리턴패키지,60,기타
중고주방가전,60,중고-판매
부산쓰레기수거업체,60,기타
연제구폐기물,60,기타
혼합폐기물처리,60,기타
천안폐가전수거,60,기타
고장난모니터매입,60,중고-판매
소파무상수거,60,기타
냉장고처분,60,기타
중고가전처분,60,중고-판매
남양주폐가구무료수거,60,무상수거-가구
40평형시스템에어컨,60,기타
마산에어컨,60,기타
에어컨이동비용,60,기타
회사에어컨,60,기타
프린터수거,60,기타
오래된책,60,기타
용인폐가구무료수거,60,무상수거-가구
플라스틱고물상,60,기타
소형전자제품수거,60,기타
아산사무용가구,60,기타
천안의자,60,기타
용산재활용센터,60,기타
시스템장철거,55,기타
오븐중고,55,중고-판매
정관폐기물,55,기타
천안중고,55,중고-판매
세탁기팔기,55,기타
청주에어컨철거,55,기타
부산에어컨철거,55,기타
캔수거,55,기타
티비판매,55,중고-판매
여주헌옷수거,55,기타
드라이아이스클리닝,50,기타
삼성에어컨중고판매,50,중고-판매
철거사업,50,기타
유류품정리,50,기타
중고에어컨철거,50,중고-판매
중고사무용품매입,50,중고-판매
에어컨처분,50,기타
대형화분폐기,50,기타
가전렌탈장단점,50,기타
가전제품리퍼브매장,50,기타
TW0230U2S,50,기타
튀김기중고,50,중고-판매
세종중고에어컨매입,50,중고-판매
기장군폐기물,50,기타
부산가정폐기물,50,기타
화곡동에어컨설치,50,설치-AS
비닐하우스철거,50,기타
모니터무료수거,50,기타
디지털피아노무료수거,50,기타
에어컨철거비,50,기타
쇼파매입,50,중고-판매
천안재활용센터,50,기타
평택쇼파,50,기타
대전에어컨철거,50,기타
아파트폐기물처리비용,50,대형폐기물-신고
고장난에어컨,45,기타
고기집후드청소,45,설치-AS
동작구폐가전,45,기타
폐에어컨,45,기타
김치냉장고중고매입,45,중고-판매
김치냉장고매입,45,중고-판매
파주에어컨매입,45,중고-판매
무거운가구버리기,45,버리는법
냉장고삽니다,45,기타
건조기중고매입,45,중고-판매
가구가전수거,45,기타
중고가구수거업체,45,중고-판매
폐업가구,45,기타
냉장고처리,45,기타
에어컨삽니다,45,기타
천안중고가전제품,45,중고-판매
천안중고가전판매,45,중고-판매
헌옷헌책,45,기타
피아노무상수거,45,기타
울산가구무료수거,45,무상수거-가구
재활용옷,45,기타
안양에어컨철거,45,기타
천안에어컨철거,45,기타
증평중고가전,45,중고-판매
티비고물상,45,기타
책방문수거,45,기타
에어컨처리,45,기타
천장형에어컨매입,40,중고-판매
소각업체,40,기타
보일러철거,40,기타
대형화분수거,40,기타
지수플러그,40,기타
옹벽청소,40,설치-AS
대형폐가전무료수거,40,무상수거-가전
냉난방기중고판매,40,중고-판매
냉난방기철거,40,기타
FW16HDWWA1,40,기타
중고카페장비,40,중고-판매
카페매입,40,중고-판매
중고주방기기판매,40,중고-판매
벽걸이에어컨중고판매,40,중고-판매
중고시스템에어컨가격,40,중고-판매
전자제품폐기물,40,기타
부산서구폐기물,40,기타
사상폐기물,40,기타
세탁기처분,40,기타
천안중고세탁기,40,중고-판매
천안에어컨중고,40,중고-판매
천안노트북매입,40,중고-판매
에어컨중고판매업체,40,중고-판매
복합기폐기,40,기타
침대프레임중고,40,중고-판매
LG에어컨철거비용,40,기타
명지에어컨수리,40,설치-AS
벽걸이에어컨부품,40,기타
상가시스템에어컨비용,40,기타
양평에어컨,40,기타
에어컨바람막이설치,40,설치-AS
에어컨청소수리,40,설치-AS
울산에어컨철거,40,기타
창원에어컨철거,40,기타
복합기매입,40,중고-판매
중고도서팔기,40,중고-판매
안산에어컨철거,40,기타
중고복합기매입,40,중고-판매
광명시폐가전수거,40,기타
LG에어컨중고판매,35,중고-판매
고장난냉장고수거,35,기타
중곡동고물상,35,기타
수원에어컨중고매입,35,중고-판매
청소미화,35,설치-AS
공기청정기수거,35,기타
서대문구폐가전,35,기타
폐가전재활용,35,기타
중고세탁기수거,35,중고-판매
평택가전수거,35,기타
시스템에어컨판매,35,중고-판매
실외기매입,35,중고-판매
가전중고매매,35,중고-판매
식당중고테이블,35,중고-판매
중고가전구입,35,중고-판매
중고냉장고구입,35,중고-판매
중고식당가구,35,중고-판매
가전가구무상수거,35,무상수거-가전
런닝머신버리기,35,버리는법
대구쇼파수거,35,기타
서울에어컨매입,35,중고-판매
주방집기중고,35,중고-판매
주방용품중고매장,35,중고-판매
카페중고테이블,35,중고-판매
헌책방문매입,35,중고-판매
아산중고매장,35,중고-판매
천안폐가전무상수거,35,무상수거-가전
에어컨배관철거,35,설치-AS
폐수위탁처리업체,35,기타
가구수거스티커,35,기타
변기버리기,35,버리는법
창원중고가구매입,35,중고-판매
침대프레임매입,35,중고-판매
서울가구무료수거,35,무상수거-가구
중고에어컨판매점,35,중고-판매
분당헌책수거,35,기타
대리석폐기,35,기타
이불무상수거,35,기타
헌옷이불수거,35,기타
화장대수거,35,기타
일산헌책수거,35,기타
오래된에어컨매입,35,중고-판매
옷장폐기비용,35,기타
폐가전무료수거서비스,30,무상수거-가전
스탠드에어컨철거,30,기타
간판제거,30,기타
데코타일제거기,30,기타
평당철거비용,30,기타
폐전자제품무상수거,30,무상수거-가전
금고수거,30,기타
중고가구처리,30,중고-판매
냉장고중고구매,30,중고-판매
커피머신중고판매,30,중고-판매
업소용냉장고중고매입,30,중고-판매
중고냉난방기판매,30,중고-판매
고장난세탁기,30,기타
페인트처리,30,기타
산업폐기물비용,30,대형폐기물-신고
인천침대수거,30,기타
부산생활폐기물,30,기타
천안가전수거,30,기타
용인시재활용센터,30,기타
컴퓨터본체수거,30,기타
용인에어컨철거,30,기타
전주에어컨철거,30,기타
천안중고사무용가구,30,중고-판매
천안파티션,30,기타
평택중고사무용가구,30,중고-판매
안산폐가전수거,30,기타
벽걸이에어컨수거,25,기타
음식물폐기업체,25,기타
냉동창고매입,25,중고-판매
가정집화장실청소업체,25,설치-AS
의정부에어컨매입,25,중고-판매
양평주방,25,기타
화재철거,25,기타
가전제품버릴때,25,기타
강서구폐가전,25,기타
공기청정기배출,25,기타
김치냉장고무상수거,25,기타
도봉구폐가전,25,기타
성동구폐가전,25,기타
전자제품팔기,25,기타
산본중고가전,25,중고-판매
동탄에어컨철거,25,기타
천장형에어컨철거,25,기타
중고인버터냉난방기,25,중고-판매
냉난방기중고매입,25,중고-판매
옷장무료수거,25,기타
중고가구가전,25,중고-판매
중고전기튀김기,25,중고-판매
집기매입,25,중고-판매
중고가전제품수거,25,중고-판매
중고냉동고매입,25,중고-판매
중고에어컨처분,25,중고-판매
그릇매입,25,중고-판매
식기세척기매입,25,중고-판매
오븐기중고,25,중고-판매
폐업식당,25,기타
중고집기매입,25,중고-판매
천안중고냉난방기,25,중고-판매
생활폐기물버리기,25,버리는법
중고천장형냉난방기,25,중고-판매
동래폐기물,25,기타
부산가정폐기물처리,25,기타
중고책버리기,25,버리는법
아산폐가전수거,25,기타
천안가전매입,25,중고-판매
천안중고책상,25,중고-판매
천안폐가전,25,기타
협탁버리기,25,버리는법
아산중고냉장고,25,중고-판매
부산북구폐기물처리,25,기타
재활용방문수거,25,기타
삼성에어컨수거,25,기타
삼성에어컨판매,25,중고-판매
가전제품삽니다,25,기타
가구무료수거업체,25,무상수거-가구
가구가전무료수거,25,무상수거-가전
김해폐가구무료수거,25,무상수거-가구
전주폐가구무료수거,25,무상수거-가구
장롱무료수거,25,기타
관악구에어컨,25,기타
삼성에어컨이동,25,기타
시스템에어컨부산,25,기타
에어컨위치이동,25,기타
원주에어컨철거,25,기타
천장형에어컨25평,25,기타
에이스침대중고,25,중고-판매
자동문철거,25,기타
관악구가구수거,25,기타
동작구가구수거,25,기타
서랍장수거,25,기타
평택의자,25,기타
평택중고세탁기,25,중고-판매
송파중고가전매입,25,중고-판매
안마기처분,25,기타
안산폐가전,25,기타
양주폐가전수거,25,기타
욕실거울철거,25,기타
페인트폐기업체,20,기타
서울시폐가전,20,기타
재활용무상수거,20,기타
제빵기중고,20,중고-판매
중고혼합기,20,중고-판매
카페가구매입,20,중고-판매
로스터기매입,20,중고-판매
강동구에어컨철거,20,기타
폐가구매입,20,중고-판매
에어컨배송,20,기타
에어컨운반,20,기타
PC수거,20,기타
중고데스크탑매입,20,중고-판매
중고빔프로젝터매입,20,중고-판매
서울헌책방문수거,20,기타
대형폐기물스티커인터넷,20,대형폐기물-신고
천안중고사무가구,20,중고-판매
평택파티션,20,기타
폐가전무료배출,15,기타
캐리어에어컨매입,15,중고-판매
벽걸이에어컨폐기,15,기타
삼성에어컨중고매입,15,중고-판매
아파트리모델링철거,15,기타
영종도철거,15,기타
저온창고제작,15,기타
국민키친,15,기타
절삭유탱크청소,15,설치-AS
강동구에어컨매입,15,중고-판매
런닝머신무상수거,15,기타
서울시가전제품무료수거,15,무상수거-가전
서울시가전제품수거,15,기타
쇼케이스수거,15,기타
영등포폐가전,15,기타
폐세탁기수거,15,기타
냉장고중고팔기,15,중고-판매
에어컨무상철거수거,15,기타
사무중고가구,15,중고-판매
싹치워,15,기타
중고수거,15,중고-판매
대전에어컨무료수거,15,기타
대전에어컨무상수거,15,기타
수원가전제품수거,15,기타
중고가전매입수거,15,중고-판매
중고가전사는곳,15,중고-판매
중고시스템에어컨판매,15,중고-판매
강서구에어컨철거,15,기타
중고소파수거,15,중고-판매
주방가전매입,15,중고-판매
냉난방기판매,15,중고-판매
냉장고매매,15,기타
일산중고에어컨매입,15,중고-판매
이동식에어컨매입,15,중고-판매
강서구에어컨매입,15,중고-판매
청주중고매입,15,중고-판매
시스템냉난방기중고,15,중고-판매
LG시스템에어컨중고,15,중고-판매
금고버리기,15,버리는법
테이블매입,15,중고-판매
아파트가구버리기,15,버리는법
TW0900A2SF,15,기타
서울에어컨중고매입,15,중고-판매
삼성냉난방기중고,15,중고-판매
사무실집기정리,15,기타
중고로스터,15,중고-판매
카페용품판매,15,중고-판매
카페폐업가구,15,기타
폐업카페,15,기타
쇼케이스중고매입,15,중고-판매
김포폐목재,15,기타
대구가구폐기,15,기타
중고식기건조기,15,중고-판매
사무가구중고매입,15,중고-판매
인버터냉난방기중고,15,중고-판매
냉동고매입,15,중고-판매
중고가구폐기,15,중고-판매
스탠드에어컨중고판매,15,중고-판매
중고시스템에어컨설치,15,중고-판매
대형화분처리,15,기타
부산폐가구,15,기타
부산폐업정리,15,기타
진구폐기물,15,기타
폐나무,15,기타
중고대형냉난방기,15,중고-판매
춘천냉난방기,15,기타
인천에어컨수거,15,기타
소형냉장고수거,15,기타
가구리사이클링,15,기타
중고책정리,15,중고-판매
책중고매입,15,중고-판매
페가전무료수거,15,무상수거-가전
천안중고에어컨설치,15,중고-판매
천안중고노트북매입,15,중고-판매
무엇이든치워드립니다,15,기타
성남가전수거,15,기타
천안중고매입,15,중고-판매
아산폐가전,15,기타
무거운가구,15,기타
폐휴지수거,15,기타
LG에어컨판매,15,중고-판매
가구옮겨주는업체,15,기타
중고냉장고처분,15,중고-판매
스타일러매입,15,중고-판매
런닝머신중고판매,15,중고-판매
쇼파재활용,15,기타
스레트처리,15,기타
아일랜드식탁없애기,15,기타
전주폐지,15,기타
주방용품버리기,15,버리는법
집물건버리기,15,버리는법
집안물건버리기,15,버리는법
책장무료수거,15,기타
청주폐지,15,기타
폐가정리,15,기타
폐기물한차,15,기타
대구가전무상수거,15,무상수거-가전
폐화분수거,15,기타
군포에어컨이전설치,15,설치-AS
동대문구에어컨,15,기타
벽걸이에어컨이사비용,15,기타
서울에어컨철거,15,기타
성남에어컨철거,15,기타
시스템에어컨이동,15,기타
에어컨배달,15,기타
에어컨해체설치,15,설치-AS
중고천정형에어컨,15,중고-판매
포항에어컨철거,15,기타
가구폐기방법,15,기타
천장형냉난방기설치,15,설치-AS
침대회수,15,기타
메트리스무료수거,15,기타
초록색쓰레기통,15,기타
출장지게차,15,기타
전남환경,15,기타
가전가구폐기,15,기타
거실장폐기,15,기타
남동구재활용센터,15,기타
아산중고가구매입,15,중고-판매
아산파티션,15,기타
천안중고나라,15,중고-판매
천안중고의자,15,중고-판매
천안중고침대,15,중고-판매
평택중고사무가구,15,중고-판매
평택중고의자,15,중고-판매
광주에어컨철거,15,기타
노원구가구수거,15,기타
아파트폐기물처리업체,15,기타
안산시폐가구수거,15,기타
안성폐가전수거,15,기타
안양폐기물처리업체,15,기타
액자처분,15,기타
에어컨처리비용,10,기타
오븐무상수거,10,기타
삼성에어컨매입,10,중고-판매
고장난가전제품,10,기타
강남폐지수거,10,기타
서류소각,10,기타
경유탱크청소,10,설치-AS
TV배출,10,기타
복사기무료수거,10,기타
서울시재활용,10,기타
제습기배출,10,기타
폐TV수거,10,기타
폐전자,10,기타
사무용가구처분,10,기타
중고제품팔기,10,중고-판매
충북중고가전,10,중고-판매
사무실중고매입,10,중고-판매
안양냉난방기,10,기타
복사기수거,10,기타
중고처분,10,중고-판매
사무가구무료수거,10,무상수거-가구
벽걸이냉난방기설치,10,설치-AS
TW1450A9UR,10,기타
중고복사기매입,10,중고-판매
냉동고판매,10,중고-판매
사무용가구무료수거,10,무상수거-가구
인덕션매입,10,중고-판매
중고에어컨처리,10,중고-판매
중고품거래,10,중고-판매
카페용품정리,10,기타
카페중고집기,10,중고-판매
학원폐업정리,10,기타
의료장비폐기,10,기타
원룸폐기물처리,10,기타
대구폐컴퓨터,10,기타
식품기계매입,10,중고-판매
사무실집기매입,10,중고-판매
사무실가구처리,10,기타
CPV-Q1451P,10,기타
기장폐기물처리,10,기타
금고처리,10,기타
부산사무실폐기물,10,기타
책장철거,10,기타
항온항습기철거,10,기타
페가전수거,10,기타
동대문폐기물스티커,10,대형폐기물-신고
세종알뜰매장,10,기타
세종중고세탁기,10,중고-판매
장롱무상수거,10,기타
수은폐기물처리,10,기타
캐리어에어컨중고매입,10,중고-판매
장농무료수거,10,기타
강화유리버리기,10,버리는법
고철철거,10,기타
대전화분수거,10,기타
무료폐가구,10,기타
사다리차폐기물,10,기타
아일랜드식탁버리기,10,버리는법
재활용수거비용,10,기타
재활용폐기,10,기타
중고의류수거업체,10,중고-판매
LG에어컨이동,10,기타
강서구에어컨이전설치,10,설치-AS
삼성에어컨설치교육,10,설치-AS
에어컨화물택배,10,기타
천장형에어컨이동,10,기타
춘천에어컨철거,10,기타
복사기매입,10,중고-판매
파티션수거,10,기타
프로젝터매입,10,중고-판매
프린터무료수거,10,기타
구로폐기물처리업체,10,기타
페지가격,10,기타
관악구가구폐기,10,기타
관악구가전수거,10,기타
천안사무용책상,10,기타
천안중고사무용품,10,중고-판매
천안중고파티션,10,중고-판매
평택사무용의자,10,기타
평택중고사무용품,10,중고-판매
중고김치냉장고매입,10,중고-판매
영등포중고가전매입,10,중고-판매
강릉의료폐기물,10,기타
양주시폐가전수거,10,기타
양천구가구버리기,10,버리는법
여수폐가구,10,기타
연수구폐가구수거,10,기타
영천시폐기물,10,기타
옷장버릴때,10,기타
용산구가구버리기,10,버리는법
