slug,name,버리는법,분리수거,total,half,source
subakkkeopjil,수박껍질,3810,11190,15000,0,버리는법 4차 / 분리수거 4차
seonpunggi,선풍기,12030,620,12650,0,버리는법 4차 / 분리수거 4차
huraipaen,후라이팬,12100,35,12135,0,버리는법 4차 / 분리수거 4차
usan,우산,9600,2120,11720,0,버리는법 4차 / 분리수거 4차
bojobaeteori,보조배터리,9660,1130,10790,0,버리는법 2차 / 분리수거 2차
kaerieo,캐리어,8700,1090,9790,0,버리는법 4차 / 분리수거 4차
seutiropom,스티로폼,2100,6530,8630,0,버리는법 4차 / 분리수거 4차
bananakkeopjil,바나나껍질,2730,5880,8610,0,버리는법 4차 / 분리수거 4차
inhyeong,인형,7070,490,7560,0,버리는법 4차 / 분리수거 4차
naembi,냄비,5900,980,6880,0,버리는법 4차 / 분리수거 4차
sinbal,신발,5840,980,6820,0,버리는법 4차 / 분리수거 4차
begae,베개,6280,310,6590,0,버리는법 4차 / 분리수거 4차
geureut,그릇,5930,390,6320,0,버리는법 4차 / 분리수거 4차
otgeoli,옷걸이,3260,1580,4840,0,버리는법 4차 / 분리수거 4차
yak,약,4140,125,4265,0,버리는법 3차 / 분리수거 3차
sugeon,수건,3740,460,4200,0,버리는법 4차 / 분리수거 4차
gyerankkeopjil,계란껍질,140,4060,4200,0,버리는법 4차 / 분리수거 4차
ibul,이불,3130,850,3980,0,버리는법 4차 / 분리수거 4차
geonjeonji,건전지,3750,170,3920,0,버리는법 4차 / 분리수거 4차
yuri,유리,3600,,3600,1,버리는법 4차
maeteuriseu,매트리스,3280,120,3400,0,버리는법 4차 / 분리수거 4차
sikyongyu,식용유,3350,10,3360,0,버리는법 4차 / 분리수거 4차
gabang,가방,2480,660,3140,0,버리는법 4차 / 분리수거 4차
cheongsogi,청소기,2600,370,2970,0,버리는법 4차 / 분리수거 4차
ppalraegeonjodae,빨래건조대,2400,500,2900,0,버리는법 4차 / 분리수거 4차
somibul,솜이불,2840,45,2885,0,버리는법 4차 / 분리수거 4차
uija,의자,2650,170,2820,0,버리는법 4차 / 분리수거 4차
yangpakkeopjil,양파껍질,65,2650,2715,0,버리는법 4차 / 분리수거 4차
gawi,가위,2330,350,2680,0,버리는법 3차 / 분리수거 3차
meoltitaep,멀티탭,1910,740,2650,0,버리는법 2차 / 분리수거 2차
chungjeongi,충전기,2240,350,2590,0,버리는법 2차 / 분리수거 2차
chimdae,침대,2310,45,2355,0,버리는법 4차 / 분리수거 4차
cd,CD,590,1680,2270,0,버리는법 2차 / 분리수거 2차
gireum,기름,2240,15,2255,0,버리는법 4차 / 분리수거 4차
noteubuk,노트북,1990,90,2080,0,버리는법 4차 / 분리수거 4차
ppokppogi,뽁뽁이,280,1770,2050,0,버리는법 2차 / 분리수거 2차
geoul,거울,1700,320,2020,0,버리는법 4차 / 분리수거 4차
uyupaek,우유팩,55,1940,1995,0,버리는법 4차 / 분리수거 4차
chikinppyeo,치킨뼈,930,960,1890,0,버리는법 4차 / 분리수거 4차
ppaldae,빨대,45,1690,1735,0,버리는법 2차 / 분리수거 2차
jangnangam,장난감,1260,370,1630,0,버리는법 4차 / 분리수거 4차
aekja,액자,1410,190,1600,0,버리는법 4차 / 분리수거 4차
jogaekkeopjil,조개껍질,25,1570,1595,0,버리는법 2차 / 분리수거 2차
reogeu,러그,1490,65,1555,0,버리는법 4차 / 분리수거 4차
jeonjareinji,전자레인지,1540,,1540,1,버리는법 4차
hwajangpum,화장품,1200,300,1500,0,버리는법 4차 / 분리수거 4차
aiseupaek,아이스팩,1190,310,1500,0,버리는법 2차 / 분리수거 2차
sopa,소파,1490,,1490,1,버리는법 4차
binil,비닐,25,1420,1445,0,버리는법 4차 / 분리수거 4차
hyangsu,향수,1310,75,1385,0,버리는법 4차 / 분리수거 4차
jeonseon,전선,1010,370,1380,0,버리는법 3차 / 분리수거 3차
moniteo,모니터,1190,100,1290,0,버리는법 4차 / 분리수거 4차
chitsol,칫솔,130,1140,1270,0,버리는법 2차 / 분리수거 2차
hwabun,화분,740,520,1260,0,버리는법 4차 / 분리수거 4차
bapsot,밥솥,1260,,1260,1,버리는법 4차
eeopeuraieo,에어프라이어,1090,150,1240,0,버리는법 2차 / 분리수거 2차
keompyuteo,컴퓨터,1230,,1230,1,버리는법 4차
haenggeo,행거,950,280,1230,0,버리는법 4차 / 분리수거 4차
keoteun,커튼,1020,180,1200,0,버리는법 2차 / 분리수거 2차
oksusudae,옥수수대,950,210,1160,0,버리는법 4차 / 분리수거 2차
gimchi,김치,1050,95,1145,0,버리는법 4차 / 분리수거 4차
angyeong,안경,880,200,1080,0,버리는법 2차 / 분리수거 2차
hyudaepon,휴대폰,1030,35,1065,0,버리는법 4차 / 분리수거 4차
kasiteu,카시트,990,65,1055,0,버리는법 4차 / 분리수거 4차
jajeongeo,자전거,930,65,995,0,버리는법 4차 / 분리수거 4차
namujeotgarak,나무젓가락,45,940,985,0,버리는법 3차 / 분리수거 3차
naengjanggo,냉장고,920,35,955,0,버리는법 4차 / 분리수거 4차
anmauija,안마의자,910,35,945,0,버리는법 4차 / 분리수거 4차
yuribyeong,유리병,640,290,930,0,버리는법 4차 / 분리수거 2차
chaeksang,책상,850,35,885,0,버리는법 4차 / 분리수거 4차
hyeonggwangdeung,형광등,680,190,870,0,버리는법 4차 / 분리수거 4차
gwailkkeopjil,과일껍질,35,820,855,0,버리는법 4차 / 분리수거 4차
jangpan,장판,660,170,830,0,버리는법 4차 / 분리수거 4차
peteubyeong,페트병,70,760,830,0,버리는법 4차 / 분리수거 4차
gaseureinji,가스레인지,700,110,810,0,버리는법 4차 / 분리수거 4차
jongikeop,종이컵,100,670,770,0,버리는법 4차 / 분리수거 4차
yumocha,유모차,680,55,735,0,버리는법 4차 / 분리수거 2차
sonseonpunggi,손선풍기,610,85,695,0,버리는법 2차 / 분리수거 2차
baeteori,배터리,600,80,680,0,버리는법 4차 / 분리수거 4차
aelbeom,앨범,570,105,675,0,버리는법 2차 / 분리수거 2차
doma,도마,490,175,665,0,버리는법 4차 / 분리수거 4차
golpeuchae,골프채,600,55,655,0,버리는법 4차 / 분리수거 4차
keopramyeon,컵라면,55,600,655,0,버리는법 2차 / 분리수거 2차
onsumaeteu,온수매트,590,45,635,0,버리는법 4차 / 분리수거 4차
tibeu,TV,580,45,625,0,버리는법 2차 / 분리수거 2차
sajin,사진,610,15,625,0,버리는법 2차 / 분리수거 2차
suje,수저,480,135,615,0,버리는법 2차 / 분리수거 2차
heonot,헌옷,540,45,585,0,버리는법 4차 / 분리수거 4차
kikbodeu,킥보드,580,,580,1,버리는법 3차
piano,피아노,550,25,575,0,버리는법 4차 / 분리수거 4차
jeseupgi,제습기,530,45,575,0,버리는법 2차 / 분리수거 2차
setakgi,세탁기,550,15,565,0,버리는법 4차 / 분리수거 4차
eohang,어항,470,75,545,0,버리는법 4차 / 분리수거 4차
chiyak,치약,160,370,530,0,버리는법 2차 / 분리수거 2차
sohwagi,소화기,500,,500,1,버리는법 4차
boonbyeong,보온병,300,185,485,0,버리는법 2차 / 분리수거 2차
gonggicheongjeonggi,공기청정기,460,,460,1,버리는법 3차
maenikyueo,매니큐어,365,85,450,0,버리는법 2차 / 분리수거 2차
tail,타일,350,55,405,0,버리는법 4차 / 분리수거 4차
pasoejongi,파쇄종이,90,290,380,0,버리는법 2차 / 분리수거 2차
darimi,다리미,320,55,375,0,버리는법 2차 / 분리수거 2차
jeongsugi,정수기,370,,370,1,버리는법 3차
peurinteo,프린터,350,15,365,0,버리는법 4차 / 분리수거 4차
silnaejajeongeo,실내자전거,320,45,365,0,버리는법 2차 / 분리수거 2차
bonaenggabang,보냉가방,255,105,360,0,버리는법 2차 / 분리수거 2차
gaseupgi,가습기,280,45,325,0,버리는법 2차 / 분리수거 2차
jongi,종이,80,220,300,0,버리는법 4차 / 분리수거 4차
byeokji,벽지,250,35,285,0,버리는법 2차 / 분리수거 2차
otjang,옷장,270,10,280,0,버리는법 4차 / 분리수거 4차
myeondogi,면도기,150,120,270,0,버리는법 2차 / 분리수거 2차
jangrong,장롱,260,,260,1,버리는법 4차
byeongi,변기,240,15,255,0,버리는법 4차 / 분리수거 4차
hoil,호일,15,240,255,0,버리는법 2차 / 분리수거 2차
gimchinaengjanggo,김치냉장고,230,10,240,0,버리는법 4차 / 분리수거 4차
heukchimdae,흙침대,230,10,240,0,버리는법 4차 / 분리수거 4차
jeonjapiano,전자피아노,220,10,230,0,버리는법 4차 / 분리수거 4차
chamchikaen,참치캔,85,140,225,0,버리는법 2차 / 분리수거 4차
hyujisim,휴지심,35,170,205,0,버리는법 2차 / 분리수거 2차
keoteokal,커터칼,160,35,195,0,버리는법 2차 / 분리수거 2차
kotingjongi,코팅종이,90,100,190,0,버리는법 2차 / 분리수거 2차
topbap,톱밥,115,65,180,0,버리는법 2차 / 분리수거 2차
seorapjang,서랍장,165,10,175,0,버리는법 4차 / 분리수거 4차
maseukeu,마스크,105,65,170,0,버리는법 2차 / 분리수거 2차
golpeugabang,골프가방,140,25,165,0,버리는법 4차 / 분리수거 4차
moja,모자,100,65,165,0,버리는법 2차 / 분리수거 2차
yeomsaegyak,염색약,155,10,165,0,버리는법 4차 / 분리수거 2차
tibaek,티백,135,15,150,0,버리는법 2차 / 분리수거 2차
jeongijangpan,전기장판,,140,140,1,분리수거 4차
johwa,조화,95,25,120,0,버리는법 2차 / 분리수거 2차
ledjeongu,LED 전구,80,35,115,0,버리는법 2차 / 분리수거 2차
saengseonppyeo,생선뼈,25,85,110,0,버리는법 2차 / 분리수거 2차
bangchungmang,방충망,60,45,105,0,버리는법 2차 / 분리수거 2차
beompeochimdae,범퍼침대,95,10,105,0,버리는법 2차 / 분리수거 2차
chaekjang,책장,75,25,100,0,버리는법 4차 / 분리수거 4차
multisyu,물티슈,25,75,100,0,버리는법 2차 / 분리수거 2차
geumgo,금고,80,10,90,0,버리는법 4차 / 분리수거 4차
geonjogi,건조기,75,15,90,0,버리는법 2차 / 분리수거 2차
belteu,벨트,45,45,90,0,버리는법 2차 / 분리수거 2차
semyeondae,세면대,65,25,90,0,버리는법 2차 / 분리수거 2차
hwajangdae,화장대,75,10,85,0,버리는법 4차 / 분리수거 4차
gijeogwi,기저귀,70,15,85,0,버리는법 2차 / 분리수거 2차
siktak,식탁,55,25,80,0,버리는법 4차 / 분리수거 4차
doenjang,된장 고추장,55,10,65,0,버리는법 2차 / 분리수거 2차
nakyeop,낙엽,50,10,60,0,버리는법 4차 / 분리수거 4차
renjeu,렌즈,45,15,60,0,버리는법 2차 / 분리수거 2차
keopijjikkeogi,커피찌꺼기,25,35,60,0,버리는법 2차 / 분리수거 2차
munjjak,문짝,35,10,45,0,버리는법 4차 / 분리수거 4차
jaebongteul,재봉틀,35,10,45,0,버리는법 2차 / 분리수거 2차
seonban,선반,25,15,40,0,버리는법 4차 / 분리수거 4차
namutgaji,나뭇가지,30,10,40,0,버리는법 2차 / 분리수거 2차
galbippyeo,갈비뼈,10,25,35,0,버리는법 4차 / 분리수거 4차
hwabyeong,화병,25,10,35,0,버리는법 2차 / 분리수거 2차
reoningmeosin,러닝머신,10,10,20,0,버리는법 4차 / 분리수거 4차
boilreo,보일러,10,10,20,0,버리는법 4차 / 분리수거 4차
