slug,name,monthly_volume,region_varies,competitor_has,housing_split,published
ibul,이불,26905,false,true,false,false
seonpunggi,선풍기,12120,true,false,false,false
huraipaen,후라이팬,12100,true,true,false,false
yuri,유리,11395,false,true,false,false
baeteori,배터리,10345,false,true,false,false
usan,우산,9450,true,true,false,false
kaerieo,캐리어,8730,true,true,false,false
hwabun,화분,8635,false,true,false,false
geureut,그릇,7780,true,true,false,false
inhyeong,인형,7110,false,false,false,false
sinbal,신발,6595,false,true,false,false
chimdae,침대,6515,false,true,false,false
begae,베개,6290,true,true,false,false
naembi,냄비,5910,true,true,false,false
maeteuriseu,매트리스,5420,false,true,false,false
uija,의자,4270,false,true,false,false
subakkkeopjil,수박껍질,3850,true,true,false,false
sohwagi,소화기,3795,false,false,false,false
geonjeonji,건전지,3760,true,true,false,false
sugeon,수건,3700,false,true,false,false
sikyongyu,식용유,3430,false,true,false,false
anmauija,안마의자,3330,false,true,false,false
syopa,쇼파,3300,false,true,false,false
doma,도마,3120,false,true,false,false
somibul,솜이불,2980,true,true,false,false
noteubuk,노트북,2970,false,true,false,false
bananakkeopjil,바나나껍질,2710,true,true,false,false
cheongsogi,청소기,2600,false,false,false,false
gabang,가방,2460,false,true,false,false
ppalraegeonjodae,빨래건조대,2400,false,false,false,false
keompyuteo,컴퓨터,2375,false,true,false,false
gireum,기름,2230,false,true,false,false
seutiropom,스티로폼,2120,false,true,false,false
sopa,소파,1985,false,true,false,false
jangnangam,장난감,1965,false,true,false,false
naengjanggo,냉장고,1910,false,true,false,false
heonot,헌옷,1765,false,true,false,false
geoul,거울,1690,false,true,false,false
jeonjareinji,전자레인지,1550,false,false,false,false
reogeu,러그,1490,false,false,false,false
chaeksang,책상,1455,false,true,false,false
bapsot,밥솥,1320,false,false,false,false
hwajangpum,화장품,1310,false,true,false,false
hyangsu,향수,1280,false,true,false,false
jajeongeo,자전거,1230,false,false,false,false
piano,피아노,1160,false,false,false,false
gimchi,김치,1040,false,true,false,false
kasiteu,카시트,990,false,false,false,false
chikinppyeo,치킨뼈,960,false,true,false,false
jangpan,장판,930,false,true,false,false
moniteo,모니터,750,false,true,false,false
onsumaeteu,온수매트,630,false,true,false,false
otjang,옷장,460,false,true,false,false
jangnong,장농,455,false,false,false,false
siktak,식탁,440,false,false,false,false
gaseureinji,가스레인지,430,false,false,false,false
otgeoli,옷걸이,390,false,true,false,false
jeongijangpan,전기장판,380,true,true,false,false
setakgi,세탁기,340,false,true,false,false
hyudaepon,휴대폰,300,false,true,false,false
jeonjapiano,전자피아노,255,false,false,false,false
byeongi,변기,240,false,true,false,false
haenggeo,행거,230,false,false,false,false
chaekjang,책장,220,false,true,false,false
golpeuchae,골프채,210,false,false,false,false
gaseurenji,가스렌지,205,false,false,false,false
gimchinaengjanggo,김치냉장고,170,false,true,false,false
hyeonggwangdeung,형광등,160,false,true,false,false
heukchimdae,흙침대,145,false,true,false,false
gyerankkeopjil,계란껍질,130,false,false,false,false
hwajangdae,화장대,120,false,false,false,false
seorapjang,서랍장,110,false,false,false,false
geumgo,금고,105,false,false,false,false
golpeugabang,골프가방,100,false,true,false,false
jongikeop,종이컵,100,true,true,false,false
jongi,종이,95,false,true,false,false
tail,타일,95,false,false,false,false
peteubyeong,페트병,70,false,true,false,false
yangpakkeopjil,양파껍질,65,false,true,false,false
eohang,어항,60,false,false,false,false
uyupaek,우유팩,55,false,true,false,false
peurinteo,프린터,50,false,true,false,false
binil,비닐,45,true,true,false,false
munjjak,문짝,35,false,false,false,false
gwailkkeopjil,과일껍질,35,false,true,false,false
reoningmeosin,러닝머신,25,false,false,false,false
seonban,선반,25,false,false,false,false
aekja,액자,25,false,false,false,false
nakyeop,낙엽,10,false,false,false,false
daiso,다이소,10,false,false,false,false
boilreo,보일러,10,false,false,false,false
galbippyeo,갈비뼈,10,false,false,false,false
